timestamp_utc,symbol,funding_rate,funding_interval_ms
2023-05-01T00:00:00Z,BTCUSDT,2.435e-05,28800000
2023-05-01T08:00:00Z,BTCUSDT,-6.37e-05,28800000
2023-05-01T16:00:00Z,BTCUSDT,5.66e-06,28800000
2023-05-02T00:00:00Z,BTCUSDT,9.68e-06,28800000
2023-05-02T08:00:00Z,BTCUSDT,6.135e-05,28800000
2023-05-02T16:00:00Z,BTCUSDT,1.204e-05,28800000
2023-05-03T00:00:00Z,BTCUSDT,8.568e-05,28800000
2023-05-03T08:00:00Z,BTCUSDT,5.435e-05,28800000
2023-05-03T16:00:00Z,BTCUSDT,5.701e-05,28800000
2023-05-04T00:00:00Z,BTCUSDT,0.0001,28800000
2023-05-04T08:00:00Z,BTCUSDT,9.992e-05,28800000
2023-05-04T16:00:00Z,BTCUSDT,4.314e-05,28800000
2023-05-05T00:00:00Z,BTCUSDT,3.731e-05,28800000
2023-05-05T08:00:00Z,BTCUSDT,9.909e-05,28800000
2023-05-05T16:00:00Z,BTCUSDT,8.548e-05,28800000
2023-05-06T00:00:00Z,BTCUSDT,0.0001,28800000
2023-05-06T08:00:00Z,BTCUSDT,0.0001,28800000
2023-05-06T16:00:00Z,BTCUSDT,0.0001,28800000
2023-05-07T00:00:00Z,BTCUSDT,4.321e-05,28800000
2023-05-07T08:00:00Z,BTCUSDT,4.047e-05,28800000
2023-05-07T16:00:00Z,BTCUSDT,6.046e-05,28800000
2023-05-08T00:00:00Z,BTCUSDT,7.2e-06,28800000
2023-05-08T08:00:00Z,BTCUSDT,4.07e-06,28800000
2023-05-08T16:00:00Z,BTCUSDT,3.902e-05,28800000
2023-05-09T00:00:00Z,BTCUSDT,5.11e-05,28800000
2023-05-09T08:00:00Z,BTCUSDT,6.841e-05,28800000
2023-05-09T16:00:00Z,BTCUSDT,3.78e-06,28800000
2023-05-10T00:00:00Z,BTCUSDT,3.752e-05,28800000
2023-05-10T08:00:00Z,BTCUSDT,4.785e-05,28800000
2023-05-10T16:00:00Z,BTCUSDT,3.792e-05,28800000
2023-05-11T00:00:00Z,BTCUSDT,1.596e-05,28800000
2023-05-11T08:00:00Z,BTCUSDT,6.926e-05,28800000
2023-05-11T16:00:00Z,BTCUSDT,5.207e-05,28800000
2023-05-12T00:00:00Z,BTCUSDT,3.633e-05,28800000
2023-05-12T08:00:00Z,BTCUSDT,3.964e-05,28800000
2023-05-12T16:00:00Z,BTCUSDT,2.762e-05,28800000
2023-05-13T00:00:00Z,BTCUSDT,-1e-07,28800000
2023-05-13T08:00:00Z,BTCUSDT,5.385e-05,28800000
2023-05-13T16:00:00Z,BTCUSDT,4.494e-05,28800000
2023-05-14T00:00:00Z,BTCUSDT,1.715e-05,28800000
2023-05-14T08:00:00Z,BTCUSDT,3.039e-05,28800000
2023-05-14T16:00:00Z,BTCUSDT,3.537e-05,28800000
2023-05-15T00:00:00Z,BTCUSDT,4.407e-05,28800000
2023-05-15T08:00:00Z,BTCUSDT,-1.576e-05,28800000
2023-05-15T16:00:00Z,BTCUSDT,-1.9e-06,28800000
2023-05-16T00:00:00Z,BTCUSDT,8.66e-05,28800000
2023-05-16T08:00:00Z,BTCUSDT,3.165e-05,28800000
2023-05-16T16:00:00Z,BTCUSDT,5.8e-05,28800000
2023-05-17T00:00:00Z,BTCUSDT,8.392e-05,28800000
2023-05-17T08:00:00Z,BTCUSDT,7.029e-05,28800000
2023-05-17T16:00:00Z,BTCUSDT,4.461e-05,28800000
2023-05-18T00:00:00Z,BTCUSDT,0.0001,28800000
2023-05-18T08:00:00Z,BTCUSDT,0.0001,28800000
2023-05-18T16:00:00Z,BTCUSDT,8.342e-05,28800000
2023-05-19T00:00:00Z,BTCUSDT,2.716e-05,28800000
2023-05-19T08:00:00Z,BTCUSDT,4.474e-05,28800000
2023-05-19T16:00:00Z,BTCUSDT,3.815e-05,28800000
2023-05-20T00:00:00Z,BTCUSDT,5.313e-05,28800000
2023-05-20T08:00:00Z,BTCUSDT,2.455e-05,28800000
2023-05-20T16:00:00Z,BTCUSDT,-8.49e-06,28800000
2023-05-21T00:00:00Z,BTCUSDT,4.776e-05,28800000
2023-05-21T08:00:00Z,BTCUSDT,7.262e-05,28800000
2023-05-21T16:00:00Z,BTCUSDT,5.071e-05,28800000
2023-05-22T00:00:00Z,BTCUSDT,3.019e-05,28800000
2023-05-22T08:00:00Z,BTCUSDT,2.1e-06,28800000
2023-05-22T16:00:00Z,BTCUSDT,4.77e-05,28800000
2023-05-23T00:00:00Z,BTCUSDT,0.0001,28800000
2023-05-23T08:00:00Z,BTCUSDT,0.0001,28800000
2023-05-23T16:00:00Z,BTCUSDT,0.0001,28800000
2023-05-24T00:00:00Z,BTCUSDT,0.0001,28800000
2023-05-24T08:00:00Z,BTCUSDT,2.067e-05,28800000
2023-05-24T16:00:00Z,BTCUSDT,4.362e-05,28800000
2023-05-25T00:00:00Z,BTCUSDT,5.82e-05,28800000
2023-05-25T08:00:00Z,BTCUSDT,0.0001,28800000
2023-05-25T16:00:00Z,BTCUSDT,0.0001,28800000
2023-05-26T00:00:00Z,BTCUSDT,0.0001,28800000
2023-05-26T08:00:00Z,BTCUSDT,9.583e-05,28800000
2023-05-26T16:00:00Z,BTCUSDT,4.953e-05,28800000
2023-05-27T00:00:00Z,BTCUSDT,7.146e-05,28800000
2023-05-27T08:00:00Z,BTCUSDT,8.564e-05,28800000
2023-05-27T16:00:00Z,BTCUSDT,7.362e-05,28800000
2023-05-28T00:00:00Z,BTCUSDT,9.88e-05,28800000
2023-05-28T08:00:00Z,BTCUSDT,0.0001,28800000
2023-05-28T16:00:00Z,BTCUSDT,0.0001,28800000
2023-05-29T00:00:00Z,BTCUSDT,0.0001,28800000
2023-05-29T08:00:00Z,BTCUSDT,0.0001,28800000
2023-05-29T16:00:00Z,BTCUSDT,0.0001,28800000
2023-05-30T00:00:00Z,BTCUSDT,6.187e-05,28800000
2023-05-30T08:00:00Z,BTCUSDT,9.036e-05,28800000
2023-05-30T16:00:00Z,BTCUSDT,3.861e-05,28800000
2023-05-31T00:00:00Z,BTCUSDT,2.344e-05,28800000
2023-05-31T08:00:00Z,BTCUSDT,2.864e-05,28800000
2023-05-31T16:00:00Z,BTCUSDT,9.865e-05,28800000
2023-06-01T00:00:00Z,BTCUSDT,2.096e-05,28800000
2023-06-01T08:00:00Z,BTCUSDT,9.641e-05,28800000
2023-06-01T16:00:00Z,BTCUSDT,0.0001,28800000
2023-06-02T00:00:00Z,BTCUSDT,4.77e-05,28800000
2023-06-02T08:00:00Z,BTCUSDT,9.266e-05,28800000
2023-06-02T16:00:00Z,BTCUSDT,9.946e-05,28800000
2023-06-03T00:00:00Z,BTCUSDT,7.42e-05,28800000
2023-06-03T08:00:00Z,BTCUSDT,0.0001,28800000
2023-06-03T16:00:00Z,BTCUSDT,5.566e-05,28800000
2023-06-04T00:00:00Z,BTCUSDT,4.85e-05,28800000
2023-06-04T08:00:00Z,BTCUSDT,0.0001,28800000
2023-06-04T16:00:00Z,BTCUSDT,0.0001,28800000
2023-06-05T00:00:00Z,BTCUSDT,0.0001,28800000
2023-06-05T08:00:00Z,BTCUSDT,9.538e-05,28800000
2023-06-05T16:00:00Z,BTCUSDT,7.856e-05,28800000
2023-06-06T00:00:00Z,BTCUSDT,-7.157e-05,28800000
2023-06-06T08:00:00Z,BTCUSDT,-3.047e-05,28800000
2023-06-06T16:00:00Z,BTCUSDT,4.288e-05,28800000
2023-06-07T00:00:00Z,BTCUSDT,0.0001,28800000
2023-06-07T08:00:00Z,BTCUSDT,0.0001,28800000
2023-06-07T16:00:00Z,BTCUSDT,4.005e-05,28800000
2023-06-08T00:00:00Z,BTCUSDT,5.504e-05,28800000
2023-06-08T08:00:00Z,BTCUSDT,3.09e-05,28800000
2023-06-08T16:00:00Z,BTCUSDT,4.011e-05,28800000
2023-06-09T00:00:00Z,BTCUSDT,6.588e-05,28800000
2023-06-09T08:00:00Z,BTCUSDT,7.916e-05,28800000
2023-06-09T16:00:00Z,BTCUSDT,4.404e-05,28800000
2023-06-10T00:00:00Z,BTCUSDT,8.702e-05,28800000
2023-06-10T08:00:00Z,BTCUSDT,2.417e-05,28800000
2023-06-10T16:00:00Z,BTCUSDT,3.854e-05,28800000
2023-06-11T00:00:00Z,BTCUSDT,4.45e-05,28800000
2023-06-11T08:00:00Z,BTCUSDT,3.197e-05,28800000
2023-06-11T16:00:00Z,BTCUSDT,5.925e-05,28800000
2023-06-12T00:00:00Z,BTCUSDT,8.66e-05,28800000
2023-06-12T08:00:00Z,BTCUSDT,3.065e-05,28800000
2023-06-12T16:00:00Z,BTCUSDT,3.624e-05,28800000
2023-06-13T00:00:00Z,BTCUSDT,0.0001,28800000
2023-06-13T08:00:00Z,BTCUSDT,6.18e-05,28800000
2023-06-13T16:00:00Z,BTCUSDT,6.503e-05,28800000
2023-06-14T00:00:00Z,BTCUSDT,2.438e-05,28800000
2023-06-14T08:00:00Z,BTCUSDT,2.716e-05,28800000
2023-06-14T16:00:00Z,BTCUSDT,3.661e-05,28800000
2023-06-15T00:00:00Z,BTCUSDT,-3.265e-05,28800000
2023-06-15T08:00:00Z,BTCUSDT,6.193e-05,28800000
2023-06-15T16:00:00Z,BTCUSDT,6.687e-05,28800000
2023-06-16T00:00:00Z,BTCUSDT,3.971e-05,28800000
2023-06-16T08:00:00Z,BTCUSDT,7.81e-06,28800000
2023-06-16T16:00:00Z,BTCUSDT,2.36e-06,28800000
2023-06-17T00:00:00Z,BTCUSDT,9.868e-05,28800000
2023-06-17T08:00:00Z,BTCUSDT,0.0001,28800000
2023-06-17T16:00:00Z,BTCUSDT,7.543e-05,28800000
2023-06-18T00:00:00Z,BTCUSDT,3.706e-05,28800000
2023-06-18T08:00:00Z,BTCUSDT,8.233e-05,28800000
2023-06-18T16:00:00Z,BTCUSDT,6.705e-05,28800000
2023-06-19T00:00:00Z,BTCUSDT,7.04e-05,28800000
2023-06-19T08:00:00Z,BTCUSDT,6.397e-05,28800000
2023-06-19T16:00:00Z,BTCUSDT,3.69e-05,28800000
2023-06-20T00:00:00Z,BTCUSDT,4.35e-05,28800000
2023-06-20T08:00:00Z,BTCUSDT,-4.48e-06,28800000
2023-06-20T16:00:00Z,BTCUSDT,-2.597e-05,28800000
2023-06-21T00:00:00Z,BTCUSDT,6.295e-05,28800000
2023-06-21T08:00:00Z,BTCUSDT,0.0001,28800000
2023-06-21T16:00:00Z,BTCUSDT,2.551e-05,28800000
2023-06-22T00:00:00Z,BTCUSDT,0.0001,28800000
2023-06-22T08:00:00Z,BTCUSDT,0.0001,28800000
2023-06-22T16:00:00Z,BTCUSDT,9.236e-05,28800000
2023-06-23T00:00:00Z,BTCUSDT,0.0001,28800000
2023-06-23T08:00:00Z,BTCUSDT,0.0001,28800000
2023-06-23T16:00:00Z,BTCUSDT,0.0001,28800000
2023-06-24T00:00:00Z,BTCUSDT,0.0001,28800000
2023-06-24T08:00:00Z,BTCUSDT,0.0001,28800000
2023-06-24T16:00:00Z,BTCUSDT,0.0001,28800000
2023-06-25T00:00:00Z,BTCUSDT,0.0001,28800000
2023-06-25T08:00:00Z,BTCUSDT,0.0001,28800000
2023-06-25T16:00:00Z,BTCUSDT,0.0001,28800000
2023-06-26T00:00:00Z,BTCUSDT,0.0001,28800000
2023-06-26T08:00:00Z,BTCUSDT,0.0001,28800000
2023-06-26T16:00:00Z,BTCUSDT,0.0001,28800000
2023-06-27T00:00:00Z,BTCUSDT,0.0001,28800000
2023-06-27T08:00:00Z,BTCUSDT,0.0001,28800000
2023-06-27T16:00:00Z,BTCUSDT,0.0001,28800000
2023-06-28T00:00:00Z,BTCUSDT,0.0001,28800000
2023-06-28T08:00:00Z,BTCUSDT,9.302e-05,28800000
2023-06-28T16:00:00Z,BTCUSDT,4.598e-05,28800000
2023-06-29T00:00:00Z,BTCUSDT,6.574e-05,28800000
2023-06-29T08:00:00Z,BTCUSDT,9.3e-05,28800000
2023-06-29T16:00:00Z,BTCUSDT,0.0001,28800000
2023-06-30T00:00:00Z,BTCUSDT,0.0001,28800000
2023-06-30T08:00:00Z,BTCUSDT,0.0001,28800000
2023-06-30T16:00:00Z,BTCUSDT,0.0001,28800000
2023-07-01T00:00:00Z,BTCUSDT,0.0001,28800000
2023-07-01T08:00:00Z,BTCUSDT,0.0001,28800000
2023-07-01T16:00:00Z,BTCUSDT,0.0001,28800000
2023-07-02T00:00:00Z,BTCUSDT,0.0001,28800000
2023-07-02T08:00:00Z,BTCUSDT,0.0001,28800000
2023-07-02T16:00:00Z,BTCUSDT,0.0001,28800000
2023-07-03T00:00:00Z,BTCUSDT,0.0001,28800000
2023-07-03T08:00:00Z,BTCUSDT,0.0001,28800000
2023-07-03T16:00:00Z,BTCUSDT,0.0001,28800000
2023-07-04T00:00:00Z,BTCUSDT,0.0001,28800000
2023-07-04T08:00:00Z,BTCUSDT,0.0001,28800000
2023-07-04T16:00:00Z,BTCUSDT,0.0001,28800000
2023-07-05T00:00:00Z,BTCUSDT,0.0001,28800000
2023-07-05T08:00:00Z,BTCUSDT,0.0001,28800000
2023-07-05T16:00:00Z,BTCUSDT,0.0001,28800000
2023-07-06T00:00:00Z,BTCUSDT,0.0001,28800000
2023-07-06T08:00:00Z,BTCUSDT,7.72e-05,28800000
2023-07-06T16:00:00Z,BTCUSDT,1.492e-05,28800000
2023-07-07T00:00:00Z,BTCUSDT,6.98e-06,28800000
2023-07-07T08:00:00Z,BTCUSDT,4.221e-05,28800000
2023-07-07T16:00:00Z,BTCUSDT,-6.58e-06,28800000
2023-07-08T00:00:00Z,BTCUSDT,3.757e-05,28800000
2023-07-08T08:00:00Z,BTCUSDT,2.631e-05,28800000
2023-07-08T16:00:00Z,BTCUSDT,1.686e-05,28800000
2023-07-09T00:00:00Z,BTCUSDT,5.707e-05,28800000
2023-07-09T08:00:00Z,BTCUSDT,6.821e-05,28800000
2023-07-09T16:00:00Z,BTCUSDT,6.153e-05,28800000
2023-07-10T00:00:00Z,BTCUSDT,-2.182e-05,28800000
2023-07-10T08:00:00Z,BTCUSDT,4.85e-05,28800000
2023-07-10T16:00:00Z,BTCUSDT,2.995e-05,28800000
2023-07-11T00:00:00Z,BTCUSDT,8.01e-05,28800000
2023-07-11T08:00:00Z,BTCUSDT,8.265e-05,28800000
2023-07-11T16:00:00Z,BTCUSDT,3.954e-05,28800000
2023-07-12T00:00:00Z,BTCUSDT,7.041e-05,28800000
2023-07-12T08:00:00Z,BTCUSDT,6.479e-05,28800000
2023-07-12T16:00:00Z,BTCUSDT,4.65e-05,28800000
2023-07-13T00:00:00Z,BTCUSDT,-1.135e-05,28800000
2023-07-13T08:00:00Z,BTCUSDT,6.12e-05,28800000
2023-07-13T16:00:00Z,BTCUSDT,5.29e-06,28800000
2023-07-14T00:00:00Z,BTCUSDT,0.0001,28800000
2023-07-14T08:00:00Z,BTCUSDT,0.0001,28800000
2023-07-14T16:00:00Z,BTCUSDT,0.0001,28800000
2023-07-15T00:00:00Z,BTCUSDT,-7.313e-05,28800000
2023-07-15T08:00:00Z,BTCUSDT,3.007e-05,28800000
2023-07-15T16:00:00Z,BTCUSDT,2.984e-05,28800000
2023-07-16T00:00:00Z,BTCUSDT,1.993e-05,28800000
2023-07-16T08:00:00Z,BTCUSDT,7.772e-05,28800000
2023-07-16T16:00:00Z,BTCUSDT,4.583e-05,28800000
2023-07-17T00:00:00Z,BTCUSDT,2.785e-05,28800000
2023-07-17T08:00:00Z,BTCUSDT,6.278e-05,28800000
2023-07-17T16:00:00Z,BTCUSDT,6.261e-05,28800000
2023-07-18T00:00:00Z,BTCUSDT,3.983e-05,28800000
2023-07-18T08:00:00Z,BTCUSDT,6.798e-05,28800000
2023-07-18T16:00:00Z,BTCUSDT,7.477e-05,28800000
2023-07-19T00:00:00Z,BTCUSDT,0.0001,28800000
2023-07-19T08:00:00Z,BTCUSDT,5.224e-05,28800000
2023-07-19T16:00:00Z,BTCUSDT,7.69e-05,28800000
2023-07-20T00:00:00Z,BTCUSDT,2.652e-05,28800000
2023-07-20T08:00:00Z,BTCUSDT,9.641e-05,28800000
2023-07-20T16:00:00Z,BTCUSDT,5.563e-05,28800000
2023-07-21T00:00:00Z,BTCUSDT,2.877e-05,28800000
2023-07-21T08:00:00Z,BTCUSDT,7.77e-06,28800000
2023-07-21T16:00:00Z,BTCUSDT,3.717e-05,28800000
2023-07-22T00:00:00Z,BTCUSDT,2.195e-05,28800000
2023-07-22T08:00:00Z,BTCUSDT,9.44e-06,28800000
2023-07-22T16:00:00Z,BTCUSDT,1.77e-06,28800000
2023-07-23T00:00:00Z,BTCUSDT,2.908e-05,28800000
2023-07-23T08:00:00Z,BTCUSDT,0.0001,28800000
2023-07-23T16:00:00Z,BTCUSDT,9.372e-05,28800000
2023-07-24T00:00:00Z,BTCUSDT,0.0001,28800000
2023-07-24T08:00:00Z,BTCUSDT,4.338e-05,28800000
2023-07-24T16:00:00Z,BTCUSDT,0.0001,28800000
2023-07-25T00:00:00Z,BTCUSDT,7.702e-05,28800000
2023-07-25T08:00:00Z,BTCUSDT,6.913e-05,28800000
2023-07-25T16:00:00Z,BTCUSDT,9.465e-05,28800000
2023-07-26T00:00:00Z,BTCUSDT,9.451e-05,28800000
2023-07-26T08:00:00Z,BTCUSDT,0.0001,28800000
2023-07-26T16:00:00Z,BTCUSDT,5.768e-05,28800000
2023-07-27T00:00:00Z,BTCUSDT,3.136e-05,28800000
2023-07-27T08:00:00Z,BTCUSDT,3.83e-05,28800000
2023-07-27T16:00:00Z,BTCUSDT,2.876e-05,28800000
2023-07-28T00:00:00Z,BTCUSDT,4.373e-05,28800000
2023-07-28T08:00:00Z,BTCUSDT,6.675e-05,28800000
2023-07-28T16:00:00Z,BTCUSDT,0.0001,28800000
2023-07-29T00:00:00Z,BTCUSDT,0.0001,28800000
2023-07-29T08:00:00Z,BTCUSDT,4.567e-05,28800000
2023-07-29T16:00:00Z,BTCUSDT,7.53e-05,28800000
2023-07-30T00:00:00Z,BTCUSDT,8.151e-05,28800000
2023-07-30T08:00:00Z,BTCUSDT,5.56e-05,28800000
2023-07-30T16:00:00Z,BTCUSDT,4.357e-05,28800000
2023-07-31T00:00:00Z,BTCUSDT,2.369e-05,28800000
2023-07-31T08:00:00Z,BTCUSDT,7.362e-05,28800000
2023-07-31T16:00:00Z,BTCUSDT,8.239e-05,28800000
2023-08-01T00:00:00Z,BTCUSDT,6.3e-05,28800000
2023-08-01T08:00:00Z,BTCUSDT,6.768e-05,28800000
2023-08-01T16:00:00Z,BTCUSDT,0.0001,28800000
2023-08-02T00:00:00Z,BTCUSDT,0.0001,28800000
2023-08-02T08:00:00Z,BTCUSDT,0.0001,28800000
2023-08-02T16:00:00Z,BTCUSDT,0.0001,28800000
2023-08-03T00:00:00Z,BTCUSDT,0.0001,28800000
2023-08-03T08:00:00Z,BTCUSDT,0.0001,28800000
2023-08-03T16:00:00Z,BTCUSDT,0.0001,28800000
2023-08-04T00:00:00Z,BTCUSDT,8.116e-05,28800000
2023-08-04T08:00:00Z,BTCUSDT,0.0001,28800000
2023-08-04T16:00:00Z,BTCUSDT,0.0001,28800000
2023-08-05T00:00:00Z,BTCUSDT,4.181e-05,28800000
2023-08-05T08:00:00Z,BTCUSDT,0.0001,28800000
2023-08-05T16:00:00Z,BTCUSDT,0.0001,28800000
2023-08-06T00:00:00Z,BTCUSDT,0.0001,28800000
2023-08-06T08:00:00Z,BTCUSDT,0.0001,28800000
2023-08-06T16:00:00Z,BTCUSDT,0.0001,28800000
2023-08-07T00:00:00Z,BTCUSDT,0.0001,28800000
2023-08-07T08:00:00Z,BTCUSDT,7.669e-05,28800000
2023-08-07T16:00:00Z,BTCUSDT,0.0001,28800000
2023-08-08T00:00:00Z,BTCUSDT,0.0001,28800000
2023-08-08T08:00:00Z,BTCUSDT,9.136e-05,28800000
2023-08-08T16:00:00Z,BTCUSDT,5.944e-05,28800000
2023-08-09T00:00:00Z,BTCUSDT,8.11e-05,28800000
2023-08-09T08:00:00Z,BTCUSDT,9.527e-05,28800000
2023-08-09T16:00:00Z,BTCUSDT,8.877e-05,28800000
2023-08-10T00:00:00Z,BTCUSDT,0.0001,28800000
2023-08-10T08:00:00Z,BTCUSDT,0.0001,28800000
2023-08-10T16:00:00Z,BTCUSDT,8.277e-05,28800000
2023-08-11T00:00:00Z,BTCUSDT,0.0001,28800000
2023-08-11T08:00:00Z,BTCUSDT,0.0001,28800000
2023-08-11T16:00:00Z,BTCUSDT,7.123e-05,28800000
2023-08-12T00:00:00Z,BTCUSDT,0.0001,28800000
2023-08-12T08:00:00Z,BTCUSDT,0.0001,28800000
2023-08-12T16:00:00Z,BTCUSDT,9.305e-05,28800000
2023-08-13T00:00:00Z,BTCUSDT,0.0001,28800000
2023-08-13T08:00:00Z,BTCUSDT,4.637e-05,28800000
2023-08-13T16:00:00Z,BTCUSDT,0.0001,28800000
2023-08-14T00:00:00Z,BTCUSDT,0.0001,28800000
2023-08-14T08:00:00Z,BTCUSDT,0.0001,28800000
2023-08-14T16:00:00Z,BTCUSDT,0.0001,28800000
2023-08-15T00:00:00Z,BTCUSDT,0.0001,28800000
2023-08-15T08:00:00Z,BTCUSDT,0.0001,28800000
2023-08-15T16:00:00Z,BTCUSDT,0.0001,28800000
2023-08-16T00:00:00Z,BTCUSDT,0.0001,28800000
2023-08-16T08:00:00Z,BTCUSDT,0.0001,28800000
2023-08-16T16:00:00Z,BTCUSDT,0.0001,28800000
2023-08-17T00:00:00Z,BTCUSDT,0.0001,28800000
2023-08-17T08:00:00Z,BTCUSDT,0.0001,28800000
2023-08-17T16:00:00Z,BTCUSDT,0.0001,28800000
2023-08-18T00:00:00Z,BTCUSDT,0.0001,28800000
2023-08-18T08:00:00Z,BTCUSDT,-4.6e-07,28800000
2023-08-18T16:00:00Z,BTCUSDT,5.166e-05,28800000
2023-08-19T00:00:00Z,BTCUSDT,-2.74e-06,28800000
2023-08-19T08:00:00Z,BTCUSDT,-3.22e-06,28800000
2023-08-19T16:00:00Z,BTCUSDT,-5.286e-05,28800000
2023-08-20T00:00:00Z,BTCUSDT,-3.069e-05,28800000
2023-08-20T08:00:00Z,BTCUSDT,-4.364e-05,28800000
2023-08-20T16:00:00Z,BTCUSDT,-1.93e-06,28800000
2023-08-21T00:00:00Z,BTCUSDT,-2.797e-05,28800000
2023-08-21T08:00:00Z,BTCUSDT,8.16e-06,28800000
2023-08-21T16:00:00Z,BTCUSDT,-1.619e-05,28800000
2023-08-22T00:00:00Z,BTCUSDT,-3.08e-06,28800000
2023-08-22T08:00:00Z,BTCUSDT,-1.928e-05,28800000
2023-08-22T16:00:00Z,BTCUSDT,3.048e-05,28800000
2023-08-23T00:00:00Z,BTCUSDT,7.39e-06,28800000
2023-08-23T08:00:00Z,BTCUSDT,-1.02e-05,28800000
2023-08-23T16:00:00Z,BTCUSDT,3.247e-05,28800000
2023-08-24T00:00:00Z,BTCUSDT,-2.822e-05,28800000
2023-08-24T08:00:00Z,BTCUSDT,2.506e-05,28800000
2023-08-24T16:00:00Z,BTCUSDT,4.9e-05,28800000
2023-08-25T00:00:00Z,BTCUSDT,-6.59e-06,28800000
2023-08-25T08:00:00Z,BTCUSDT,2.802e-05,28800000
2023-08-25T16:00:00Z,BTCUSDT,5.218e-05,28800000
2023-08-26T00:00:00Z,BTCUSDT,3.82e-05,28800000
2023-08-26T08:00:00Z,BTCUSDT,5.334e-05,28800000
2023-08-26T16:00:00Z,BTCUSDT,2.096e-05,28800000
2023-08-27T00:00:00Z,BTCUSDT,9.9e-07,28800000
2023-08-27T08:00:00Z,BTCUSDT,3.976e-05,28800000
2023-08-27T16:00:00Z,BTCUSDT,1.232e-05,28800000
2023-08-28T00:00:00Z,BTCUSDT,-3.95e-06,28800000
2023-08-28T08:00:00Z,BTCUSDT,4.424e-05,28800000
2023-08-28T16:00:00Z,BTCUSDT,4.524e-05,28800000
2023-08-29T00:00:00Z,BTCUSDT,8.24e-06,28800000
2023-08-29T08:00:00Z,BTCUSDT,3.769e-05,28800000
2023-08-29T16:00:00Z,BTCUSDT,-0.00010934,28800000
2023-08-30T00:00:00Z,BTCUSDT,4.868e-05,28800000
2023-08-30T08:00:00Z,BTCUSDT,5.731e-05,28800000
2023-08-30T16:00:00Z,BTCUSDT,3.944e-05,28800000
2023-08-31T00:00:00Z,BTCUSDT,2.909e-05,28800000
2023-08-31T08:00:00Z,BTCUSDT,6.859e-05,28800000
2023-08-31T16:00:00Z,BTCUSDT,8.105e-05,28800000
2023-09-01T00:00:00Z,BTCUSDT,2.583e-05,28800000
2023-09-01T08:00:00Z,BTCUSDT,5.968e-05,28800000
2023-09-01T16:00:00Z,BTCUSDT,6.254e-05,28800000
2023-09-02T00:00:00Z,BTCUSDT,4.998e-05,28800000
2023-09-02T08:00:00Z,BTCUSDT,1.937e-05,28800000
2023-09-02T16:00:00Z,BTCUSDT,-2.018e-05,28800000
2023-09-03T00:00:00Z,BTCUSDT,4.839e-05,28800000
2023-09-03T08:00:00Z,BTCUSDT,2.35e-06,28800000
2023-09-03T16:00:00Z,BTCUSDT,2.89e-05,28800000
2023-09-04T00:00:00Z,BTCUSDT,2.69e-05,28800000
2023-09-04T08:00:00Z,BTCUSDT,1.469e-05,28800000
2023-09-04T16:00:00Z,BTCUSDT,-1.059e-05,28800000
2023-09-05T00:00:00Z,BTCUSDT,5.3e-07,28800000
2023-09-05T08:00:00Z,BTCUSDT,1.975e-05,28800000
2023-09-05T16:00:00Z,BTCUSDT,3.366e-05,28800000
2023-09-06T00:00:00Z,BTCUSDT,1.737e-05,28800000
2023-09-06T08:00:00Z,BTCUSDT,-2.763e-05,28800000
2023-09-06T16:00:00Z,BTCUSDT,2.135e-05,28800000
2023-09-07T00:00:00Z,BTCUSDT,3.83e-05,28800000
2023-09-07T08:00:00Z,BTCUSDT,3.883e-05,28800000
2023-09-07T16:00:00Z,BTCUSDT,6.924e-05,28800000
2023-09-08T00:00:00Z,BTCUSDT,-1.525e-05,28800000
2023-09-08T08:00:00Z,BTCUSDT,5.12e-06,28800000
2023-09-08T16:00:00Z,BTCUSDT,-1.691e-05,28800000
2023-09-09T00:00:00Z,BTCUSDT,-5.057e-05,28800000
2023-09-09T08:00:00Z,BTCUSDT,-3.77e-06,28800000
2023-09-09T16:00:00Z,BTCUSDT,1.423e-05,28800000
2023-09-10T00:00:00Z,BTCUSDT,-7.3e-07,28800000
2023-09-10T08:00:00Z,BTCUSDT,3.294e-05,28800000
2023-09-10T16:00:00Z,BTCUSDT,2.609e-05,28800000
2023-09-11T00:00:00Z,BTCUSDT,-3e-06,28800000
2023-09-11T08:00:00Z,BTCUSDT,1.823e-05,28800000
2023-09-11T16:00:00Z,BTCUSDT,1.838e-05,28800000
2023-09-12T00:00:00Z,BTCUSDT,2.73e-05,28800000
2023-09-12T08:00:00Z,BTCUSDT,5.425e-05,28800000
2023-09-12T16:00:00Z,BTCUSDT,-3.502e-05,28800000
2023-09-13T00:00:00Z,BTCUSDT,2.342e-05,28800000
2023-09-13T08:00:00Z,BTCUSDT,1.26e-05,28800000
2023-09-13T16:00:00Z,BTCUSDT,3.099e-05,28800000
2023-09-14T00:00:00Z,BTCUSDT,4.61e-06,28800000
2023-09-14T08:00:00Z,BTCUSDT,3.428e-05,28800000
2023-09-14T16:00:00Z,BTCUSDT,-4.748e-05,28800000
2023-09-15T00:00:00Z,BTCUSDT,-2.641e-05,28800000
2023-09-15T08:00:00Z,BTCUSDT,-7.61e-06,28800000
2023-09-15T16:00:00Z,BTCUSDT,7.561e-05,28800000
2023-09-16T00:00:00Z,BTCUSDT,-1.381e-05,28800000
2023-09-16T08:00:00Z,BTCUSDT,-4.32e-05,28800000
2023-09-16T16:00:00Z,BTCUSDT,-3.161e-05,28800000
2023-09-17T00:00:00Z,BTCUSDT,8.97e-06,28800000
2023-09-17T08:00:00Z,BTCUSDT,1.142e-05,28800000
2023-09-17T16:00:00Z,BTCUSDT,6.49e-06,28800000
2023-09-18T00:00:00Z,BTCUSDT,-5.08e-06,28800000
2023-09-18T08:00:00Z,BTCUSDT,5.79e-06,28800000
2023-09-18T16:00:00Z,BTCUSDT,-6.774e-05,28800000
2023-09-19T00:00:00Z,BTCUSDT,2.468e-05,28800000
2023-09-19T08:00:00Z,BTCUSDT,-1.972e-05,28800000
2023-09-19T16:00:00Z,BTCUSDT,-1.756e-05,28800000
2023-09-20T00:00:00Z,BTCUSDT,-2.614e-05,28800000
2023-09-20T08:00:00Z,BTCUSDT,-3.777e-05,28800000
2023-09-20T16:00:00Z,BTCUSDT,-9.91e-06,28800000
2023-09-21T00:00:00Z,BTCUSDT,-2.9e-07,28800000
2023-09-21T08:00:00Z,BTCUSDT,4.303e-05,28800000
2023-09-21T16:00:00Z,BTCUSDT,7.429e-05,28800000
2023-09-22T00:00:00Z,BTCUSDT,-6.2e-07,28800000
2023-09-22T08:00:00Z,BTCUSDT,1.034e-05,28800000
2023-09-22T16:00:00Z,BTCUSDT,2.136e-05,28800000
2023-09-23T00:00:00Z,BTCUSDT,6.676e-05,28800000
2023-09-23T08:00:00Z,BTCUSDT,1.556e-05,28800000
2023-09-23T16:00:00Z,BTCUSDT,2.09e-06,28800000
2023-09-24T00:00:00Z,BTCUSDT,-1.392e-05,28800000
2023-09-24T08:00:00Z,BTCUSDT,4.721e-05,28800000
2023-09-24T16:00:00Z,BTCUSDT,2.887e-05,28800000
2023-09-25T00:00:00Z,BTCUSDT,-1.26e-05,28800000
2023-09-25T08:00:00Z,BTCUSDT,8.565e-05,28800000
2023-09-25T16:00:00Z,BTCUSDT,4.792e-05,28800000
2023-09-26T00:00:00Z,BTCUSDT,-3.91e-05,28800000
2023-09-26T08:00:00Z,BTCUSDT,-1.215e-05,28800000
2023-09-26T16:00:00Z,BTCUSDT,5.626e-05,28800000
2023-09-27T00:00:00Z,BTCUSDT,9.944e-05,28800000
2023-09-27T08:00:00Z,BTCUSDT,3.378e-05,28800000
2023-09-27T16:00:00Z,BTCUSDT,2.074e-05,28800000
2023-09-28T00:00:00Z,BTCUSDT,6.74e-06,28800000
2023-09-28T08:00:00Z,BTCUSDT,-1.581e-05,28800000
2023-09-28T16:00:00Z,BTCUSDT,-4.732e-05,28800000
2023-09-29T00:00:00Z,BTCUSDT,-3.894e-05,28800000
2023-09-29T08:00:00Z,BTCUSDT,-2.567e-05,28800000
2023-09-29T16:00:00Z,BTCUSDT,4.76e-06,28800000
2023-09-30T00:00:00Z,BTCUSDT,6.43e-06,28800000
2023-09-30T08:00:00Z,BTCUSDT,1.864e-05,28800000
2023-09-30T16:00:00Z,BTCUSDT,1.525e-05,28800000
2023-10-01T00:00:00Z,BTCUSDT,2.95e-06,28800000
2023-10-01T08:00:00Z,BTCUSDT,-6.19e-06,28800000
2023-10-01T16:00:00Z,BTCUSDT,-2.263e-05,28800000
2023-10-02T00:00:00Z,BTCUSDT,5.831e-05,28800000
2023-10-02T08:00:00Z,BTCUSDT,7.28e-06,28800000
2023-10-02T16:00:00Z,BTCUSDT,-1.477e-05,28800000
2023-10-03T00:00:00Z,BTCUSDT,4.172e-05,28800000
2023-10-03T08:00:00Z,BTCUSDT,1.667e-05,28800000
2023-10-03T16:00:00Z,BTCUSDT,2.5e-05,28800000
2023-10-04T00:00:00Z,BTCUSDT,6.031e-05,28800000
2023-10-04T08:00:00Z,BTCUSDT,6.2e-05,28800000
2023-10-04T16:00:00Z,BTCUSDT,-2.857e-05,28800000
2023-10-05T00:00:00Z,BTCUSDT,-3.807e-05,28800000
2023-10-05T08:00:00Z,BTCUSDT,-4.268e-05,28800000
2023-10-05T16:00:00Z,BTCUSDT,-2.302e-05,28800000
2023-10-06T00:00:00Z,BTCUSDT,-1.106e-05,28800000
2023-10-06T08:00:00Z,BTCUSDT,1.436e-05,28800000
2023-10-06T16:00:00Z,BTCUSDT,-3.149e-05,28800000
2023-10-07T00:00:00Z,BTCUSDT,2.124e-05,28800000
2023-10-07T08:00:00Z,BTCUSDT,2.849e-05,28800000
2023-10-07T16:00:00Z,BTCUSDT,2.083e-05,28800000
2023-10-08T00:00:00Z,BTCUSDT,3.14e-06,28800000
2023-10-08T08:00:00Z,BTCUSDT,9.74e-06,28800000
2023-10-08T16:00:00Z,BTCUSDT,5.163e-05,28800000
2023-10-09T00:00:00Z,BTCUSDT,3.992e-05,28800000
2023-10-09T08:00:00Z,BTCUSDT,3.515e-05,28800000
2023-10-09T16:00:00Z,BTCUSDT,7.838e-05,28800000
2023-10-10T00:00:00Z,BTCUSDT,6.349e-05,28800000
2023-10-10T08:00:00Z,BTCUSDT,1.894e-05,28800000
2023-10-10T16:00:00Z,BTCUSDT,4.548e-05,28800000
2023-10-11T00:00:00Z,BTCUSDT,5.918e-05,28800000
2023-10-11T08:00:00Z,BTCUSDT,8.33e-05,28800000
2023-10-11T16:00:00Z,BTCUSDT,6.319e-05,28800000
2023-10-12T00:00:00Z,BTCUSDT,0.0001,28800000
2023-10-12T08:00:00Z,BTCUSDT,2.661e-05,28800000
2023-10-12T16:00:00Z,BTCUSDT,7.304e-05,28800000
2023-10-13T00:00:00Z,BTCUSDT,2.294e-05,28800000
2023-10-13T08:00:00Z,BTCUSDT,2.039e-05,28800000
2023-10-13T16:00:00Z,BTCUSDT,2.326e-05,28800000
2023-10-14T00:00:00Z,BTCUSDT,1.05e-06,28800000
2023-10-14T08:00:00Z,BTCUSDT,2.211e-05,28800000
2023-10-14T16:00:00Z,BTCUSDT,2.456e-05,28800000
2023-10-15T00:00:00Z,BTCUSDT,-1.509e-05,28800000
2023-10-15T08:00:00Z,BTCUSDT,4.292e-05,28800000
2023-10-15T16:00:00Z,BTCUSDT,2.224e-05,28800000
2023-10-16T00:00:00Z,BTCUSDT,5.11e-06,28800000
2023-10-16T08:00:00Z,BTCUSDT,2.8e-07,28800000
2023-10-16T16:00:00Z,BTCUSDT,9.644e-05,28800000
2023-10-17T00:00:00Z,BTCUSDT,2.04e-06,28800000
2023-10-17T08:00:00Z,BTCUSDT,1.493e-05,28800000
2023-10-17T16:00:00Z,BTCUSDT,-2.311e-05,28800000
2023-10-18T00:00:00Z,BTCUSDT,-3.343e-05,28800000
2023-10-18T08:00:00Z,BTCUSDT,-1.216e-05,28800000
2023-10-18T16:00:00Z,BTCUSDT,1.644e-05,28800000
2023-10-19T00:00:00Z,BTCUSDT,-1.028e-05,28800000
2023-10-19T08:00:00Z,BTCUSDT,-6.24e-06,28800000
2023-10-19T16:00:00Z,BTCUSDT,-0.00011006,28800000
2023-10-20T00:00:00Z,BTCUSDT,-9.272e-05,28800000
2023-10-20T08:00:00Z,BTCUSDT,1.938e-05,28800000
2023-10-20T16:00:00Z,BTCUSDT,2.687e-05,28800000
2023-10-21T00:00:00Z,BTCUSDT,-1.585e-05,28800000
2023-10-21T08:00:00Z,BTCUSDT,4.374e-05,28800000
2023-10-21T16:00:00Z,BTCUSDT,5.827e-05,28800000
2023-10-22T00:00:00Z,BTCUSDT,2.567e-05,28800000
2023-10-22T08:00:00Z,BTCUSDT,2.579e-05,28800000
2023-10-22T16:00:00Z,BTCUSDT,3.115e-05,28800000
2023-10-23T00:00:00Z,BTCUSDT,8.25e-05,28800000
2023-10-23T08:00:00Z,BTCUSDT,9.59e-05,28800000
2023-10-23T16:00:00Z,BTCUSDT,6.48e-06,28800000
2023-10-24T00:00:00Z,BTCUSDT,0.0001,28800000
2023-10-24T08:00:00Z,BTCUSDT,0.0001,28800000
2023-10-24T16:00:00Z,BTCUSDT,0.0001,28800000
2023-10-25T00:00:00Z,BTCUSDT,0.0001,28800000
2023-10-25T08:00:00Z,BTCUSDT,0.0001,28800000
2023-10-25T16:00:00Z,BTCUSDT,0.0001,28800000
2023-10-26T00:00:00Z,BTCUSDT,0.0001,28800000
2023-10-26T08:00:00Z,BTCUSDT,0.0001,28800000
2023-10-26T16:00:00Z,BTCUSDT,0.0001,28800000
2023-10-27T00:00:00Z,BTCUSDT,0.0001,28800000
2023-10-27T08:00:00Z,BTCUSDT,0.0001,28800000
2023-10-27T16:00:00Z,BTCUSDT,0.0001,28800000
2023-10-28T00:00:00Z,BTCUSDT,0.0001,28800000
2023-10-28T08:00:00Z,BTCUSDT,0.0001,28800000
2023-10-28T16:00:00Z,BTCUSDT,0.0001,28800000
2023-10-29T00:00:00Z,BTCUSDT,0.0001,28800000
2023-10-29T08:00:00Z,BTCUSDT,0.0001,28800000
2023-10-29T16:00:00Z,BTCUSDT,0.0001,28800000
2023-10-30T00:00:00Z,BTCUSDT,0.0001,28800000
2023-10-30T08:00:00Z,BTCUSDT,0.0001,28800000
2023-10-30T16:00:00Z,BTCUSDT,0.0001,28800000
2023-10-31T00:00:00Z,BTCUSDT,0.0001,28800000
2023-10-31T08:00:00Z,BTCUSDT,0.0001,28800000
2023-10-31T16:00:00Z,BTCUSDT,0.0001,28800000
2023-11-01T00:00:00Z,BTCUSDT,0.0001,28800000
2023-11-01T08:00:00Z,BTCUSDT,0.0001,28800000
2023-11-01T16:00:00Z,BTCUSDT,0.0001,28800000
2023-11-02T00:00:00Z,BTCUSDT,0.0001,28800000
2023-11-02T08:00:00Z,BTCUSDT,0.0001,28800000
2023-11-02T16:00:00Z,BTCUSDT,0.0001,28800000
2023-11-03T00:00:00Z,BTCUSDT,0.0001,28800000
2023-11-03T08:00:00Z,BTCUSDT,0.0001,28800000
2023-11-03T16:00:00Z,BTCUSDT,0.0001,28800000
2023-11-04T00:00:00Z,BTCUSDT,0.0001,28800000
2023-11-04T08:00:00Z,BTCUSDT,0.0001,28800000
2023-11-04T16:00:00Z,BTCUSDT,0.0001,28800000
2023-11-05T00:00:00Z,BTCUSDT,0.0001,28800000
2023-11-05T08:00:00Z,BTCUSDT,0.0001,28800000
2023-11-05T16:00:00Z,BTCUSDT,0.0001,28800000
2023-11-06T00:00:00Z,BTCUSDT,0.0001,28800000
2023-11-06T08:00:00Z,BTCUSDT,0.0001,28800000
2023-11-06T16:00:00Z,BTCUSDT,0.0001,28800000
2023-11-07T00:00:00Z,BTCUSDT,0.0001,28800000
2023-11-07T08:00:00Z,BTCUSDT,0.0001,28800000
2023-11-07T16:00:00Z,BTCUSDT,0.0001,28800000
2023-11-08T00:00:00Z,BTCUSDT,0.0001,28800000
2023-11-08T08:00:00Z,BTCUSDT,0.0001,28800000
2023-11-08T16:00:00Z,BTCUSDT,0.0001,28800000
2023-11-09T00:00:00Z,BTCUSDT,0.0001,28800000
2023-11-09T08:00:00Z,BTCUSDT,0.0001,28800000
2023-11-09T16:00:00Z,BTCUSDT,0.00020027,28800000
2023-11-10T00:00:00Z,BTCUSDT,0.0001,28800000
2023-11-10T08:00:00Z,BTCUSDT,0.00011682,28800000
2023-11-10T16:00:00Z,BTCUSDT,0.0001,28800000
2023-11-11T00:00:00Z,BTCUSDT,0.0001,28800000
2023-11-11T08:00:00Z,BTCUSDT,0.00016607,28800000
2023-11-11T16:00:00Z,BTCUSDT,0.00014648,28800000
2023-11-12T00:00:00Z,BTCUSDT,0.0001543,28800000
2023-11-12T08:00:00Z,BTCUSDT,0.00023487,28800000
2023-11-12T16:00:00Z,BTCUSDT,0.00027221,28800000
2023-11-13T00:00:00Z,BTCUSDT,0.00032467,28800000
2023-11-13T08:00:00Z,BTCUSDT,0.00010893,28800000
2023-11-13T16:00:00Z,BTCUSDT,0.00020492,28800000
2023-11-14T00:00:00Z,BTCUSDT,0.00017382,28800000
2023-11-14T08:00:00Z,BTCUSDT,0.00016369,28800000
2023-11-14T16:00:00Z,BTCUSDT,0.00014477,28800000
2023-11-15T00:00:00Z,BTCUSDT,0.0001,28800000
2023-11-15T08:00:00Z,BTCUSDT,0.0001,28800000
2023-11-15T16:00:00Z,BTCUSDT,0.0001,28800000
2023-11-16T00:00:00Z,BTCUSDT,0.0001,28800000
2023-11-16T08:00:00Z,BTCUSDT,0.00015199,28800000
2023-11-16T16:00:00Z,BTCUSDT,0.00012014,28800000
2023-11-17T00:00:00Z,BTCUSDT,0.0001,28800000
2023-11-17T08:00:00Z,BTCUSDT,0.0001,28800000
2023-11-17T16:00:00Z,BTCUSDT,0.0001,28800000
2023-11-18T00:00:00Z,BTCUSDT,0.0001,28800000
2023-11-18T08:00:00Z,BTCUSDT,0.0001,28800000
2023-11-18T16:00:00Z,BTCUSDT,0.0001,28800000
2023-11-19T00:00:00Z,BTCUSDT,0.0001,28800000
2023-11-19T08:00:00Z,BTCUSDT,0.0001,28800000
2023-11-19T16:00:00Z,BTCUSDT,0.0001,28800000
2023-11-20T00:00:00Z,BTCUSDT,0.0001,28800000
2023-11-20T08:00:00Z,BTCUSDT,0.0001,28800000
2023-11-20T16:00:00Z,BTCUSDT,0.0001,28800000
2023-11-21T00:00:00Z,BTCUSDT,0.0001,28800000
2023-11-21T08:00:00Z,BTCUSDT,0.0001,28800000
2023-11-21T16:00:00Z,BTCUSDT,0.0001,28800000
2023-11-22T00:00:00Z,BTCUSDT,0.0001,28800000
2023-11-22T08:00:00Z,BTCUSDT,0.0001,28800000
2023-11-22T16:00:00Z,BTCUSDT,0.0001,28800000
2023-11-23T00:00:00Z,BTCUSDT,0.0001,28800000
2023-11-23T08:00:00Z,BTCUSDT,0.0001,28800000
2023-11-23T16:00:00Z,BTCUSDT,0.0001,28800000
2023-11-24T00:00:00Z,BTCUSDT,0.0001,28800000
2023-11-24T08:00:00Z,BTCUSDT,0.0001,28800000
2023-11-24T16:00:00Z,BTCUSDT,0.0001,28800000
2023-11-25T00:00:00Z,BTCUSDT,0.0001,28800000
2023-11-25T08:00:00Z,BTCUSDT,0.0001,28800000
2023-11-25T16:00:00Z,BTCUSDT,0.0001,28800000
2023-11-26T00:00:00Z,BTCUSDT,0.0001,28800000
2023-11-26T08:00:00Z,BTCUSDT,0.0001,28800000
2023-11-26T16:00:00Z,BTCUSDT,0.0001,28800000
2023-11-27T00:00:00Z,BTCUSDT,0.0001,28800000
2023-11-27T08:00:00Z,BTCUSDT,0.0001,28800000
2023-11-27T16:00:00Z,BTCUSDT,0.0001,28800000
2023-11-28T00:00:00Z,BTCUSDT,0.0001,28800000
2023-11-28T08:00:00Z,BTCUSDT,0.0001,28800000
2023-11-28T16:00:00Z,BTCUSDT,0.0001,28800000
2023-11-29T00:00:00Z,BTCUSDT,0.0001,28800000
2023-11-29T08:00:00Z,BTCUSDT,0.0001,28800000
2023-11-29T16:00:00Z,BTCUSDT,0.0001,28800000
2023-11-30T00:00:00Z,BTCUSDT,0.0001,28800000
2023-11-30T08:00:00Z,BTCUSDT,0.0001,28800000
2023-11-30T16:00:00Z,BTCUSDT,0.0001,28800000
2023-12-01T00:00:00Z,BTCUSDT,0.0001,28800000
2023-12-01T08:00:00Z,BTCUSDT,0.0001,28800000
2023-12-01T16:00:00Z,BTCUSDT,0.0001,28800000
2023-12-02T00:00:00Z,BTCUSDT,9.95e-05,28800000
2023-12-02T08:00:00Z,BTCUSDT,6.973e-05,28800000
2023-12-02T16:00:00Z,BTCUSDT,8.541e-05,28800000
2023-12-03T00:00:00Z,BTCUSDT,0.0001,28800000
2023-12-03T08:00:00Z,BTCUSDT,0.0001,28800000
2023-12-03T16:00:00Z,BTCUSDT,0.0001,28800000
2023-12-04T00:00:00Z,BTCUSDT,0.0001,28800000
2023-12-04T08:00:00Z,BTCUSDT,0.0001,28800000
2023-12-04T16:00:00Z,BTCUSDT,0.0001,28800000
2023-12-05T00:00:00Z,BTCUSDT,0.0001,28800000
2023-12-05T08:00:00Z,BTCUSDT,0.0001,28800000
2023-12-05T16:00:00Z,BTCUSDT,0.0001,28800000
2023-12-06T00:00:00Z,BTCUSDT,0.0001,28800000
2023-12-06T08:00:00Z,BTCUSDT,0.0001,28800000
2023-12-06T16:00:00Z,BTCUSDT,0.0001,28800000
2023-12-07T00:00:00Z,BTCUSDT,0.0001,28800000
2023-12-07T08:00:00Z,BTCUSDT,0.0001,28800000
2023-12-07T16:00:00Z,BTCUSDT,0.0001,28800000
2023-12-08T00:00:00Z,BTCUSDT,0.0001,28800000
2023-12-08T08:00:00Z,BTCUSDT,0.00023288,28800000
2023-12-08T16:00:00Z,BTCUSDT,0.00020242,28800000
2023-12-09T00:00:00Z,BTCUSDT,0.00011504,28800000
2023-12-09T08:00:00Z,BTCUSDT,0.00030159,28800000
2023-12-09T16:00:00Z,BTCUSDT,0.00017192,28800000
2023-12-10T00:00:00Z,BTCUSDT,0.00020724,28800000
2023-12-10T08:00:00Z,BTCUSDT,0.00020383,28800000
2023-12-10T16:00:00Z,BTCUSDT,0.00023923,28800000
2023-12-11T00:00:00Z,BTCUSDT,0.0001473,28800000
2023-12-11T08:00:00Z,BTCUSDT,0.0001,28800000
2023-12-11T16:00:00Z,BTCUSDT,0.0001,28800000
2023-12-12T00:00:00Z,BTCUSDT,0.0001,28800000
2023-12-12T08:00:00Z,BTCUSDT,0.0001,28800000
2023-12-12T16:00:00Z,BTCUSDT,0.0001,28800000
2023-12-13T00:00:00Z,BTCUSDT,0.00011909,28800000
2023-12-13T08:00:00Z,BTCUSDT,0.00010162,28800000
2023-12-13T16:00:00Z,BTCUSDT,0.00012601,28800000
2023-12-14T00:00:00Z,BTCUSDT,0.0001,28800000
2023-12-14T08:00:00Z,BTCUSDT,0.0001,28800000
2023-12-14T16:00:00Z,BTCUSDT,0.0001,28800000
2023-12-15T00:00:00Z,BTCUSDT,0.0001,28800000
2023-12-15T08:00:00Z,BTCUSDT,0.0001,28800000
2023-12-15T16:00:00Z,BTCUSDT,0.0001,28800000
2023-12-16T00:00:00Z,BTCUSDT,0.0001,28800000
2023-12-16T08:00:00Z,BTCUSDT,0.0001,28800000
2023-12-16T16:00:00Z,BTCUSDT,0.0001,28800000
2023-12-17T00:00:00Z,BTCUSDT,0.0001,28800000
2023-12-17T08:00:00Z,BTCUSDT,0.0001,28800000
2023-12-17T16:00:00Z,BTCUSDT,0.0001,28800000
2023-12-18T00:00:00Z,BTCUSDT,0.00013355,28800000
2023-12-18T08:00:00Z,BTCUSDT,0.0001,28800000
2023-12-18T16:00:00Z,BTCUSDT,0.00015611,28800000
2023-12-19T00:00:00Z,BTCUSDT,0.0001,28800000
2023-12-19T08:00:00Z,BTCUSDT,0.0001,28800000
2023-12-19T16:00:00Z,BTCUSDT,0.0001,28800000
2023-12-20T00:00:00Z,BTCUSDT,0.00010506,28800000
2023-12-20T08:00:00Z,BTCUSDT,0.0001,28800000
2023-12-20T16:00:00Z,BTCUSDT,0.00023637,28800000
2023-12-21T00:00:00Z,BTCUSDT,0.00027143,28800000
2023-12-21T08:00:00Z,BTCUSDT,0.00029216,28800000
2023-12-21T16:00:00Z,BTCUSDT,0.00028948,28800000
2023-12-22T00:00:00Z,BTCUSDT,0.00030806,28800000
2023-12-22T08:00:00Z,BTCUSDT,0.0002961,28800000
2023-12-22T16:00:00Z,BTCUSDT,0.00018011,28800000
2023-12-23T00:00:00Z,BTCUSDT,0.00016285,28800000
2023-12-23T08:00:00Z,BTCUSDT,0.0001,28800000
2023-12-23T16:00:00Z,BTCUSDT,0.00015066,28800000
2023-12-24T00:00:00Z,BTCUSDT,0.0001,28800000
2023-12-24T08:00:00Z,BTCUSDT,0.0002079,28800000
2023-12-24T16:00:00Z,BTCUSDT,0.00019729,28800000
2023-12-25T00:00:00Z,BTCUSDT,0.0001,28800000
2023-12-25T08:00:00Z,BTCUSDT,0.0001,28800000
2023-12-25T16:00:00Z,BTCUSDT,0.00037908,28800000
2023-12-26T00:00:00Z,BTCUSDT,0.00043391,28800000
2023-12-26T08:00:00Z,BTCUSDT,0.00023757,28800000
2023-12-26T16:00:00Z,BTCUSDT,0.00029559,28800000
2023-12-27T00:00:00Z,BTCUSDT,0.00027621,28800000
2023-12-27T08:00:00Z,BTCUSDT,0.00037942,28800000
2023-12-27T16:00:00Z,BTCUSDT,0.00032304,28800000
2023-12-28T00:00:00Z,BTCUSDT,0.00013021,28800000
2023-12-28T08:00:00Z,BTCUSDT,0.00037879,28800000
2023-12-28T16:00:00Z,BTCUSDT,0.00050152,28800000
2023-12-29T00:00:00Z,BTCUSDT,0.0005517,28800000
2023-12-29T08:00:00Z,BTCUSDT,0.00049912,28800000
2023-12-29T16:00:00Z,BTCUSDT,0.00047082,28800000
2023-12-30T00:00:00Z,BTCUSDT,0.00033033,28800000
2023-12-30T08:00:00Z,BTCUSDT,0.0004358,28800000
2023-12-30T16:00:00Z,BTCUSDT,0.00037842,28800000
2023-12-31T00:00:00Z,BTCUSDT,0.00027855,28800000
2023-12-31T08:00:00Z,BTCUSDT,0.00034573,28800000
2023-12-31T16:00:00Z,BTCUSDT,0.00033597,28800000
2024-01-01T00:00:00Z,BTCUSDT,0.00037409,28800000
2024-01-01T08:00:00Z,BTCUSDT,0.00027213,28800000
2024-01-01T16:00:00Z,BTCUSDT,0.00033601,28800000
2024-01-02T00:00:00Z,BTCUSDT,0.00065846,28800000
2024-01-02T08:00:00Z,BTCUSDT,0.00035179,28800000
2024-01-02T16:00:00Z,BTCUSDT,0.0005373,28800000
2024-01-03T00:00:00Z,BTCUSDT,0.00021159,28800000
2024-01-03T08:00:00Z,BTCUSDT,0.00017123,28800000
2024-01-03T16:00:00Z,BTCUSDT,0.0001,28800000
2024-01-04T00:00:00Z,BTCUSDT,0.0001,28800000
2024-01-04T08:00:00Z,BTCUSDT,0.0001,28800000
2024-01-04T16:00:00Z,BTCUSDT,0.0001,28800000
2024-01-05T00:00:00Z,BTCUSDT,0.0001,28800000
2024-01-05T08:00:00Z,BTCUSDT,0.0001,28800000
2024-01-05T16:00:00Z,BTCUSDT,0.0001,28800000
2024-01-06T00:00:00Z,BTCUSDT,0.0001,28800000
2024-01-06T08:00:00Z,BTCUSDT,0.0001,28800000
2024-01-06T16:00:00Z,BTCUSDT,0.0001,28800000
2024-01-07T00:00:00Z,BTCUSDT,0.0001,28800000
2024-01-07T08:00:00Z,BTCUSDT,0.0001,28800000
2024-01-07T16:00:00Z,BTCUSDT,0.0001,28800000
2024-01-08T00:00:00Z,BTCUSDT,0.0001,28800000
2024-01-08T08:00:00Z,BTCUSDT,0.0001,28800000
2024-01-08T16:00:00Z,BTCUSDT,0.0001,28800000
2024-01-09T00:00:00Z,BTCUSDT,0.0001,28800000
2024-01-09T08:00:00Z,BTCUSDT,0.0001,28800000
2024-01-09T16:00:00Z,BTCUSDT,0.0001,28800000
2024-01-10T00:00:00Z,BTCUSDT,0.0001,28800000
2024-01-10T08:00:00Z,BTCUSDT,0.0001,28800000
2024-01-10T16:00:00Z,BTCUSDT,0.0001,28800000
2024-01-11T00:00:00Z,BTCUSDT,0.0001,28800000
2024-01-11T08:00:00Z,BTCUSDT,0.0001,28800000
2024-01-11T16:00:00Z,BTCUSDT,0.0001,28800000
2024-01-12T00:00:00Z,BTCUSDT,0.0001,28800000
2024-01-12T08:00:00Z,BTCUSDT,0.0001,28800000
2024-01-12T16:00:00Z,BTCUSDT,0.0001,28800000
2024-01-13T00:00:00Z,BTCUSDT,0.0001,28800000
2024-01-13T08:00:00Z,BTCUSDT,0.0001,28800000
2024-01-13T16:00:00Z,BTCUSDT,0.0001,28800000
2024-01-14T00:00:00Z,BTCUSDT,0.0001,28800000
2024-01-14T08:00:00Z,BTCUSDT,0.0001,28800000
2024-01-14T16:00:00Z,BTCUSDT,0.0001,28800000
2024-01-15T00:00:00Z,BTCUSDT,0.0001,28800000
2024-01-15T08:00:00Z,BTCUSDT,0.0001,28800000
2024-01-15T16:00:00Z,BTCUSDT,0.0001,28800000
2024-01-16T00:00:00Z,BTCUSDT,0.0001,28800000
2024-01-16T08:00:00Z,BTCUSDT,0.0001,28800000
2024-01-16T16:00:00Z,BTCUSDT,0.0001,28800000
2024-01-17T00:00:00Z,BTCUSDT,0.0001,28800000
2024-01-17T08:00:00Z,BTCUSDT,0.0001,28800000
2024-01-17T16:00:00Z,BTCUSDT,0.0001,28800000
2024-01-18T00:00:00Z,BTCUSDT,0.0001,28800000
2024-01-18T08:00:00Z,BTCUSDT,0.0001,28800000
2024-01-18T16:00:00Z,BTCUSDT,0.0001,28800000
2024-01-19T00:00:00Z,BTCUSDT,0.0001,28800000
2024-01-19T08:00:00Z,BTCUSDT,0.0001,28800000
2024-01-19T16:00:00Z,BTCUSDT,0.0001,28800000
2024-01-20T00:00:00Z,BTCUSDT,0.0001,28800000
2024-01-20T08:00:00Z,BTCUSDT,0.0001,28800000
2024-01-20T16:00:00Z,BTCUSDT,0.0001,28800000
2024-01-21T00:00:00Z,BTCUSDT,0.0001,28800000
2024-01-21T08:00:00Z,BTCUSDT,0.0001,28800000
2024-01-21T16:00:00Z,BTCUSDT,0.0001,28800000
2024-01-22T00:00:00Z,BTCUSDT,0.0001,28800000
2024-01-22T08:00:00Z,BTCUSDT,0.0001,28800000
2024-01-22T16:00:00Z,BTCUSDT,0.0001,28800000
2024-01-23T00:00:00Z,BTCUSDT,0.0001,28800000
2024-01-23T08:00:00Z,BTCUSDT,0.0001,28800000
2024-01-23T16:00:00Z,BTCUSDT,0.0001,28800000
2024-01-24T00:00:00Z,BTCUSDT,0.0001,28800000
2024-01-24T08:00:00Z,BTCUSDT,0.0001,28800000
2024-01-24T16:00:00Z,BTCUSDT,0.0001,28800000
2024-01-25T00:00:00Z,BTCUSDT,0.0001,28800000
2024-01-25T08:00:00Z,BTCUSDT,0.0001,28800000
2024-01-25T16:00:00Z,BTCUSDT,0.0001,28800000
2024-01-26T00:00:00Z,BTCUSDT,0.0001,28800000
2024-01-26T08:00:00Z,BTCUSDT,0.0001,28800000
2024-01-26T16:00:00Z,BTCUSDT,0.0001,28800000
2024-01-27T00:00:00Z,BTCUSDT,8.966e-05,28800000
2024-01-27T08:00:00Z,BTCUSDT,0.0001,28800000
2024-01-27T16:00:00Z,BTCUSDT,8.3e-05,28800000
2024-01-28T00:00:00Z,BTCUSDT,0.0001,28800000
2024-01-28T08:00:00Z,BTCUSDT,4.725e-05,28800000
2024-01-28T16:00:00Z,BTCUSDT,0.0001,28800000
2024-01-29T00:00:00Z,BTCUSDT,0.0001,28800000
2024-01-29T08:00:00Z,BTCUSDT,9.142e-05,28800000
2024-01-29T16:00:00Z,BTCUSDT,0.0001,28800000
2024-01-30T00:00:00Z,BTCUSDT,0.0001,28800000
2024-01-30T08:00:00Z,BTCUSDT,9.492e-05,28800000
2024-01-30T16:00:00Z,BTCUSDT,5.149e-05,28800000
2024-01-31T00:00:00Z,BTCUSDT,2.154e-05,28800000
2024-01-31T08:00:00Z,BTCUSDT,0.0001,28800000
2024-01-31T16:00:00Z,BTCUSDT,0.0001,28800000
2024-02-01T00:00:00Z,BTCUSDT,0.0001,28800000
2024-02-01T08:00:00Z,BTCUSDT,0.0001,28800000
2024-02-01T16:00:00Z,BTCUSDT,0.0001,28800000
2024-02-02T00:00:00Z,BTCUSDT,0.0001,28800000
2024-02-02T08:00:00Z,BTCUSDT,0.0001,28800000
2024-02-02T16:00:00Z,BTCUSDT,0.0001,28800000
2024-02-03T00:00:00Z,BTCUSDT,7.627e-05,28800000
2024-02-03T08:00:00Z,BTCUSDT,9.042e-05,28800000
2024-02-03T16:00:00Z,BTCUSDT,8.028e-05,28800000
2024-02-04T00:00:00Z,BTCUSDT,8.307e-05,28800000
2024-02-04T08:00:00Z,BTCUSDT,8.846e-05,28800000
2024-02-04T16:00:00Z,BTCUSDT,0.0001,28800000
2024-02-05T00:00:00Z,BTCUSDT,0.0001,28800000
2024-02-05T08:00:00Z,BTCUSDT,0.0001,28800000
2024-02-05T16:00:00Z,BTCUSDT,0.0001,28800000
2024-02-06T00:00:00Z,BTCUSDT,0.0001,28800000
2024-02-06T08:00:00Z,BTCUSDT,6.723e-05,28800000
2024-02-06T16:00:00Z,BTCUSDT,0.0001,28800000
2024-02-07T00:00:00Z,BTCUSDT,7.527e-05,28800000
2024-02-07T08:00:00Z,BTCUSDT,5.373e-05,28800000
2024-02-07T16:00:00Z,BTCUSDT,8.306e-05,28800000
2024-02-08T00:00:00Z,BTCUSDT,0.0001,28800000
2024-02-08T08:00:00Z,BTCUSDT,6.535e-05,28800000
2024-02-08T16:00:00Z,BTCUSDT,2.59e-05,28800000
2024-02-09T00:00:00Z,BTCUSDT,3.16e-05,28800000
2024-02-09T08:00:00Z,BTCUSDT,0.0001,28800000
2024-02-09T16:00:00Z,BTCUSDT,9.801e-05,28800000
2024-02-10T00:00:00Z,BTCUSDT,8.041e-05,28800000
2024-02-10T08:00:00Z,BTCUSDT,0.0001,28800000
2024-02-10T16:00:00Z,BTCUSDT,0.0001,28800000
2024-02-11T00:00:00Z,BTCUSDT,0.0001,28800000
2024-02-11T08:00:00Z,BTCUSDT,0.0001,28800000
2024-02-11T16:00:00Z,BTCUSDT,0.0001,28800000
2024-02-12T00:00:00Z,BTCUSDT,0.0001,28800000
2024-02-12T08:00:00Z,BTCUSDT,0.0001,28800000
2024-02-12T16:00:00Z,BTCUSDT,0.0001,28800000
2024-02-13T00:00:00Z,BTCUSDT,0.0001,28800000
2024-02-13T08:00:00Z,BTCUSDT,0.0001,28800000
2024-02-13T16:00:00Z,BTCUSDT,0.0001,28800000
2024-02-14T00:00:00Z,BTCUSDT,0.0001,28800000
2024-02-14T08:00:00Z,BTCUSDT,0.0001,28800000
2024-02-14T16:00:00Z,BTCUSDT,0.00012283,28800000
2024-02-15T00:00:00Z,BTCUSDT,0.0001,28800000
2024-02-15T08:00:00Z,BTCUSDT,0.0001,28800000
2024-02-15T16:00:00Z,BTCUSDT,0.0001,28800000
2024-02-16T00:00:00Z,BTCUSDT,0.0001,28800000
2024-02-16T08:00:00Z,BTCUSDT,0.0001,28800000
2024-02-16T16:00:00Z,BTCUSDT,0.0001,28800000
2024-02-17T00:00:00Z,BTCUSDT,0.0001,28800000
2024-02-17T08:00:00Z,BTCUSDT,0.0001,28800000
2024-02-17T16:00:00Z,BTCUSDT,0.00016041,28800000
2024-02-18T00:00:00Z,BTCUSDT,0.0001724,28800000
2024-02-18T08:00:00Z,BTCUSDT,0.00015305,28800000
2024-02-18T16:00:00Z,BTCUSDT,0.00017095,28800000
2024-02-19T00:00:00Z,BTCUSDT,0.00023064,28800000
2024-02-19T08:00:00Z,BTCUSDT,0.00019594,28800000
2024-02-19T16:00:00Z,BTCUSDT,0.00013327,28800000
2024-02-20T00:00:00Z,BTCUSDT,0.00010461,28800000
2024-02-20T08:00:00Z,BTCUSDT,0.00010912,28800000
2024-02-20T16:00:00Z,BTCUSDT,0.00020259,28800000
2024-02-21T00:00:00Z,BTCUSDT,0.0001,28800000
2024-02-21T08:00:00Z,BTCUSDT,0.00011242,28800000
2024-02-21T16:00:00Z,BTCUSDT,0.0001,28800000
2024-02-22T00:00:00Z,BTCUSDT,0.0001,28800000
2024-02-22T08:00:00Z,BTCUSDT,0.0001348,28800000
2024-02-22T16:00:00Z,BTCUSDT,0.00012557,28800000
2024-02-23T00:00:00Z,BTCUSDT,0.0001,28800000
2024-02-23T08:00:00Z,BTCUSDT,0.0001,28800000
2024-02-23T16:00:00Z,BTCUSDT,0.00012991,28800000
2024-02-24T00:00:00Z,BTCUSDT,0.0001,28800000
2024-02-24T08:00:00Z,BTCUSDT,0.0001,28800000
2024-02-24T16:00:00Z,BTCUSDT,0.0001,28800000
2024-02-25T00:00:00Z,BTCUSDT,0.00011438,28800000
2024-02-25T08:00:00Z,BTCUSDT,0.00015012,28800000
2024-02-25T16:00:00Z,BTCUSDT,0.00015062,28800000
2024-02-26T00:00:00Z,BTCUSDT,0.00026761,28800000
2024-02-26T08:00:00Z,BTCUSDT,0.00021567,28800000
2024-02-26T16:00:00Z,BTCUSDT,0.00027227,28800000
2024-02-27T00:00:00Z,BTCUSDT,0.00032262,28800000
2024-02-27T08:00:00Z,BTCUSDT,0.00073521,28800000
2024-02-27T16:00:00Z,BTCUSDT,0.00022965,28800000
2024-02-28T00:00:00Z,BTCUSDT,0.00026729,28800000
2024-02-28T08:00:00Z,BTCUSDT,0.00023682,28800000
2024-02-28T16:00:00Z,BTCUSDT,0.00053538,28800000
2024-02-29T00:00:00Z,BTCUSDT,0.00069091,28800000
2024-02-29T08:00:00Z,BTCUSDT,0.00076337,28800000
2024-02-29T16:00:00Z,BTCUSDT,0.00057031,28800000
2024-03-01T00:00:00Z,BTCUSDT,0.00053322,28800000
2024-03-01T08:00:00Z,BTCUSDT,0.00064824,28800000
2024-03-01T16:00:00Z,BTCUSDT,0.0004601,28800000
2024-03-02T00:00:00Z,BTCUSDT,0.00033426,28800000
2024-03-02T08:00:00Z,BTCUSDT,0.00057174,28800000
2024-03-02T16:00:00Z,BTCUSDT,0.00056396,28800000
2024-03-03T00:00:00Z,BTCUSDT,0.00046267,28800000
2024-03-03T08:00:00Z,BTCUSDT,0.00042989,28800000
2024-03-03T16:00:00Z,BTCUSDT,0.00044598,28800000
2024-03-04T00:00:00Z,BTCUSDT,0.00055071,28800000
2024-03-04T08:00:00Z,BTCUSDT,0.00046833,28800000
2024-03-04T16:00:00Z,BTCUSDT,0.0006362,28800000
2024-03-05T00:00:00Z,BTCUSDT,0.0004896,28800000
2024-03-05T08:00:00Z,BTCUSDT,0.00082969,28800000
2024-03-05T16:00:00Z,BTCUSDT,0.00088148,28800000
2024-03-06T00:00:00Z,BTCUSDT,0.0003628,28800000
2024-03-06T08:00:00Z,BTCUSDT,0.00033876,28800000
2024-03-06T16:00:00Z,BTCUSDT,0.00049354,28800000
2024-03-07T00:00:00Z,BTCUSDT,0.00030311,28800000
2024-03-07T08:00:00Z,BTCUSDT,0.00040984,28800000
2024-03-07T16:00:00Z,BTCUSDT,0.00054217,28800000
2024-03-08T00:00:00Z,BTCUSDT,0.00034819,28800000
2024-03-08T08:00:00Z,BTCUSDT,0.00043497,28800000
2024-03-08T16:00:00Z,BTCUSDT,0.00062913,28800000
2024-03-09T00:00:00Z,BTCUSDT,0.00019134,28800000
2024-03-09T08:00:00Z,BTCUSDT,0.00031281,28800000
2024-03-09T16:00:00Z,BTCUSDT,0.00026407,28800000
2024-03-10T00:00:00Z,BTCUSDT,0.0003101,28800000
2024-03-10T08:00:00Z,BTCUSDT,0.00063451,28800000
2024-03-10T16:00:00Z,BTCUSDT,0.00054479,28800000
2024-03-11T00:00:00Z,BTCUSDT,0.00035489,28800000
2024-03-11T08:00:00Z,BTCUSDT,0.00078428,28800000
2024-03-11T16:00:00Z,BTCUSDT,0.00066396,28800000
2024-03-12T00:00:00Z,BTCUSDT,0.0004447,28800000
2024-03-12T08:00:00Z,BTCUSDT,0.000453,28800000
2024-03-12T16:00:00Z,BTCUSDT,0.00047935,28800000
2024-03-13T00:00:00Z,BTCUSDT,0.00033224,28800000
2024-03-13T08:00:00Z,BTCUSDT,0.0006442,28800000
2024-03-13T16:00:00Z,BTCUSDT,0.00045402,28800000
2024-03-14T00:00:00Z,BTCUSDT,0.00024393,28800000
2024-03-14T08:00:00Z,BTCUSDT,0.00038753,28800000
2024-03-14T16:00:00Z,BTCUSDT,0.00038258,28800000
2024-03-15T00:00:00Z,BTCUSDT,0.00038515,28800000
2024-03-15T08:00:00Z,BTCUSDT,0.00014328,28800000
2024-03-15T16:00:00Z,BTCUSDT,0.00015306,28800000
2024-03-16T00:00:00Z,BTCUSDT,0.0001,28800000
2024-03-16T08:00:00Z,BTCUSDT,0.00023202,28800000
2024-03-16T16:00:00Z,BTCUSDT,0.00020813,28800000
2024-03-17T00:00:00Z,BTCUSDT,0.00013089,28800000
2024-03-17T08:00:00Z,BTCUSDT,0.00017773,28800000
2024-03-17T16:00:00Z,BTCUSDT,0.00024827,28800000
2024-03-18T00:00:00Z,BTCUSDT,0.00020181,28800000
2024-03-18T08:00:00Z,BTCUSDT,0.00030597,28800000
2024-03-18T16:00:00Z,BTCUSDT,0.00027195,28800000
2024-03-19T00:00:00Z,BTCUSDT,0.00026923,28800000
2024-03-19T08:00:00Z,BTCUSDT,0.00029065,28800000
2024-03-19T16:00:00Z,BTCUSDT,0.00024018,28800000
2024-03-20T00:00:00Z,BTCUSDT,0.00015847,28800000
2024-03-20T08:00:00Z,BTCUSDT,0.00018388,28800000
2024-03-20T16:00:00Z,BTCUSDT,0.0001,28800000
2024-03-21T00:00:00Z,BTCUSDT,0.00010403,28800000
2024-03-21T08:00:00Z,BTCUSDT,0.00019304,28800000
2024-03-21T16:00:00Z,BTCUSDT,0.0001951,28800000
2024-03-22T00:00:00Z,BTCUSDT,0.00016271,28800000
2024-03-22T08:00:00Z,BTCUSDT,0.0001,28800000
2024-03-22T16:00:00Z,BTCUSDT,0.00011993,28800000
2024-03-23T00:00:00Z,BTCUSDT,0.0001,28800000
2024-03-23T08:00:00Z,BTCUSDT,0.0001,28800000
2024-03-23T16:00:00Z,BTCUSDT,0.00010806,28800000
2024-03-24T00:00:00Z,BTCUSDT,0.00010351,28800000
2024-03-24T08:00:00Z,BTCUSDT,0.00014616,28800000
2024-03-24T16:00:00Z,BTCUSDT,0.00015884,28800000
2024-03-25T00:00:00Z,BTCUSDT,0.00025549,28800000
2024-03-25T08:00:00Z,BTCUSDT,0.00016324,28800000
2024-03-25T16:00:00Z,BTCUSDT,0.00028815,28800000
2024-03-26T00:00:00Z,BTCUSDT,0.00021963,28800000
2024-03-26T08:00:00Z,BTCUSDT,0.00018348,28800000
2024-03-26T16:00:00Z,BTCUSDT,0.00026764,28800000
2024-03-27T00:00:00Z,BTCUSDT,0.00028757,28800000
2024-03-27T08:00:00Z,BTCUSDT,0.00029551,28800000
2024-03-27T16:00:00Z,BTCUSDT,0.00043631,28800000
2024-03-28T00:00:00Z,BTCUSDT,0.00024195,28800000
2024-03-28T08:00:00Z,BTCUSDT,0.00029899,28800000
2024-03-28T16:00:00Z,BTCUSDT,0.0002943,28800000
2024-03-29T00:00:00Z,BTCUSDT,0.0001825,28800000
2024-03-29T08:00:00Z,BTCUSDT,0.00025456,28800000
2024-03-29T16:00:00Z,BTCUSDT,0.0003017,28800000
2024-03-30T00:00:00Z,BTCUSDT,0.00019624,28800000
2024-03-30T08:00:00Z,BTCUSDT,0.00032267,28800000
2024-03-30T16:00:00Z,BTCUSDT,0.0003436,28800000
2024-03-31T00:00:00Z,BTCUSDT,0.00032351,28800000
2024-03-31T08:00:00Z,BTCUSDT,0.00039889,28800000
2024-03-31T16:00:00Z,BTCUSDT,0.00040301,28800000
2024-04-01T00:00:00Z,BTCUSDT,0.00070161,28800000
2024-04-01T08:00:00Z,BTCUSDT,0.00033491,28800000
2024-04-01T16:00:00Z,BTCUSDT,0.00027469,28800000
2024-04-02T00:00:00Z,BTCUSDT,0.00010926,28800000
2024-04-02T08:00:00Z,BTCUSDT,0.0001,28800000
2024-04-02T16:00:00Z,BTCUSDT,0.00016456,28800000
2024-04-03T00:00:00Z,BTCUSDT,0.0001,28800000
2024-04-03T08:00:00Z,BTCUSDT,0.0001,28800000
2024-04-03T16:00:00Z,BTCUSDT,0.0001,28800000
2024-04-04T00:00:00Z,BTCUSDT,0.0001,28800000
2024-04-04T08:00:00Z,BTCUSDT,0.0001,28800000
2024-04-04T16:00:00Z,BTCUSDT,0.0001,28800000
2024-04-05T00:00:00Z,BTCUSDT,0.0001,28800000
2024-04-05T08:00:00Z,BTCUSDT,0.0001,28800000
2024-04-05T16:00:00Z,BTCUSDT,0.0001,28800000
2024-04-06T00:00:00Z,BTCUSDT,0.0001,28800000
2024-04-06T08:00:00Z,BTCUSDT,0.0001,28800000
2024-04-06T16:00:00Z,BTCUSDT,0.0001,28800000
2024-04-07T00:00:00Z,BTCUSDT,0.0001,28800000
2024-04-07T08:00:00Z,BTCUSDT,0.0001,28800000
2024-04-07T16:00:00Z,BTCUSDT,0.0001,28800000
2024-04-08T00:00:00Z,BTCUSDT,0.0001,28800000
2024-04-08T08:00:00Z,BTCUSDT,0.0001,28800000
2024-04-08T16:00:00Z,BTCUSDT,0.00035189,28800000
2024-04-09T00:00:00Z,BTCUSDT,0.00020915,28800000
2024-04-09T08:00:00Z,BTCUSDT,0.00020603,28800000
2024-04-09T16:00:00Z,BTCUSDT,0.00019061,28800000
2024-04-10T00:00:00Z,BTCUSDT,0.00011929,28800000
2024-04-10T08:00:00Z,BTCUSDT,0.00012457,28800000
2024-04-10T16:00:00Z,BTCUSDT,0.0001,28800000
2024-04-11T00:00:00Z,BTCUSDT,0.00013979,28800000
2024-04-11T08:00:00Z,BTCUSDT,0.00020153,28800000
2024-04-11T16:00:00Z,BTCUSDT,0.00019763,28800000
2024-04-12T00:00:00Z,BTCUSDT,0.00011258,28800000
2024-04-12T08:00:00Z,BTCUSDT,0.0002563,28800000
2024-04-12T16:00:00Z,BTCUSDT,0.00012214,28800000
2024-04-13T00:00:00Z,BTCUSDT,0.0001,28800000
2024-04-13T08:00:00Z,BTCUSDT,0.0001,28800000
2024-04-13T16:00:00Z,BTCUSDT,0.0001,28800000
2024-04-14T00:00:00Z,BTCUSDT,0.0001,28800000
2024-04-14T08:00:00Z,BTCUSDT,0.0001,28800000
2024-04-14T16:00:00Z,BTCUSDT,0.0001,28800000
2024-04-15T00:00:00Z,BTCUSDT,0.0001,28800000
2024-04-15T08:00:00Z,BTCUSDT,1.759e-05,28800000
2024-04-15T16:00:00Z,BTCUSDT,0.0001,28800000
2024-04-16T00:00:00Z,BTCUSDT,5.953e-05,28800000
2024-04-16T08:00:00Z,BTCUSDT,9.525e-05,28800000
2024-04-16T16:00:00Z,BTCUSDT,3.513e-05,28800000
2024-04-17T00:00:00Z,BTCUSDT,6.375e-05,28800000
2024-04-17T08:00:00Z,BTCUSDT,3.574e-05,28800000
2024-04-17T16:00:00Z,BTCUSDT,6.534e-05,28800000
2024-04-18T00:00:00Z,BTCUSDT,6.937e-05,28800000
2024-04-18T08:00:00Z,BTCUSDT,5.982e-05,28800000
2024-04-18T16:00:00Z,BTCUSDT,-3.334e-05,28800000
2024-04-19T00:00:00Z,BTCUSDT,-3.12e-05,28800000
2024-04-19T08:00:00Z,BTCUSDT,6.641e-05,28800000
2024-04-19T16:00:00Z,BTCUSDT,5.88e-05,28800000
2024-04-20T00:00:00Z,BTCUSDT,0.0001,28800000
2024-04-20T08:00:00Z,BTCUSDT,-7.66e-06,28800000
2024-04-20T16:00:00Z,BTCUSDT,4.204e-05,28800000
2024-04-21T00:00:00Z,BTCUSDT,3.186e-05,28800000
2024-04-21T08:00:00Z,BTCUSDT,-2.093e-05,28800000
2024-04-21T16:00:00Z,BTCUSDT,8.271e-05,28800000
2024-04-22T00:00:00Z,BTCUSDT,4.409e-05,28800000
2024-04-22T08:00:00Z,BTCUSDT,2.497e-05,28800000
2024-04-22T16:00:00Z,BTCUSDT,8.98e-06,28800000
2024-04-23T00:00:00Z,BTCUSDT,-1.236e-05,28800000
2024-04-23T08:00:00Z,BTCUSDT,5.24e-05,28800000
2024-04-23T16:00:00Z,BTCUSDT,-1.083e-05,28800000
2024-04-24T00:00:00Z,BTCUSDT,1.413e-05,28800000
2024-04-24T08:00:00Z,BTCUSDT,5.302e-05,28800000
2024-04-24T16:00:00Z,BTCUSDT,7.047e-05,28800000
2024-04-25T00:00:00Z,BTCUSDT,7.02e-05,28800000
2024-04-25T08:00:00Z,BTCUSDT,4.069e-05,28800000
2024-04-25T16:00:00Z,BTCUSDT,1.14e-05,28800000
2024-04-26T00:00:00Z,BTCUSDT,1.709e-05,28800000
2024-04-26T08:00:00Z,BTCUSDT,6.85e-06,28800000
2024-04-26T16:00:00Z,BTCUSDT,5.562e-05,28800000
2024-04-27T00:00:00Z,BTCUSDT,0.0001,28800000
2024-04-27T08:00:00Z,BTCUSDT,7.47e-05,28800000
2024-04-27T16:00:00Z,BTCUSDT,2.834e-05,28800000
2024-04-28T00:00:00Z,BTCUSDT,1.006e-05,28800000
2024-04-28T08:00:00Z,BTCUSDT,-2.081e-05,28800000
2024-04-28T16:00:00Z,BTCUSDT,2.782e-05,28800000
2024-04-29T00:00:00Z,BTCUSDT,2.472e-05,28800000
2024-04-29T08:00:00Z,BTCUSDT,5.544e-05,28800000
2024-04-29T16:00:00Z,BTCUSDT,6.828e-05,28800000
2024-04-30T00:00:00Z,BTCUSDT,9.74e-05,28800000
2024-04-30T08:00:00Z,BTCUSDT,9.154e-05,28800000
2024-04-30T16:00:00Z,BTCUSDT,0.0001,28800000
2024-05-01T00:00:00Z,BTCUSDT,0.0001,28800000
2024-05-01T08:00:00Z,BTCUSDT,8.946e-05,28800000
2024-05-01T16:00:00Z,BTCUSDT,9.902e-05,28800000
2024-05-02T00:00:00Z,BTCUSDT,6.634e-05,28800000
2024-05-02T08:00:00Z,BTCUSDT,6.169e-05,28800000
2024-05-02T16:00:00Z,BTCUSDT,-1.23e-06,28800000
2024-05-03T00:00:00Z,BTCUSDT,-1.549e-05,28800000
2024-05-03T08:00:00Z,BTCUSDT,-3.764e-05,28800000
2024-05-03T16:00:00Z,BTCUSDT,8.091e-05,28800000
2024-05-04T00:00:00Z,BTCUSDT,2.703e-05,28800000
2024-05-04T08:00:00Z,BTCUSDT,7.455e-05,28800000
2024-05-04T16:00:00Z,BTCUSDT,6.265e-05,28800000
2024-05-05T00:00:00Z,BTCUSDT,6.906e-05,28800000
2024-05-05T08:00:00Z,BTCUSDT,6.47e-06,28800000
2024-05-05T16:00:00Z,BTCUSDT,3.893e-05,28800000
2024-05-06T00:00:00Z,BTCUSDT,6.02e-06,28800000
2024-05-06T08:00:00Z,BTCUSDT,-1.031e-05,28800000
2024-05-06T16:00:00Z,BTCUSDT,7.746e-05,28800000
2024-05-07T00:00:00Z,BTCUSDT,6.064e-05,28800000
2024-05-07T08:00:00Z,BTCUSDT,1.581e-05,28800000
2024-05-07T16:00:00Z,BTCUSDT,9.028e-05,28800000
2024-05-08T00:00:00Z,BTCUSDT,4.891e-05,28800000
2024-05-08T08:00:00Z,BTCUSDT,5.553e-05,28800000
2024-05-08T16:00:00Z,BTCUSDT,9.292e-05,28800000
2024-05-09T00:00:00Z,BTCUSDT,5.648e-05,28800000
2024-05-09T08:00:00Z,BTCUSDT,3.315e-05,28800000
2024-05-09T16:00:00Z,BTCUSDT,7.253e-05,28800000
2024-05-10T00:00:00Z,BTCUSDT,1.026e-05,28800000
2024-05-10T08:00:00Z,BTCUSDT,5.934e-05,28800000
2024-05-10T16:00:00Z,BTCUSDT,7.653e-05,28800000
2024-05-11T00:00:00Z,BTCUSDT,8.881e-05,28800000
2024-05-11T08:00:00Z,BTCUSDT,3.771e-05,28800000
2024-05-11T16:00:00Z,BTCUSDT,5.067e-05,28800000
2024-05-12T00:00:00Z,BTCUSDT,2.604e-05,28800000
2024-05-12T08:00:00Z,BTCUSDT,2.83e-05,28800000
2024-05-12T16:00:00Z,BTCUSDT,0.0001,28800000
2024-05-13T00:00:00Z,BTCUSDT,0.0001,28800000
2024-05-13T08:00:00Z,BTCUSDT,8.469e-05,28800000
2024-05-13T16:00:00Z,BTCUSDT,9.151e-05,28800000
2024-05-14T00:00:00Z,BTCUSDT,9.866e-05,28800000
2024-05-14T08:00:00Z,BTCUSDT,0.0001,28800000
2024-05-14T16:00:00Z,BTCUSDT,4.392e-05,28800000
2024-05-15T00:00:00Z,BTCUSDT,0.0001,28800000
2024-05-15T08:00:00Z,BTCUSDT,-3.85e-06,28800000
2024-05-15T16:00:00Z,BTCUSDT,2.373e-05,28800000
2024-05-16T00:00:00Z,BTCUSDT,2.103e-05,28800000
2024-05-16T08:00:00Z,BTCUSDT,5.148e-05,28800000
2024-05-16T16:00:00Z,BTCUSDT,3.543e-05,28800000
2024-05-17T00:00:00Z,BTCUSDT,4.647e-05,28800000
2024-05-17T08:00:00Z,BTCUSDT,8.15e-06,28800000
2024-05-17T16:00:00Z,BTCUSDT,-2.98e-06,28800000
2024-05-18T00:00:00Z,BTCUSDT,6.28e-06,28800000
2024-05-18T08:00:00Z,BTCUSDT,8.012e-05,28800000
2024-05-18T16:00:00Z,BTCUSDT,-7.92e-06,28800000
2024-05-19T00:00:00Z,BTCUSDT,3.339e-05,28800000
2024-05-19T08:00:00Z,BTCUSDT,5.21e-05,28800000
2024-05-19T16:00:00Z,BTCUSDT,4.779e-05,28800000
2024-05-20T00:00:00Z,BTCUSDT,5.607e-05,28800000
2024-05-20T08:00:00Z,BTCUSDT,2.479e-05,28800000
2024-05-20T16:00:00Z,BTCUSDT,2.552e-05,28800000
2024-05-21T00:00:00Z,BTCUSDT,0.0001,28800000
2024-05-21T08:00:00Z,BTCUSDT,0.00010517,28800000
2024-05-21T16:00:00Z,BTCUSDT,0.0001,28800000
2024-05-22T00:00:00Z,BTCUSDT,0.0001,28800000
2024-05-22T08:00:00Z,BTCUSDT,0.00015759,28800000
2024-05-22T16:00:00Z,BTCUSDT,0.0001,28800000
2024-05-23T00:00:00Z,BTCUSDT,0.0001,28800000
2024-05-23T08:00:00Z,BTCUSDT,0.0001,28800000
2024-05-23T16:00:00Z,BTCUSDT,0.0001,28800000
2024-05-24T00:00:00Z,BTCUSDT,0.0001,28800000
2024-05-24T08:00:00Z,BTCUSDT,0.0001,28800000
2024-05-24T16:00:00Z,BTCUSDT,0.0001,28800000
2024-05-25T00:00:00Z,BTCUSDT,0.0001,28800000
2024-05-25T08:00:00Z,BTCUSDT,0.0001,28800000
2024-05-25T16:00:00Z,BTCUSDT,0.0001,28800000
2024-05-26T00:00:00Z,BTCUSDT,0.0001,28800000
2024-05-26T08:00:00Z,BTCUSDT,0.0001,28800000
2024-05-26T16:00:00Z,BTCUSDT,0.0001,28800000
2024-05-27T00:00:00Z,BTCUSDT,0.0001,28800000
2024-05-27T08:00:00Z,BTCUSDT,0.0001,28800000
2024-05-27T16:00:00Z,BTCUSDT,0.0001,28800000
2024-05-28T00:00:00Z,BTCUSDT,0.0001,28800000
2024-05-28T08:00:00Z,BTCUSDT,0.0001,28800000
2024-05-28T16:00:00Z,BTCUSDT,0.0001,28800000
2024-05-29T00:00:00Z,BTCUSDT,0.0001,28800000
2024-05-29T08:00:00Z,BTCUSDT,0.0001,28800000
2024-05-29T16:00:00Z,BTCUSDT,0.00012558,28800000
2024-05-30T00:00:00Z,BTCUSDT,0.0001,28800000
2024-05-30T08:00:00Z,BTCUSDT,0.0001,28800000
2024-05-30T16:00:00Z,BTCUSDT,0.0001,28800000
2024-05-31T00:00:00Z,BTCUSDT,0.00014599,28800000
2024-05-31T08:00:00Z,BTCUSDT,0.00012268,28800000
2024-05-31T16:00:00Z,BTCUSDT,0.0001,28800000
2024-06-01T00:00:00Z,BTCUSDT,0.0001,28800000
2024-06-01T08:00:00Z,BTCUSDT,0.0001,28800000
2024-06-01T16:00:00Z,BTCUSDT,0.0001025,28800000
2024-06-02T00:00:00Z,BTCUSDT,0.0001,28800000
2024-06-02T08:00:00Z,BTCUSDT,0.0001,28800000
2024-06-02T16:00:00Z,BTCUSDT,0.0001,28800000
2024-06-03T00:00:00Z,BTCUSDT,0.0001,28800000
2024-06-03T08:00:00Z,BTCUSDT,0.00014135,28800000
2024-06-03T16:00:00Z,BTCUSDT,0.0001,28800000
2024-06-04T00:00:00Z,BTCUSDT,0.00012008,28800000
2024-06-04T08:00:00Z,BTCUSDT,0.0001,28800000
2024-06-04T16:00:00Z,BTCUSDT,0.0001,28800000
2024-06-05T00:00:00Z,BTCUSDT,0.0001,28800000
2024-06-05T08:00:00Z,BTCUSDT,0.00016387,28800000
2024-06-05T16:00:00Z,BTCUSDT,0.00013226,28800000
2024-06-06T00:00:00Z,BTCUSDT,0.0001,28800000
2024-06-06T08:00:00Z,BTCUSDT,0.00010438,28800000
2024-06-06T16:00:00Z,BTCUSDT,0.0001177,28800000
2024-06-07T00:00:00Z,BTCUSDT,0.0001,28800000
2024-06-07T08:00:00Z,BTCUSDT,0.0001,28800000
2024-06-07T16:00:00Z,BTCUSDT,0.00010166,28800000
2024-06-08T00:00:00Z,BTCUSDT,0.0001,28800000
2024-06-08T08:00:00Z,BTCUSDT,0.0001,28800000
2024-06-08T16:00:00Z,BTCUSDT,0.0001,28800000
2024-06-09T00:00:00Z,BTCUSDT,0.0001,28800000
2024-06-09T08:00:00Z,BTCUSDT,0.0001,28800000
2024-06-09T16:00:00Z,BTCUSDT,0.0001,28800000
2024-06-10T00:00:00Z,BTCUSDT,0.0001,28800000
2024-06-10T08:00:00Z,BTCUSDT,0.0001,28800000
2024-06-10T16:00:00Z,BTCUSDT,0.0001,28800000
2024-06-11T00:00:00Z,BTCUSDT,0.0001,28800000
2024-06-11T08:00:00Z,BTCUSDT,0.0001,28800000
2024-06-11T16:00:00Z,BTCUSDT,0.0001,28800000
2024-06-12T00:00:00Z,BTCUSDT,0.0001,28800000
2024-06-12T08:00:00Z,BTCUSDT,0.0001,28800000
2024-06-12T16:00:00Z,BTCUSDT,0.0001,28800000
2024-06-13T00:00:00Z,BTCUSDT,0.0001,28800000
2024-06-13T08:00:00Z,BTCUSDT,0.0001,28800000
2024-06-13T16:00:00Z,BTCUSDT,0.0001,28800000
2024-06-14T00:00:00Z,BTCUSDT,0.0001,28800000
2024-06-14T08:00:00Z,BTCUSDT,0.0001,28800000
2024-06-14T16:00:00Z,BTCUSDT,0.0001,28800000
2024-06-15T00:00:00Z,BTCUSDT,0.0001,28800000
2024-06-15T08:00:00Z,BTCUSDT,0.0001,28800000
2024-06-15T16:00:00Z,BTCUSDT,0.0001,28800000
2024-06-16T00:00:00Z,BTCUSDT,0.0001,28800000
2024-06-16T08:00:00Z,BTCUSDT,0.0001,28800000
2024-06-16T16:00:00Z,BTCUSDT,0.0001,28800000
2024-06-17T00:00:00Z,BTCUSDT,0.0001,28800000
2024-06-17T08:00:00Z,BTCUSDT,0.0001,28800000
2024-06-17T16:00:00Z,BTCUSDT,0.0001,28800000
2024-06-18T00:00:00Z,BTCUSDT,0.0001,28800000
2024-06-18T08:00:00Z,BTCUSDT,8.236e-05,28800000
2024-06-18T16:00:00Z,BTCUSDT,0.0001,28800000
2024-06-19T00:00:00Z,BTCUSDT,0.0001,28800000
2024-06-19T08:00:00Z,BTCUSDT,4.127e-05,28800000
2024-06-19T16:00:00Z,BTCUSDT,2.967e-05,28800000
2024-06-20T00:00:00Z,BTCUSDT,3.934e-05,28800000
2024-06-20T08:00:00Z,BTCUSDT,5.953e-05,28800000
2024-06-20T16:00:00Z,BTCUSDT,6.879e-05,28800000
2024-06-21T00:00:00Z,BTCUSDT,3.344e-05,28800000
2024-06-21T08:00:00Z,BTCUSDT,7.328e-05,28800000
2024-06-21T16:00:00Z,BTCUSDT,0.0001,28800000
2024-06-22T00:00:00Z,BTCUSDT,0.0001,28800000
2024-06-22T08:00:00Z,BTCUSDT,4.146e-05,28800000
2024-06-22T16:00:00Z,BTCUSDT,0.0001,28800000
2024-06-23T00:00:00Z,BTCUSDT,0.0001,28800000
2024-06-23T08:00:00Z,BTCUSDT,2.307e-05,28800000
2024-06-23T16:00:00Z,BTCUSDT,4.676e-05,28800000
2024-06-24T00:00:00Z,BTCUSDT,9.534e-05,28800000
2024-06-24T08:00:00Z,BTCUSDT,0.0001,28800000
2024-06-24T16:00:00Z,BTCUSDT,7.488e-05,28800000
2024-06-25T00:00:00Z,BTCUSDT,7.447e-05,28800000
2024-06-25T08:00:00Z,BTCUSDT,5.949e-05,28800000
2024-06-25T16:00:00Z,BTCUSDT,7.752e-05,28800000
2024-06-26T00:00:00Z,BTCUSDT,0.0001,28800000
2024-06-26T08:00:00Z,BTCUSDT,0.0001,28800000
2024-06-26T16:00:00Z,BTCUSDT,0.0001,28800000
2024-06-27T00:00:00Z,BTCUSDT,0.0001,28800000
2024-06-27T08:00:00Z,BTCUSDT,0.0001,28800000
2024-06-27T16:00:00Z,BTCUSDT,0.0001,28800000
2024-06-28T00:00:00Z,BTCUSDT,0.0001,28800000
2024-06-28T08:00:00Z,BTCUSDT,0.0001,28800000
2024-06-28T16:00:00Z,BTCUSDT,0.0001,28800000
2024-06-29T00:00:00Z,BTCUSDT,0.0001,28800000
2024-06-29T08:00:00Z,BTCUSDT,0.0001,28800000
2024-06-29T16:00:00Z,BTCUSDT,0.0001,28800000
2024-06-30T00:00:00Z,BTCUSDT,0.0001,28800000
2024-06-30T08:00:00Z,BTCUSDT,0.0001,28800000
2024-06-30T16:00:00Z,BTCUSDT,0.0001,28800000
2024-07-01T00:00:00Z,BTCUSDT,0.0001,28800000
2024-07-01T08:00:00Z,BTCUSDT,0.0001,28800000
2024-07-01T16:00:00Z,BTCUSDT,0.0001,28800000
2024-07-02T00:00:00Z,BTCUSDT,0.0001,28800000
2024-07-02T08:00:00Z,BTCUSDT,0.0001,28800000
2024-07-02T16:00:00Z,BTCUSDT,0.0001,28800000
2024-07-03T00:00:00Z,BTCUSDT,0.0001,28800000
2024-07-03T08:00:00Z,BTCUSDT,0.0001,28800000
2024-07-03T16:00:00Z,BTCUSDT,0.0001,28800000
2024-07-04T00:00:00Z,BTCUSDT,0.0001,28800000
2024-07-04T08:00:00Z,BTCUSDT,0.0001,28800000
2024-07-04T16:00:00Z,BTCUSDT,0.0001,28800000
2024-07-05T00:00:00Z,BTCUSDT,0.0001,28800000
2024-07-05T08:00:00Z,BTCUSDT,0.0001,28800000
2024-07-05T16:00:00Z,BTCUSDT,1.762e-05,28800000
2024-07-06T00:00:00Z,BTCUSDT,5.729e-05,28800000
2024-07-06T08:00:00Z,BTCUSDT,7.512e-05,28800000
2024-07-06T16:00:00Z,BTCUSDT,3.25e-05,28800000
2024-07-07T00:00:00Z,BTCUSDT,8.164e-05,28800000
2024-07-07T08:00:00Z,BTCUSDT,0.0001,28800000
2024-07-07T16:00:00Z,BTCUSDT,0.0001,28800000
2024-07-08T00:00:00Z,BTCUSDT,7.905e-05,28800000
2024-07-08T08:00:00Z,BTCUSDT,8.222e-05,28800000
2024-07-08T16:00:00Z,BTCUSDT,0.0001,28800000
2024-07-09T00:00:00Z,BTCUSDT,0.0001,28800000
2024-07-09T08:00:00Z,BTCUSDT,8.61e-06,28800000
2024-07-09T16:00:00Z,BTCUSDT,0.0001,28800000
2024-07-10T00:00:00Z,BTCUSDT,0.0001,28800000
2024-07-10T08:00:00Z,BTCUSDT,9.225e-05,28800000
2024-07-10T16:00:00Z,BTCUSDT,5.485e-05,28800000
2024-07-11T00:00:00Z,BTCUSDT,0.0001,28800000
2024-07-11T08:00:00Z,BTCUSDT,0.0001,28800000
2024-07-11T16:00:00Z,BTCUSDT,0.0001,28800000
2024-07-12T00:00:00Z,BTCUSDT,6.378e-05,28800000
2024-07-12T08:00:00Z,BTCUSDT,3.026e-05,28800000
2024-07-12T16:00:00Z,BTCUSDT,4.037e-05,28800000
2024-07-13T00:00:00Z,BTCUSDT,8.319e-05,28800000
2024-07-13T08:00:00Z,BTCUSDT,6.865e-05,28800000
2024-07-13T16:00:00Z,BTCUSDT,0.0001,28800000
2024-07-14T00:00:00Z,BTCUSDT,8.737e-05,28800000
2024-07-14T08:00:00Z,BTCUSDT,3.71e-05,28800000
2024-07-14T16:00:00Z,BTCUSDT,8.342e-05,28800000
2024-07-15T00:00:00Z,BTCUSDT,4.59e-05,28800000
2024-07-15T08:00:00Z,BTCUSDT,3.202e-05,28800000
2024-07-15T16:00:00Z,BTCUSDT,-5.14e-06,28800000
2024-07-16T00:00:00Z,BTCUSDT,-5.062e-05,28800000
2024-07-16T08:00:00Z,BTCUSDT,8.814e-05,28800000
2024-07-16T16:00:00Z,BTCUSDT,2.717e-05,28800000
2024-07-17T00:00:00Z,BTCUSDT,-3.419e-05,28800000
2024-07-17T08:00:00Z,BTCUSDT,1.775e-05,28800000
2024-07-17T16:00:00Z,BTCUSDT,2.143e-05,28800000
2024-07-18T00:00:00Z,BTCUSDT,6.89e-06,28800000
2024-07-18T08:00:00Z,BTCUSDT,1.546e-05,28800000
2024-07-18T16:00:00Z,BTCUSDT,3.127e-05,28800000
2024-07-19T00:00:00Z,BTCUSDT,4.029e-05,28800000
2024-07-19T08:00:00Z,BTCUSDT,4.855e-05,28800000
2024-07-19T16:00:00Z,BTCUSDT,4.606e-05,28800000
2024-07-20T00:00:00Z,BTCUSDT,-3.077e-05,28800000
2024-07-20T08:00:00Z,BTCUSDT,1.944e-05,28800000
2024-07-20T16:00:00Z,BTCUSDT,1.622e-05,28800000
2024-07-21T00:00:00Z,BTCUSDT,-5.313e-05,28800000
2024-07-21T08:00:00Z,BTCUSDT,2.194e-05,28800000
2024-07-21T16:00:00Z,BTCUSDT,6.46e-06,28800000
2024-07-22T00:00:00Z,BTCUSDT,9.136e-05,28800000
2024-07-22T08:00:00Z,BTCUSDT,5.953e-05,28800000
2024-07-22T16:00:00Z,BTCUSDT,2.769e-05,28800000
2024-07-23T00:00:00Z,BTCUSDT,4.709e-05,28800000
2024-07-23T08:00:00Z,BTCUSDT,4.31e-05,28800000
2024-07-23T16:00:00Z,BTCUSDT,4.642e-05,28800000
2024-07-24T00:00:00Z,BTCUSDT,0.0001,28800000
2024-07-24T08:00:00Z,BTCUSDT,0.0001,28800000
2024-07-24T16:00:00Z,BTCUSDT,0.0001,28800000
2024-07-25T00:00:00Z,BTCUSDT,0.0001,28800000
2024-07-25T08:00:00Z,BTCUSDT,0.0001,28800000
2024-07-25T16:00:00Z,BTCUSDT,0.0001,28800000
2024-07-26T00:00:00Z,BTCUSDT,0.0001,28800000
2024-07-26T08:00:00Z,BTCUSDT,0.0001,28800000
2024-07-26T16:00:00Z,BTCUSDT,3.34e-05,28800000
2024-07-27T00:00:00Z,BTCUSDT,6.547e-05,28800000
2024-07-27T08:00:00Z,BTCUSDT,8.022e-05,28800000
2024-07-27T16:00:00Z,BTCUSDT,9.109e-05,28800000
2024-07-28T00:00:00Z,BTCUSDT,8.18e-05,28800000
2024-07-28T08:00:00Z,BTCUSDT,9.177e-05,28800000
2024-07-28T16:00:00Z,BTCUSDT,2.804e-05,28800000
2024-07-29T00:00:00Z,BTCUSDT,8.361e-05,28800000
2024-07-29T08:00:00Z,BTCUSDT,5.623e-05,28800000
2024-07-29T16:00:00Z,BTCUSDT,0.0001,28800000
2024-07-30T00:00:00Z,BTCUSDT,3.396e-05,28800000
2024-07-30T08:00:00Z,BTCUSDT,3.562e-05,28800000
2024-07-30T16:00:00Z,BTCUSDT,7.691e-05,28800000
2024-07-31T00:00:00Z,BTCUSDT,3.063e-05,28800000
2024-07-31T08:00:00Z,BTCUSDT,7.178e-05,28800000
2024-07-31T16:00:00Z,BTCUSDT,3.826e-05,28800000
2024-08-01T00:00:00Z,BTCUSDT,8.208e-05,28800000
2024-08-01T08:00:00Z,BTCUSDT,0.0001,28800000
2024-08-01T16:00:00Z,BTCUSDT,0.0001,28800000
2024-08-02T00:00:00Z,BTCUSDT,0.0001,28800000
2024-08-02T08:00:00Z,BTCUSDT,0.0001,28800000
2024-08-02T16:00:00Z,BTCUSDT,0.0001,28800000
2024-08-03T00:00:00Z,BTCUSDT,0.0001,28800000
2024-08-03T08:00:00Z,BTCUSDT,9.788e-05,28800000
2024-08-03T16:00:00Z,BTCUSDT,4.247e-05,28800000
2024-08-04T00:00:00Z,BTCUSDT,0.0001,28800000
2024-08-04T08:00:00Z,BTCUSDT,5.343e-05,28800000
2024-08-04T16:00:00Z,BTCUSDT,0.0001,28800000
2024-08-05T00:00:00Z,BTCUSDT,0.0001,28800000
2024-08-05T08:00:00Z,BTCUSDT,4.429e-05,28800000
2024-08-05T16:00:00Z,BTCUSDT,5.967e-05,28800000
2024-08-06T00:00:00Z,BTCUSDT,3.566e-05,28800000
2024-08-06T08:00:00Z,BTCUSDT,-2.845e-05,28800000
2024-08-06T16:00:00Z,BTCUSDT,4.485e-05,28800000
2024-08-07T00:00:00Z,BTCUSDT,-7.3e-06,28800000
2024-08-07T08:00:00Z,BTCUSDT,-6.859e-05,28800000
2024-08-07T16:00:00Z,BTCUSDT,3.241e-05,28800000
2024-08-08T00:00:00Z,BTCUSDT,2.637e-05,28800000
2024-08-08T08:00:00Z,BTCUSDT,3.086e-05,28800000
2024-08-08T16:00:00Z,BTCUSDT,1.147e-05,28800000
2024-08-09T00:00:00Z,BTCUSDT,4.994e-05,28800000
2024-08-09T08:00:00Z,BTCUSDT,2.184e-05,28800000
2024-08-09T16:00:00Z,BTCUSDT,4.846e-05,28800000
2024-08-10T00:00:00Z,BTCUSDT,-3.942e-05,28800000
2024-08-10T08:00:00Z,BTCUSDT,-1.379e-05,28800000
2024-08-10T16:00:00Z,BTCUSDT,-1.949e-05,28800000
2024-08-11T00:00:00Z,BTCUSDT,4.049e-05,28800000
2024-08-11T08:00:00Z,BTCUSDT,-1.839e-05,28800000
2024-08-11T16:00:00Z,BTCUSDT,1.185e-05,28800000
2024-08-12T00:00:00Z,BTCUSDT,1.113e-05,28800000
2024-08-12T08:00:00Z,BTCUSDT,8.783e-05,28800000
2024-08-12T16:00:00Z,BTCUSDT,-2.238e-05,28800000
2024-08-13T00:00:00Z,BTCUSDT,6.14e-05,28800000
2024-08-13T08:00:00Z,BTCUSDT,5.21e-06,28800000
2024-08-13T16:00:00Z,BTCUSDT,-3.902e-05,28800000
2024-08-14T00:00:00Z,BTCUSDT,1.152e-05,28800000
2024-08-14T08:00:00Z,BTCUSDT,-1.33e-05,28800000
2024-08-14T16:00:00Z,BTCUSDT,-7.811e-05,28800000
2024-08-15T00:00:00Z,BTCUSDT,-8.488e-05,28800000
2024-08-15T08:00:00Z,BTCUSDT,6.339e-05,28800000
2024-08-15T16:00:00Z,BTCUSDT,-6.181e-05,28800000
2024-08-16T00:00:00Z,BTCUSDT,-0.00011235,28800000
2024-08-16T08:00:00Z,BTCUSDT,-7.387e-05,28800000
2024-08-16T16:00:00Z,BTCUSDT,-5.57e-06,28800000
2024-08-17T00:00:00Z,BTCUSDT,1.912e-05,28800000
2024-08-17T08:00:00Z,BTCUSDT,4.177e-05,28800000
2024-08-17T16:00:00Z,BTCUSDT,-1.52e-06,28800000
2024-08-18T00:00:00Z,BTCUSDT,3.966e-05,28800000
2024-08-18T08:00:00Z,BTCUSDT,-1.323e-05,28800000
2024-08-18T16:00:00Z,BTCUSDT,-3.149e-05,28800000
2024-08-19T00:00:00Z,BTCUSDT,-3.616e-05,28800000
2024-08-19T08:00:00Z,BTCUSDT,-6.75e-05,28800000
2024-08-19T16:00:00Z,BTCUSDT,-1.957e-05,28800000
2024-08-20T00:00:00Z,BTCUSDT,-2.656e-05,28800000
2024-08-20T08:00:00Z,BTCUSDT,1.349e-05,28800000
2024-08-20T16:00:00Z,BTCUSDT,1.419e-05,28800000
2024-08-21T00:00:00Z,BTCUSDT,-6.756e-05,28800000
2024-08-21T08:00:00Z,BTCUSDT,-5.91e-06,28800000
2024-08-21T16:00:00Z,BTCUSDT,3.96e-06,28800000
2024-08-22T00:00:00Z,BTCUSDT,-2.229e-05,28800000
2024-08-22T08:00:00Z,BTCUSDT,1.338e-05,28800000
2024-08-22T16:00:00Z,BTCUSDT,-7.261e-05,28800000
2024-08-23T00:00:00Z,BTCUSDT,-3.329e-05,28800000
2024-08-23T08:00:00Z,BTCUSDT,2.391e-05,28800000
2024-08-23T16:00:00Z,BTCUSDT,-4.317e-05,28800000
2024-08-24T00:00:00Z,BTCUSDT,-7.72e-06,28800000
2024-08-24T08:00:00Z,BTCUSDT,-7.23e-06,28800000
2024-08-24T16:00:00Z,BTCUSDT,6.395e-05,28800000
2024-08-25T00:00:00Z,BTCUSDT,-4.806e-05,28800000
2024-08-25T08:00:00Z,BTCUSDT,-1.531e-05,28800000
2024-08-25T16:00:00Z,BTCUSDT,3.108e-05,28800000
2024-08-26T00:00:00Z,BTCUSDT,2.439e-05,28800000
2024-08-26T08:00:00Z,BTCUSDT,3.448e-05,28800000
2024-08-26T16:00:00Z,BTCUSDT,3.789e-05,28800000
2024-08-27T00:00:00Z,BTCUSDT,2.795e-05,28800000
2024-08-27T08:00:00Z,BTCUSDT,1.751e-05,28800000
2024-08-27T16:00:00Z,BTCUSDT,7.753e-05,28800000
2024-08-28T00:00:00Z,BTCUSDT,-6.803e-05,28800000
2024-08-28T08:00:00Z,BTCUSDT,2.433e-05,28800000
2024-08-28T16:00:00Z,BTCUSDT,1.143e-05,28800000
2024-08-29T00:00:00Z,BTCUSDT,-9.76e-06,28800000
2024-08-29T08:00:00Z,BTCUSDT,-1.644e-05,28800000
2024-08-29T16:00:00Z,BTCUSDT,5.59e-06,28800000
2024-08-30T00:00:00Z,BTCUSDT,9.36e-06,28800000
2024-08-30T08:00:00Z,BTCUSDT,3.578e-05,28800000
2024-08-30T16:00:00Z,BTCUSDT,2.927e-05,28800000
2024-08-31T00:00:00Z,BTCUSDT,-1.749e-05,28800000
2024-08-31T08:00:00Z,BTCUSDT,3.578e-05,28800000
2024-08-31T16:00:00Z,BTCUSDT,3.8e-05,28800000
2024-09-01T00:00:00Z,BTCUSDT,4.113e-05,28800000
2024-09-01T08:00:00Z,BTCUSDT,-3.432e-05,28800000
2024-09-01T16:00:00Z,BTCUSDT,-3.82e-06,28800000
2024-09-02T00:00:00Z,BTCUSDT,-3.386e-05,28800000
2024-09-02T08:00:00Z,BTCUSDT,2.48e-06,28800000
2024-09-02T16:00:00Z,BTCUSDT,-3.63e-06,28800000
2024-09-03T00:00:00Z,BTCUSDT,6.245e-05,28800000
2024-09-03T08:00:00Z,BTCUSDT,5.123e-05,28800000
2024-09-03T16:00:00Z,BTCUSDT,4.598e-05,28800000
2024-09-04T00:00:00Z,BTCUSDT,2.209e-05,28800000
2024-09-04T08:00:00Z,BTCUSDT,1.05e-05,28800000
2024-09-04T16:00:00Z,BTCUSDT,-1.47e-05,28800000
2024-09-05T00:00:00Z,BTCUSDT,9.016e-05,28800000
2024-09-05T08:00:00Z,BTCUSDT,2.025e-05,28800000
2024-09-05T16:00:00Z,BTCUSDT,2.49e-05,28800000
2024-09-06T00:00:00Z,BTCUSDT,2.28e-05,28800000
2024-09-06T08:00:00Z,BTCUSDT,-1e-08,28800000
2024-09-06T16:00:00Z,BTCUSDT,1.428e-05,28800000
2024-09-07T00:00:00Z,BTCUSDT,-5.57e-06,28800000
2024-09-07T08:00:00Z,BTCUSDT,-7.634e-05,28800000
2024-09-07T16:00:00Z,BTCUSDT,-7.236e-05,28800000
2024-09-08T00:00:00Z,BTCUSDT,3.745e-05,28800000
2024-09-08T08:00:00Z,BTCUSDT,-5.999e-05,28800000
2024-09-08T16:00:00Z,BTCUSDT,-5.245e-05,28800000
2024-09-09T00:00:00Z,BTCUSDT,-7.585e-05,28800000
2024-09-09T08:00:00Z,BTCUSDT,-7.108e-05,28800000
2024-09-09T16:00:00Z,BTCUSDT,-3.875e-05,28800000
2024-09-10T00:00:00Z,BTCUSDT,-6.028e-05,28800000
2024-09-10T08:00:00Z,BTCUSDT,-2.93e-05,28800000
2024-09-10T16:00:00Z,BTCUSDT,-1.126e-05,28800000
2024-09-11T00:00:00Z,BTCUSDT,-8.953e-05,28800000
2024-09-11T08:00:00Z,BTCUSDT,-2.247e-05,28800000
2024-09-11T16:00:00Z,BTCUSDT,-5.212e-05,28800000
2024-09-12T00:00:00Z,BTCUSDT,-1.951e-05,28800000
2024-09-12T08:00:00Z,BTCUSDT,-5.46e-06,28800000
2024-09-12T16:00:00Z,BTCUSDT,-2.95e-05,28800000
2024-09-13T00:00:00Z,BTCUSDT,-6.9e-07,28800000
2024-09-13T08:00:00Z,BTCUSDT,-8.69e-06,28800000
2024-09-13T16:00:00Z,BTCUSDT,-2.443e-05,28800000
2024-09-14T00:00:00Z,BTCUSDT,-8.699e-05,28800000
2024-09-14T08:00:00Z,BTCUSDT,8.59e-06,28800000
2024-09-14T16:00:00Z,BTCUSDT,2.326e-05,28800000
2024-09-15T00:00:00Z,BTCUSDT,-4.91e-06,28800000
2024-09-15T08:00:00Z,BTCUSDT,1e-08,28800000
2024-09-15T16:00:00Z,BTCUSDT,4.02e-06,28800000
2024-09-16T00:00:00Z,BTCUSDT,2.402e-05,28800000
2024-09-16T08:00:00Z,BTCUSDT,3.564e-05,28800000
2024-09-16T16:00:00Z,BTCUSDT,6.762e-05,28800000
2024-09-17T00:00:00Z,BTCUSDT,8.529e-05,28800000
2024-09-17T08:00:00Z,BTCUSDT,1.911e-05,28800000
2024-09-17T16:00:00Z,BTCUSDT,5.327e-05,28800000
2024-09-18T00:00:00Z,BTCUSDT,1.344e-05,28800000
2024-09-18T08:00:00Z,BTCUSDT,1.678e-05,28800000
2024-09-18T16:00:00Z,BTCUSDT,4.648e-05,28800000
2024-09-19T00:00:00Z,BTCUSDT,3.512e-05,28800000
2024-09-19T08:00:00Z,BTCUSDT,2.949e-05,28800000
2024-09-19T16:00:00Z,BTCUSDT,4.072e-05,28800000
2024-09-20T00:00:00Z,BTCUSDT,8.065e-05,28800000
2024-09-20T08:00:00Z,BTCUSDT,-5.03e-06,28800000
2024-09-20T16:00:00Z,BTCUSDT,5.543e-05,28800000
2024-09-21T00:00:00Z,BTCUSDT,4.638e-05,28800000
2024-09-21T08:00:00Z,BTCUSDT,0.0001,28800000
2024-09-21T16:00:00Z,BTCUSDT,8.234e-05,28800000
2024-09-22T00:00:00Z,BTCUSDT,6.285e-05,28800000
2024-09-22T08:00:00Z,BTCUSDT,9.254e-05,28800000
2024-09-22T16:00:00Z,BTCUSDT,5.537e-05,28800000
2024-09-23T00:00:00Z,BTCUSDT,6.546e-05,28800000
2024-09-23T08:00:00Z,BTCUSDT,1.364e-05,28800000
2024-09-23T16:00:00Z,BTCUSDT,5.304e-05,28800000
2024-09-24T00:00:00Z,BTCUSDT,2.324e-05,28800000
2024-09-24T08:00:00Z,BTCUSDT,2.895e-05,28800000
2024-09-24T16:00:00Z,BTCUSDT,-1.82e-06,28800000
2024-09-25T00:00:00Z,BTCUSDT,1.223e-05,28800000
2024-09-25T08:00:00Z,BTCUSDT,1.141e-05,28800000
2024-09-25T16:00:00Z,BTCUSDT,1.336e-05,28800000
2024-09-26T00:00:00Z,BTCUSDT,1.65e-05,28800000
2024-09-26T08:00:00Z,BTCUSDT,6.246e-05,28800000
2024-09-26T16:00:00Z,BTCUSDT,0.0001,28800000
2024-09-27T00:00:00Z,BTCUSDT,0.0001,28800000
2024-09-27T08:00:00Z,BTCUSDT,6.722e-05,28800000
2024-09-27T16:00:00Z,BTCUSDT,2.275e-05,28800000
2024-09-28T00:00:00Z,BTCUSDT,5.455e-05,28800000
2024-09-28T08:00:00Z,BTCUSDT,8.3e-05,28800000
2024-09-28T16:00:00Z,BTCUSDT,1.414e-05,28800000
2024-09-29T00:00:00Z,BTCUSDT,7.25e-06,28800000
2024-09-29T08:00:00Z,BTCUSDT,3.128e-05,28800000
2024-09-29T16:00:00Z,BTCUSDT,7.253e-05,28800000
2024-09-30T00:00:00Z,BTCUSDT,3.077e-05,28800000
2024-09-30T08:00:00Z,BTCUSDT,7.939e-05,28800000
2024-09-30T16:00:00Z,BTCUSDT,0.0001,28800000
2024-10-01T00:00:00Z,BTCUSDT,0.0001,28800000
2024-10-01T08:00:00Z,BTCUSDT,0.0001,28800000
2024-10-01T16:00:00Z,BTCUSDT,0.0001,28800000
2024-10-02T00:00:00Z,BTCUSDT,6.632e-05,28800000
2024-10-02T08:00:00Z,BTCUSDT,8.409e-05,28800000
2024-10-02T16:00:00Z,BTCUSDT,8.191e-05,28800000
2024-10-03T00:00:00Z,BTCUSDT,4.381e-05,28800000
2024-10-03T08:00:00Z,BTCUSDT,3.746e-05,28800000
2024-10-03T16:00:00Z,BTCUSDT,4.99e-05,28800000
2024-10-04T00:00:00Z,BTCUSDT,7.097e-05,28800000
2024-10-04T08:00:00Z,BTCUSDT,2.119e-05,28800000
2024-10-04T16:00:00Z,BTCUSDT,2.43e-06,28800000
2024-10-05T00:00:00Z,BTCUSDT,-1.596e-05,28800000
2024-10-05T08:00:00Z,BTCUSDT,1.088e-05,28800000
2024-10-05T16:00:00Z,BTCUSDT,8.61e-06,28800000
2024-10-06T00:00:00Z,BTCUSDT,5.72e-06,28800000
2024-10-06T08:00:00Z,BTCUSDT,3.288e-05,28800000
2024-10-06T16:00:00Z,BTCUSDT,4.18e-05,28800000
2024-10-07T00:00:00Z,BTCUSDT,4.573e-05,28800000
2024-10-07T08:00:00Z,BTCUSDT,-9.52e-06,28800000
2024-10-07T16:00:00Z,BTCUSDT,2.177e-05,28800000
2024-10-08T00:00:00Z,BTCUSDT,-1.678e-05,28800000
2024-10-08T08:00:00Z,BTCUSDT,7.094e-05,28800000
2024-10-08T16:00:00Z,BTCUSDT,8.1e-05,28800000
2024-10-09T00:00:00Z,BTCUSDT,0.0001,28800000
2024-10-09T08:00:00Z,BTCUSDT,5.138e-05,28800000
2024-10-09T16:00:00Z,BTCUSDT,7.939e-05,28800000
2024-10-10T00:00:00Z,BTCUSDT,2.09e-05,28800000
2024-10-10T08:00:00Z,BTCUSDT,1.532e-05,28800000
2024-10-10T16:00:00Z,BTCUSDT,0.0001,28800000
2024-10-11T00:00:00Z,BTCUSDT,2.231e-05,28800000
2024-10-11T08:00:00Z,BTCUSDT,-1.874e-05,28800000
2024-10-11T16:00:00Z,BTCUSDT,1.2e-06,28800000
2024-10-12T00:00:00Z,BTCUSDT,4.558e-05,28800000
2024-10-12T08:00:00Z,BTCUSDT,7.664e-05,28800000
2024-10-12T16:00:00Z,BTCUSDT,-1.489e-05,28800000
2024-10-13T00:00:00Z,BTCUSDT,6.93e-06,28800000
2024-10-13T08:00:00Z,BTCUSDT,1.638e-05,28800000
2024-10-13T16:00:00Z,BTCUSDT,3.938e-05,28800000
2024-10-14T00:00:00Z,BTCUSDT,5.429e-05,28800000
2024-10-14T08:00:00Z,BTCUSDT,0.0001,28800000
2024-10-14T16:00:00Z,BTCUSDT,0.0001,28800000
2024-10-15T00:00:00Z,BTCUSDT,0.0001,28800000
2024-10-15T08:00:00Z,BTCUSDT,0.0001,28800000
2024-10-15T16:00:00Z,BTCUSDT,0.0001,28800000
2024-10-16T00:00:00Z,BTCUSDT,8.325e-05,28800000
2024-10-16T08:00:00Z,BTCUSDT,8.5e-05,28800000
2024-10-16T16:00:00Z,BTCUSDT,0.0001,28800000
2024-10-17T00:00:00Z,BTCUSDT,0.0001,28800000
2024-10-17T08:00:00Z,BTCUSDT,0.0001,28800000
2024-10-17T16:00:00Z,BTCUSDT,0.0001,28800000
2024-10-18T00:00:00Z,BTCUSDT,0.0001,28800000
2024-10-18T08:00:00Z,BTCUSDT,0.0001,28800000
2024-10-18T16:00:00Z,BTCUSDT,0.0001,28800000
2024-10-19T00:00:00Z,BTCUSDT,0.0001,28800000
2024-10-19T08:00:00Z,BTCUSDT,0.0001,28800000
2024-10-19T16:00:00Z,BTCUSDT,0.0001,28800000
2024-10-20T00:00:00Z,BTCUSDT,0.0001,28800000
2024-10-20T08:00:00Z,BTCUSDT,0.0001,28800000
2024-10-20T16:00:00Z,BTCUSDT,0.0001,28800000
2024-10-21T00:00:00Z,BTCUSDT,0.0001,28800000
2024-10-21T08:00:00Z,BTCUSDT,0.0001,28800000
2024-10-21T16:00:00Z,BTCUSDT,0.0001,28800000
2024-10-22T00:00:00Z,BTCUSDT,0.0001,28800000
2024-10-22T08:00:00Z,BTCUSDT,0.0001,28800000
2024-10-22T16:00:00Z,BTCUSDT,0.0001,28800000
2024-10-23T00:00:00Z,BTCUSDT,0.0001,28800000
2024-10-23T08:00:00Z,BTCUSDT,0.0001,28800000
2024-10-23T16:00:00Z,BTCUSDT,0.0001,28800000
2024-10-24T00:00:00Z,BTCUSDT,0.0001,28800000
2024-10-24T08:00:00Z,BTCUSDT,0.0001,28800000
2024-10-24T16:00:00Z,BTCUSDT,0.0001,28800000
2024-10-25T00:00:00Z,BTCUSDT,0.0001,28800000
2024-10-25T08:00:00Z,BTCUSDT,0.0001,28800000
2024-10-25T16:00:00Z,BTCUSDT,0.0001,28800000
2024-10-26T00:00:00Z,BTCUSDT,4.755e-05,28800000
2024-10-26T08:00:00Z,BTCUSDT,7.569e-05,28800000
2024-10-26T16:00:00Z,BTCUSDT,0.0001,28800000
2024-10-27T00:00:00Z,BTCUSDT,0.0001,28800000
2024-10-27T08:00:00Z,BTCUSDT,9.724e-05,28800000
2024-10-27T16:00:00Z,BTCUSDT,0.0001,28800000
2024-10-28T00:00:00Z,BTCUSDT,9.425e-05,28800000
2024-10-28T08:00:00Z,BTCUSDT,0.0001,28800000
2024-10-28T16:00:00Z,BTCUSDT,8.946e-05,28800000
2024-10-29T00:00:00Z,BTCUSDT,0.0001,28800000
2024-10-29T08:00:00Z,BTCUSDT,0.0001,28800000
2024-10-29T16:00:00Z,BTCUSDT,0.0001,28800000
2024-10-30T00:00:00Z,BTCUSDT,0.0001,28800000
2024-10-30T08:00:00Z,BTCUSDT,0.0001,28800000
2024-10-30T16:00:00Z,BTCUSDT,0.0001,28800000
2024-10-31T00:00:00Z,BTCUSDT,0.0001,28800000
2024-10-31T08:00:00Z,BTCUSDT,0.0001,28800000
2024-10-31T16:00:00Z,BTCUSDT,0.0001,28800000
2024-11-01T00:00:00Z,BTCUSDT,0.0001,28800000
2024-11-01T08:00:00Z,BTCUSDT,0.0001,28800000
2024-11-01T16:00:00Z,BTCUSDT,0.0001,28800000
2024-11-02T00:00:00Z,BTCUSDT,0.0001,28800000
2024-11-02T08:00:00Z,BTCUSDT,0.0001,28800000
2024-11-02T16:00:00Z,BTCUSDT,0.0001,28800000
2024-11-03T00:00:00Z,BTCUSDT,0.0001,28800000
2024-11-03T08:00:00Z,BTCUSDT,0.0001,28800000
2024-11-03T16:00:00Z,BTCUSDT,0.0001,28800000
2024-11-04T00:00:00Z,BTCUSDT,0.0001,28800000
2024-11-04T08:00:00Z,BTCUSDT,0.0001,28800000
2024-11-04T16:00:00Z,BTCUSDT,0.0001,28800000
2024-11-05T00:00:00Z,BTCUSDT,0.0001,28800000
2024-11-05T08:00:00Z,BTCUSDT,0.0001,28800000
2024-11-05T16:00:00Z,BTCUSDT,0.0001,28800000
2024-11-06T00:00:00Z,BTCUSDT,0.0001,28800000
2024-11-06T08:00:00Z,BTCUSDT,0.0001,28800000
2024-11-06T16:00:00Z,BTCUSDT,0.0001,28800000
2024-11-07T00:00:00Z,BTCUSDT,0.0001,28800000
2024-11-07T08:00:00Z,BTCUSDT,0.0001,28800000
2024-11-07T16:00:00Z,BTCUSDT,0.0001,28800000
2024-11-08T00:00:00Z,BTCUSDT,0.0001,28800000
2024-11-08T08:00:00Z,BTCUSDT,0.0001,28800000
2024-11-08T16:00:00Z,BTCUSDT,0.0001,28800000
2024-11-09T00:00:00Z,BTCUSDT,0.0001,28800000
2024-11-09T08:00:00Z,BTCUSDT,0.0001,28800000
2024-11-09T16:00:00Z,BTCUSDT,0.0001,28800000
2024-11-10T00:00:00Z,BTCUSDT,0.0001,28800000
2024-11-10T08:00:00Z,BTCUSDT,0.00025603,28800000
2024-11-10T16:00:00Z,BTCUSDT,0.00014113,28800000
2024-11-11T00:00:00Z,BTCUSDT,0.00036878,28800000
2024-11-11T08:00:00Z,BTCUSDT,0.0001,28800000
2024-11-11T16:00:00Z,BTCUSDT,0.0001,28800000
2024-11-12T00:00:00Z,BTCUSDT,0.00049133,28800000
2024-11-12T08:00:00Z,BTCUSDT,0.00043737,28800000
2024-11-12T16:00:00Z,BTCUSDT,0.00038754,28800000
2024-11-13T00:00:00Z,BTCUSDT,0.0001,28800000
2024-11-13T08:00:00Z,BTCUSDT,0.00013101,28800000
2024-11-13T16:00:00Z,BTCUSDT,0.00021856,28800000
2024-11-14T00:00:00Z,BTCUSDT,0.0001,28800000
2024-11-14T08:00:00Z,BTCUSDT,0.0001,28800000
2024-11-14T16:00:00Z,BTCUSDT,0.0001,28800000
2024-11-15T00:00:00Z,BTCUSDT,0.0001,28800000
2024-11-15T08:00:00Z,BTCUSDT,0.0001,28800000
2024-11-15T16:00:00Z,BTCUSDT,0.00010977,28800000
2024-11-16T00:00:00Z,BTCUSDT,0.0001,28800000
2024-11-16T08:00:00Z,BTCUSDT,0.0001,28800000
2024-11-16T16:00:00Z,BTCUSDT,0.00013231,28800000
2024-11-17T00:00:00Z,BTCUSDT,0.00015765,28800000
2024-11-17T08:00:00Z,BTCUSDT,0.0001,28800000
2024-11-17T16:00:00Z,BTCUSDT,0.00010577,28800000
2024-11-18T00:00:00Z,BTCUSDT,0.0001,28800000
2024-11-18T08:00:00Z,BTCUSDT,0.0003645,28800000
2024-11-18T16:00:00Z,BTCUSDT,0.00021318,28800000
2024-11-19T00:00:00Z,BTCUSDT,0.00021606,28800000
2024-11-19T08:00:00Z,BTCUSDT,0.00030216,28800000
2024-11-19T16:00:00Z,BTCUSDT,0.00017959,28800000
2024-11-20T00:00:00Z,BTCUSDT,0.0001,28800000
2024-11-20T08:00:00Z,BTCUSDT,0.0001,28800000
2024-11-20T16:00:00Z,BTCUSDT,0.0001,28800000
2024-11-21T00:00:00Z,BTCUSDT,0.0001,28800000
2024-11-21T08:00:00Z,BTCUSDT,0.0001,28800000
2024-11-21T16:00:00Z,BTCUSDT,0.0001,28800000
2024-11-22T00:00:00Z,BTCUSDT,0.0001,28800000
2024-11-22T08:00:00Z,BTCUSDT,0.0001,28800000
2024-11-22T16:00:00Z,BTCUSDT,0.0001,28800000
2024-11-23T00:00:00Z,BTCUSDT,0.0001,28800000
2024-11-23T08:00:00Z,BTCUSDT,0.0001,28800000
2024-11-23T16:00:00Z,BTCUSDT,0.0001,28800000
2024-11-24T00:00:00Z,BTCUSDT,0.0001,28800000
2024-11-24T08:00:00Z,BTCUSDT,0.00016148,28800000
2024-11-24T16:00:00Z,BTCUSDT,0.00023228,28800000
2024-11-25T00:00:00Z,BTCUSDT,0.00021035,28800000
2024-11-25T08:00:00Z,BTCUSDT,0.0001,28800000
2024-11-25T16:00:00Z,BTCUSDT,0.00025233,28800000
2024-11-26T00:00:00Z,BTCUSDT,0.00021902,28800000
2024-11-26T08:00:00Z,BTCUSDT,0.00017936,28800000
2024-11-26T16:00:00Z,BTCUSDT,0.00029599,28800000
2024-11-27T00:00:00Z,BTCUSDT,0.00031205,28800000
2024-11-27T08:00:00Z,BTCUSDT,0.00016795,28800000
2024-11-27T16:00:00Z,BTCUSDT,0.0001,28800000
2024-11-28T00:00:00Z,BTCUSDT,0.0001,28800000
2024-11-28T08:00:00Z,BTCUSDT,0.00014326,28800000
2024-11-28T16:00:00Z,BTCUSDT,0.00011859,28800000
2024-11-29T00:00:00Z,BTCUSDT,0.00020619,28800000
2024-11-29T08:00:00Z,BTCUSDT,0.00011747,28800000
2024-11-29T16:00:00Z,BTCUSDT,0.00021921,28800000
2024-11-30T00:00:00Z,BTCUSDT,0.0001,28800000
2024-11-30T08:00:00Z,BTCUSDT,0.00015909,28800000
2024-11-30T16:00:00Z,BTCUSDT,0.00012063,28800000
2024-12-01T00:00:00Z,BTCUSDT,0.00015901,28800000
2024-12-01T08:00:00Z,BTCUSDT,0.00019581,28800000
2024-12-01T16:00:00Z,BTCUSDT,0.0001,28800000
2024-12-02T00:00:00Z,BTCUSDT,0.00025726,28800000
2024-12-02T08:00:00Z,BTCUSDT,0.00024556,28800000
2024-12-02T16:00:00Z,BTCUSDT,0.00013387,28800000
2024-12-03T00:00:00Z,BTCUSDT,0.00012779,28800000
2024-12-03T08:00:00Z,BTCUSDT,0.00024926,28800000
2024-12-03T16:00:00Z,BTCUSDT,0.00011952,28800000
2024-12-04T00:00:00Z,BTCUSDT,0.00026634,28800000
2024-12-04T08:00:00Z,BTCUSDT,0.00026254,28800000
2024-12-04T16:00:00Z,BTCUSDT,0.00023234,28800000
2024-12-05T00:00:00Z,BTCUSDT,0.00027625,28800000
2024-12-05T08:00:00Z,BTCUSDT,0.00072446,28800000
2024-12-05T16:00:00Z,BTCUSDT,0.00047059,28800000
2024-12-06T00:00:00Z,BTCUSDT,0.0001,28800000
2024-12-06T08:00:00Z,BTCUSDT,0.00014634,28800000
2024-12-06T16:00:00Z,BTCUSDT,0.0001,28800000
2024-12-07T00:00:00Z,BTCUSDT,0.00031972,28800000
2024-12-07T08:00:00Z,BTCUSDT,0.00012374,28800000
2024-12-07T16:00:00Z,BTCUSDT,0.0001409,28800000
2024-12-08T00:00:00Z,BTCUSDT,0.00016985,28800000
2024-12-08T08:00:00Z,BTCUSDT,0.00016572,28800000
2024-12-08T16:00:00Z,BTCUSDT,0.0001758,28800000
2024-12-09T00:00:00Z,BTCUSDT,0.00030413,28800000
2024-12-09T08:00:00Z,BTCUSDT,0.00021032,28800000
2024-12-09T16:00:00Z,BTCUSDT,0.00011115,28800000
2024-12-10T00:00:00Z,BTCUSDT,0.0001,28800000
2024-12-10T08:00:00Z,BTCUSDT,0.0001,28800000
2024-12-10T16:00:00Z,BTCUSDT,0.0001,28800000
2024-12-11T00:00:00Z,BTCUSDT,0.0001,28800000
2024-12-11T08:00:00Z,BTCUSDT,0.0001,28800000
2024-12-11T16:00:00Z,BTCUSDT,0.0001,28800000
2024-12-12T00:00:00Z,BTCUSDT,0.0001,28800000
2024-12-12T08:00:00Z,BTCUSDT,0.0001,28800000
2024-12-12T16:00:00Z,BTCUSDT,0.0001,28800000
2024-12-13T00:00:00Z,BTCUSDT,0.0001,28800000
2024-12-13T08:00:00Z,BTCUSDT,0.0001,28800000
2024-12-13T16:00:00Z,BTCUSDT,0.0001,28800000
2024-12-14T00:00:00Z,BTCUSDT,6.75e-05,28800000
2024-12-14T08:00:00Z,BTCUSDT,0.0001,28800000
2024-12-14T16:00:00Z,BTCUSDT,0.0001,28800000
2024-12-15T00:00:00Z,BTCUSDT,0.0001,28800000
2024-12-15T08:00:00Z,BTCUSDT,8.194e-05,28800000
2024-12-15T16:00:00Z,BTCUSDT,0.0001,28800000
2024-12-16T00:00:00Z,BTCUSDT,0.0001,28800000
2024-12-16T08:00:00Z,BTCUSDT,0.0001,28800000
2024-12-16T16:00:00Z,BTCUSDT,9.181e-05,28800000
2024-12-17T00:00:00Z,BTCUSDT,7.866e-05,28800000
2024-12-17T08:00:00Z,BTCUSDT,0.0001,28800000
2024-12-17T16:00:00Z,BTCUSDT,0.0001,28800000
2024-12-18T00:00:00Z,BTCUSDT,0.0001,28800000
2024-12-18T08:00:00Z,BTCUSDT,9.159e-05,28800000
2024-12-18T16:00:00Z,BTCUSDT,0.0001,28800000
2024-12-19T00:00:00Z,BTCUSDT,0.0001,28800000
2024-12-19T08:00:00Z,BTCUSDT,0.0001,28800000
2024-12-19T16:00:00Z,BTCUSDT,0.0001,28800000
2024-12-20T00:00:00Z,BTCUSDT,0.0001,28800000
2024-12-20T08:00:00Z,BTCUSDT,0.0001,28800000
2024-12-20T16:00:00Z,BTCUSDT,0.0001,28800000
2024-12-21T00:00:00Z,BTCUSDT,0.0001,28800000
2024-12-21T08:00:00Z,BTCUSDT,1.206e-05,28800000
2024-12-21T16:00:00Z,BTCUSDT,0.0001,28800000
2024-12-22T00:00:00Z,BTCUSDT,0.0001,28800000
2024-12-22T08:00:00Z,BTCUSDT,0.0001,28800000
2024-12-22T16:00:00Z,BTCUSDT,9.629e-05,28800000
2024-12-23T00:00:00Z,BTCUSDT,0.0001,28800000
2024-12-23T08:00:00Z,BTCUSDT,0.0001,28800000
2024-12-23T16:00:00Z,BTCUSDT,8.981e-05,28800000
2024-12-24T00:00:00Z,BTCUSDT,0.0001,28800000
2024-12-24T08:00:00Z,BTCUSDT,0.0001,28800000
2024-12-24T16:00:00Z,BTCUSDT,0.0001,28800000
2024-12-25T00:00:00Z,BTCUSDT,0.0001,28800000
2024-12-25T08:00:00Z,BTCUSDT,0.0001,28800000
2024-12-25T16:00:00Z,BTCUSDT,0.0001,28800000
2024-12-26T00:00:00Z,BTCUSDT,9.827e-05,28800000
2024-12-26T08:00:00Z,BTCUSDT,7.453e-05,28800000
2024-12-26T16:00:00Z,BTCUSDT,8.585e-05,28800000
2024-12-27T00:00:00Z,BTCUSDT,0.0001,28800000
2024-12-27T08:00:00Z,BTCUSDT,0.0001,28800000
2024-12-27T16:00:00Z,BTCUSDT,0.0001,28800000
2024-12-28T00:00:00Z,BTCUSDT,0.0001,28800000
2024-12-28T08:00:00Z,BTCUSDT,7.639e-05,28800000
2024-12-28T16:00:00Z,BTCUSDT,5.173e-05,28800000
2024-12-29T00:00:00Z,BTCUSDT,8.013e-05,28800000
2024-12-29T08:00:00Z,BTCUSDT,0.0001,28800000
2024-12-29T16:00:00Z,BTCUSDT,0.0001,28800000
2024-12-30T00:00:00Z,BTCUSDT,-4.2e-07,28800000
2024-12-30T08:00:00Z,BTCUSDT,8.791e-05,28800000
2024-12-30T16:00:00Z,BTCUSDT,0.0001,28800000
2024-12-31T00:00:00Z,BTCUSDT,0.0001,28800000
2024-12-31T08:00:00Z,BTCUSDT,0.0001,28800000
2024-12-31T16:00:00Z,BTCUSDT,0.0001,28800000
2025-01-01T00:00:00Z,BTCUSDT,0.0001,28800000
2025-01-01T08:00:00Z,BTCUSDT,0.0001,28800000
2025-01-01T16:00:00Z,BTCUSDT,0.0001,28800000
2025-01-02T00:00:00Z,BTCUSDT,0.0001,28800000
2025-01-02T08:00:00Z,BTCUSDT,0.0001,28800000
2025-01-02T16:00:00Z,BTCUSDT,0.0001,28800000
2025-01-03T00:00:00Z,BTCUSDT,0.0001,28800000
2025-01-03T08:00:00Z,BTCUSDT,0.0001,28800000
2025-01-03T16:00:00Z,BTCUSDT,5.242e-05,28800000
2025-01-04T00:00:00Z,BTCUSDT,7.699e-05,28800000
2025-01-04T08:00:00Z,BTCUSDT,0.0001,28800000
2025-01-04T16:00:00Z,BTCUSDT,7.98e-06,28800000
2025-01-05T00:00:00Z,BTCUSDT,0.0001,28800000
2025-01-05T08:00:00Z,BTCUSDT,0.0001,28800000
2025-01-05T16:00:00Z,BTCUSDT,8.32e-05,28800000
2025-01-06T00:00:00Z,BTCUSDT,0.0001,28800000
2025-01-06T08:00:00Z,BTCUSDT,0.0001,28800000
2025-01-06T16:00:00Z,BTCUSDT,0.0001,28800000
2025-01-07T00:00:00Z,BTCUSDT,0.0001,28800000
2025-01-07T08:00:00Z,BTCUSDT,8.903e-05,28800000
2025-01-07T16:00:00Z,BTCUSDT,8.279e-05,28800000
2025-01-08T00:00:00Z,BTCUSDT,0.0001,28800000
2025-01-08T08:00:00Z,BTCUSDT,0.0001,28800000
2025-01-08T16:00:00Z,BTCUSDT,0.0001,28800000
2025-01-09T00:00:00Z,BTCUSDT,0.0001,28800000
2025-01-09T08:00:00Z,BTCUSDT,9.834e-05,28800000
2025-01-09T16:00:00Z,BTCUSDT,-5.44e-06,28800000
2025-01-10T00:00:00Z,BTCUSDT,3.966e-05,28800000
2025-01-10T08:00:00Z,BTCUSDT,-1.06e-05,28800000
2025-01-10T16:00:00Z,BTCUSDT,8.078e-05,28800000
2025-01-11T00:00:00Z,BTCUSDT,5.68e-05,28800000
2025-01-11T08:00:00Z,BTCUSDT,4.055e-05,28800000
2025-01-11T16:00:00Z,BTCUSDT,2.608e-05,28800000
2025-01-12T00:00:00Z,BTCUSDT,5.009e-05,28800000
2025-01-12T08:00:00Z,BTCUSDT,3.21e-05,28800000
2025-01-12T16:00:00Z,BTCUSDT,6.647e-05,28800000
2025-01-13T00:00:00Z,BTCUSDT,5.266e-05,28800000
2025-01-13T08:00:00Z,BTCUSDT,6.989e-05,28800000
2025-01-13T16:00:00Z,BTCUSDT,8.81e-06,28800000
2025-01-14T00:00:00Z,BTCUSDT,0.0001,28800000
2025-01-14T08:00:00Z,BTCUSDT,0.0001,28800000
2025-01-14T16:00:00Z,BTCUSDT,9.496e-05,28800000
2025-01-15T00:00:00Z,BTCUSDT,4.989e-05,28800000
2025-01-15T08:00:00Z,BTCUSDT,8.795e-05,28800000
2025-01-15T16:00:00Z,BTCUSDT,5.844e-05,28800000
2025-01-16T00:00:00Z,BTCUSDT,7.28e-06,28800000
2025-01-16T08:00:00Z,BTCUSDT,7.568e-05,28800000
2025-01-16T16:00:00Z,BTCUSDT,4.598e-05,28800000
2025-01-17T00:00:00Z,BTCUSDT,4.597e-05,28800000
2025-01-17T08:00:00Z,BTCUSDT,9.386e-05,28800000
2025-01-17T16:00:00Z,BTCUSDT,3.432e-05,28800000
2025-01-18T00:00:00Z,BTCUSDT,6.707e-05,28800000
2025-01-18T08:00:00Z,BTCUSDT,0.0001,28800000
2025-01-18T16:00:00Z,BTCUSDT,0.0001,28800000
2025-01-19T00:00:00Z,BTCUSDT,0.0001,28800000
2025-01-19T08:00:00Z,BTCUSDT,0.0001,28800000
2025-01-19T16:00:00Z,BTCUSDT,0.0001,28800000
2025-01-20T00:00:00Z,BTCUSDT,0.0001,28800000
2025-01-20T08:00:00Z,BTCUSDT,0.0001,28800000
2025-01-20T16:00:00Z,BTCUSDT,0.0001,28800000
2025-01-21T00:00:00Z,BTCUSDT,0.0001,28800000
2025-01-21T08:00:00Z,BTCUSDT,0.0001,28800000
2025-01-21T16:00:00Z,BTCUSDT,0.0001,28800000
2025-01-22T00:00:00Z,BTCUSDT,0.0001,28800000
2025-01-22T08:00:00Z,BTCUSDT,0.0001,28800000
2025-01-22T16:00:00Z,BTCUSDT,0.0001,28800000
2025-01-23T00:00:00Z,BTCUSDT,8.654e-05,28800000
2025-01-23T08:00:00Z,BTCUSDT,0.0001,28800000
2025-01-23T16:00:00Z,BTCUSDT,8.616e-05,28800000
2025-01-24T00:00:00Z,BTCUSDT,3.34e-06,28800000
2025-01-24T08:00:00Z,BTCUSDT,7.537e-05,28800000
2025-01-24T16:00:00Z,BTCUSDT,9.54e-05,28800000
2025-01-25T00:00:00Z,BTCUSDT,5.702e-05,28800000
2025-01-25T08:00:00Z,BTCUSDT,8.495e-05,28800000
2025-01-25T16:00:00Z,BTCUSDT,7.782e-05,28800000
2025-01-26T00:00:00Z,BTCUSDT,8.363e-05,28800000
2025-01-26T08:00:00Z,BTCUSDT,0.0001,28800000
2025-01-26T16:00:00Z,BTCUSDT,8.443e-05,28800000
2025-01-27T00:00:00Z,BTCUSDT,9.084e-05,28800000
2025-01-27T08:00:00Z,BTCUSDT,3.712e-05,28800000
2025-01-27T16:00:00Z,BTCUSDT,9.8e-07,28800000
2025-01-28T00:00:00Z,BTCUSDT,0.0001,28800000
2025-01-28T08:00:00Z,BTCUSDT,3.714e-05,28800000
2025-01-28T16:00:00Z,BTCUSDT,9.848e-05,28800000
2025-01-29T00:00:00Z,BTCUSDT,0.0001,28800000
2025-01-29T08:00:00Z,BTCUSDT,0.0001,28800000
2025-01-29T16:00:00Z,BTCUSDT,9.949e-05,28800000
2025-01-30T00:00:00Z,BTCUSDT,7.59e-05,28800000
2025-01-30T08:00:00Z,BTCUSDT,0.0001,28800000
2025-01-30T16:00:00Z,BTCUSDT,9.499e-05,28800000
2025-01-31T00:00:00Z,BTCUSDT,1.225e-05,28800000
2025-01-31T08:00:00Z,BTCUSDT,0.0001,28800000
2025-01-31T16:00:00Z,BTCUSDT,0.0001,28800000
2025-02-01T00:00:00Z,BTCUSDT,8.098e-05,28800000
2025-02-01T08:00:00Z,BTCUSDT,5.369e-05,28800000
2025-02-01T16:00:00Z,BTCUSDT,5.968e-05,28800000
2025-02-02T00:00:00Z,BTCUSDT,5.824e-05,28800000
2025-02-02T08:00:00Z,BTCUSDT,3.38e-05,28800000
2025-02-02T16:00:00Z,BTCUSDT,-8.61e-06,28800000
2025-02-03T00:00:00Z,BTCUSDT,0.0001,28800000
2025-02-03T08:00:00Z,BTCUSDT,0.0001,28800000
2025-02-03T16:00:00Z,BTCUSDT,4.845e-05,28800000
2025-02-04T00:00:00Z,BTCUSDT,2.612e-05,28800000
2025-02-04T08:00:00Z,BTCUSDT,6.8e-05,28800000
2025-02-04T16:00:00Z,BTCUSDT,4.138e-05,28800000
2025-02-05T00:00:00Z,BTCUSDT,-4.61e-06,28800000
2025-02-05T08:00:00Z,BTCUSDT,4.774e-05,28800000
2025-02-05T16:00:00Z,BTCUSDT,1.61e-05,28800000
2025-02-06T00:00:00Z,BTCUSDT,2.186e-05,28800000
2025-02-06T08:00:00Z,BTCUSDT,-2.38e-06,28800000
2025-02-06T16:00:00Z,BTCUSDT,5.903e-05,28800000
2025-02-07T00:00:00Z,BTCUSDT,7.983e-05,28800000
2025-02-07T08:00:00Z,BTCUSDT,6.989e-05,28800000
2025-02-07T16:00:00Z,BTCUSDT,5.167e-05,28800000
2025-02-08T00:00:00Z,BTCUSDT,-4.1e-05,28800000
2025-02-08T08:00:00Z,BTCUSDT,1.137e-05,28800000
2025-02-08T16:00:00Z,BTCUSDT,3.24e-06,28800000
2025-02-09T00:00:00Z,BTCUSDT,3.873e-05,28800000
2025-02-09T08:00:00Z,BTCUSDT,9.6e-05,28800000
2025-02-09T16:00:00Z,BTCUSDT,2.839e-05,28800000
2025-02-10T00:00:00Z,BTCUSDT,1.802e-05,28800000
2025-02-10T08:00:00Z,BTCUSDT,9.176e-05,28800000
2025-02-10T16:00:00Z,BTCUSDT,7.457e-05,28800000
2025-02-11T00:00:00Z,BTCUSDT,4.218e-05,28800000
2025-02-11T08:00:00Z,BTCUSDT,7.09e-05,28800000
2025-02-11T16:00:00Z,BTCUSDT,-2.446e-05,28800000
2025-02-12T00:00:00Z,BTCUSDT,1.298e-05,28800000
2025-02-12T08:00:00Z,BTCUSDT,4.899e-05,28800000
2025-02-12T16:00:00Z,BTCUSDT,4.96e-05,28800000
2025-02-13T00:00:00Z,BTCUSDT,0.0001,28800000
2025-02-13T08:00:00Z,BTCUSDT,4.117e-05,28800000
2025-02-13T16:00:00Z,BTCUSDT,8.05e-06,28800000
2025-02-14T00:00:00Z,BTCUSDT,4.1e-05,28800000
2025-02-14T08:00:00Z,BTCUSDT,5.51e-05,28800000
2025-02-14T16:00:00Z,BTCUSDT,7.093e-05,28800000
2025-02-15T00:00:00Z,BTCUSDT,5.5e-07,28800000
2025-02-15T08:00:00Z,BTCUSDT,3.297e-05,28800000
2025-02-15T16:00:00Z,BTCUSDT,3.735e-05,28800000
2025-02-16T00:00:00Z,BTCUSDT,3.39e-05,28800000
2025-02-16T08:00:00Z,BTCUSDT,1.82e-06,28800000
2025-02-16T16:00:00Z,BTCUSDT,3.799e-05,28800000
2025-02-17T00:00:00Z,BTCUSDT,6.239e-05,28800000
2025-02-17T08:00:00Z,BTCUSDT,6.397e-05,28800000
2025-02-17T16:00:00Z,BTCUSDT,2.009e-05,28800000
2025-02-18T00:00:00Z,BTCUSDT,9.488e-05,28800000
2025-02-18T08:00:00Z,BTCUSDT,0.0001,28800000
2025-02-18T16:00:00Z,BTCUSDT,0.0001,28800000
2025-02-19T00:00:00Z,BTCUSDT,7.007e-05,28800000
2025-02-19T08:00:00Z,BTCUSDT,7.779e-05,28800000
2025-02-19T16:00:00Z,BTCUSDT,8.96e-05,28800000
2025-02-20T00:00:00Z,BTCUSDT,2.42e-05,28800000
2025-02-20T08:00:00Z,BTCUSDT,3.269e-05,28800000
2025-02-20T16:00:00Z,BTCUSDT,7.346e-05,28800000
2025-02-21T00:00:00Z,BTCUSDT,1.23e-06,28800000
2025-02-21T08:00:00Z,BTCUSDT,2.286e-05,28800000
2025-02-21T16:00:00Z,BTCUSDT,-9.7e-07,28800000
2025-02-22T00:00:00Z,BTCUSDT,0.0001,28800000
2025-02-22T08:00:00Z,BTCUSDT,6.466e-05,28800000
2025-02-22T16:00:00Z,BTCUSDT,2.318e-05,28800000
2025-02-23T00:00:00Z,BTCUSDT,4.112e-05,28800000
2025-02-23T08:00:00Z,BTCUSDT,3.14e-05,28800000
2025-02-23T16:00:00Z,BTCUSDT,1.478e-05,28800000
2025-02-24T00:00:00Z,BTCUSDT,-2.97e-05,28800000
2025-02-24T08:00:00Z,BTCUSDT,6.881e-05,28800000
2025-02-24T16:00:00Z,BTCUSDT,2.05e-05,28800000
2025-02-25T00:00:00Z,BTCUSDT,0.0001,28800000
2025-02-25T08:00:00Z,BTCUSDT,5.245e-05,28800000
2025-02-25T16:00:00Z,BTCUSDT,1.385e-05,28800000
2025-02-26T00:00:00Z,BTCUSDT,3.521e-05,28800000
2025-02-26T08:00:00Z,BTCUSDT,6.005e-05,28800000
2025-02-26T16:00:00Z,BTCUSDT,0.0001,28800000
2025-02-27T00:00:00Z,BTCUSDT,9.305e-05,28800000
2025-02-27T08:00:00Z,BTCUSDT,-6.17e-06,28800000
2025-02-27T16:00:00Z,BTCUSDT,9.433e-05,28800000
2025-02-28T00:00:00Z,BTCUSDT,9.444e-05,28800000
2025-02-28T08:00:00Z,BTCUSDT,9.521e-05,28800000
2025-02-28T16:00:00Z,BTCUSDT,-3.73e-06,28800000
2025-03-01T00:00:00Z,BTCUSDT,-1.4e-07,28800000
2025-03-01T08:00:00Z,BTCUSDT,-6.108e-05,28800000
2025-03-01T16:00:00Z,BTCUSDT,-8.58e-06,28800000
2025-03-02T00:00:00Z,BTCUSDT,-1.094e-05,28800000
2025-03-02T08:00:00Z,BTCUSDT,-2.783e-05,28800000
2025-03-02T16:00:00Z,BTCUSDT,-2.869e-05,28800000
2025-03-03T00:00:00Z,BTCUSDT,-5.518e-05,28800000
2025-03-03T08:00:00Z,BTCUSDT,7.91e-06,28800000
2025-03-03T16:00:00Z,BTCUSDT,5.272e-05,28800000
2025-03-04T00:00:00Z,BTCUSDT,-1.526e-05,28800000
2025-03-04T08:00:00Z,BTCUSDT,-2.7e-06,28800000
2025-03-04T16:00:00Z,BTCUSDT,1.306e-05,28800000
2025-03-05T00:00:00Z,BTCUSDT,4.113e-05,28800000
2025-03-05T08:00:00Z,BTCUSDT,2.722e-05,28800000
2025-03-05T16:00:00Z,BTCUSDT,5.028e-05,28800000
2025-03-06T00:00:00Z,BTCUSDT,3.538e-05,28800000
2025-03-06T08:00:00Z,BTCUSDT,6.413e-05,28800000
2025-03-06T16:00:00Z,BTCUSDT,6.818e-05,28800000
2025-03-07T00:00:00Z,BTCUSDT,-6.12e-06,28800000
2025-03-07T08:00:00Z,BTCUSDT,-1.539e-05,28800000
2025-03-07T16:00:00Z,BTCUSDT,2.028e-05,28800000
2025-03-08T00:00:00Z,BTCUSDT,5.328e-05,28800000
2025-03-08T08:00:00Z,BTCUSDT,3.73e-06,28800000
2025-03-08T16:00:00Z,BTCUSDT,1.208e-05,28800000
2025-03-09T00:00:00Z,BTCUSDT,-2.779e-05,28800000
2025-03-09T08:00:00Z,BTCUSDT,3.218e-05,28800000
2025-03-09T16:00:00Z,BTCUSDT,0.0001,28800000
2025-03-10T00:00:00Z,BTCUSDT,3.952e-05,28800000
2025-03-10T08:00:00Z,BTCUSDT,1.344e-05,28800000
2025-03-10T16:00:00Z,BTCUSDT,4.037e-05,28800000
2025-03-11T00:00:00Z,BTCUSDT,4.705e-05,28800000
2025-03-11T08:00:00Z,BTCUSDT,3.26e-05,28800000
2025-03-11T16:00:00Z,BTCUSDT,8.746e-05,28800000
2025-03-12T00:00:00Z,BTCUSDT,5.76e-06,28800000
2025-03-12T08:00:00Z,BTCUSDT,5.815e-05,28800000
2025-03-12T16:00:00Z,BTCUSDT,4.013e-05,28800000
2025-03-13T00:00:00Z,BTCUSDT,4.3e-06,28800000
2025-03-13T08:00:00Z,BTCUSDT,2.069e-05,28800000
2025-03-13T16:00:00Z,BTCUSDT,3.19e-05,28800000
2025-03-14T00:00:00Z,BTCUSDT,5.386e-05,28800000
2025-03-14T08:00:00Z,BTCUSDT,5.331e-05,28800000
2025-03-14T16:00:00Z,BTCUSDT,3.57e-06,28800000
2025-03-15T00:00:00Z,BTCUSDT,-6.035e-05,28800000
2025-03-15T08:00:00Z,BTCUSDT,-2.389e-05,28800000
2025-03-15T16:00:00Z,BTCUSDT,-3.21e-06,28800000
2025-03-16T00:00:00Z,BTCUSDT,4.32e-06,28800000
2025-03-16T08:00:00Z,BTCUSDT,4.236e-05,28800000
2025-03-16T16:00:00Z,BTCUSDT,1.247e-05,28800000
2025-03-17T00:00:00Z,BTCUSDT,1.065e-05,28800000
2025-03-17T08:00:00Z,BTCUSDT,8.474e-05,28800000
2025-03-17T16:00:00Z,BTCUSDT,8.59e-06,28800000
2025-03-18T00:00:00Z,BTCUSDT,7.03e-06,28800000
2025-03-18T08:00:00Z,BTCUSDT,2.059e-05,28800000
2025-03-18T16:00:00Z,BTCUSDT,3.514e-05,28800000
2025-03-19T00:00:00Z,BTCUSDT,2e-06,28800000
2025-03-19T08:00:00Z,BTCUSDT,5.961e-05,28800000
2025-03-19T16:00:00Z,BTCUSDT,5.024e-05,28800000
2025-03-20T00:00:00Z,BTCUSDT,1.944e-05,28800000
2025-03-20T08:00:00Z,BTCUSDT,3.79e-05,28800000
2025-03-20T16:00:00Z,BTCUSDT,1.086e-05,28800000
2025-03-21T00:00:00Z,BTCUSDT,1.615e-05,28800000
2025-03-21T08:00:00Z,BTCUSDT,5.324e-05,28800000
2025-03-21T16:00:00Z,BTCUSDT,2.518e-05,28800000
2025-03-22T00:00:00Z,BTCUSDT,2.836e-05,28800000
2025-03-22T08:00:00Z,BTCUSDT,-1.77e-05,28800000
2025-03-22T16:00:00Z,BTCUSDT,5.092e-05,28800000
2025-03-23T00:00:00Z,BTCUSDT,2.099e-05,28800000
2025-03-23T08:00:00Z,BTCUSDT,-1.84e-06,28800000
2025-03-23T16:00:00Z,BTCUSDT,4.02e-05,28800000
2025-03-24T00:00:00Z,BTCUSDT,2.039e-05,28800000
2025-03-24T08:00:00Z,BTCUSDT,5.512e-05,28800000
2025-03-24T16:00:00Z,BTCUSDT,-3.422e-05,28800000
2025-03-25T00:00:00Z,BTCUSDT,-2.47e-06,28800000
2025-03-25T08:00:00Z,BTCUSDT,1.15e-05,28800000
2025-03-25T16:00:00Z,BTCUSDT,-3.776e-05,28800000
2025-03-26T00:00:00Z,BTCUSDT,-2.99e-05,28800000
2025-03-26T08:00:00Z,BTCUSDT,1.659e-05,28800000
2025-03-26T16:00:00Z,BTCUSDT,-3.082e-05,28800000
2025-03-27T00:00:00Z,BTCUSDT,3.136e-05,28800000
2025-03-27T08:00:00Z,BTCUSDT,5.512e-05,28800000
2025-03-27T16:00:00Z,BTCUSDT,-3.76e-05,28800000
2025-03-28T00:00:00Z,BTCUSDT,1.584e-05,28800000
2025-03-28T08:00:00Z,BTCUSDT,-4.57e-06,28800000
2025-03-28T16:00:00Z,BTCUSDT,8.118e-05,28800000
2025-03-29T00:00:00Z,BTCUSDT,5.364e-05,28800000
2025-03-29T08:00:00Z,BTCUSDT,8.214e-05,28800000
2025-03-29T16:00:00Z,BTCUSDT,2.53e-05,28800000
2025-03-30T00:00:00Z,BTCUSDT,3.41e-06,28800000
2025-03-30T08:00:00Z,BTCUSDT,4.27e-06,28800000
2025-03-30T16:00:00Z,BTCUSDT,4.588e-05,28800000
2025-03-31T00:00:00Z,BTCUSDT,2.643e-05,28800000
2025-03-31T08:00:00Z,BTCUSDT,6.02e-05,28800000
2025-03-31T16:00:00Z,BTCUSDT,1.845e-05,28800000
2025-04-01T00:00:00Z,BTCUSDT,3.961e-05,28800000
2025-04-01T08:00:00Z,BTCUSDT,2.889e-05,28800000
2025-04-01T16:00:00Z,BTCUSDT,3.573e-05,28800000
2025-04-02T00:00:00Z,BTCUSDT,-2.112e-05,28800000
2025-04-02T08:00:00Z,BTCUSDT,3.036e-05,28800000
2025-04-02T16:00:00Z,BTCUSDT,7.33e-06,28800000
2025-04-03T00:00:00Z,BTCUSDT,5.862e-05,28800000
2025-04-03T08:00:00Z,BTCUSDT,5.038e-05,28800000
2025-04-03T16:00:00Z,BTCUSDT,6.484e-05,28800000
2025-04-04T00:00:00Z,BTCUSDT,4.283e-05,28800000
2025-04-04T08:00:00Z,BTCUSDT,4.736e-05,28800000
2025-04-04T16:00:00Z,BTCUSDT,8.038e-05,28800000
2025-04-05T00:00:00Z,BTCUSDT,8.559e-05,28800000
2025-04-05T08:00:00Z,BTCUSDT,7.437e-05,28800000
2025-04-05T16:00:00Z,BTCUSDT,4.08e-06,28800000
2025-04-06T00:00:00Z,BTCUSDT,2.21e-06,28800000
2025-04-06T08:00:00Z,BTCUSDT,5.363e-05,28800000
2025-04-06T16:00:00Z,BTCUSDT,-6.03e-06,28800000
2025-04-07T00:00:00Z,BTCUSDT,4.946e-05,28800000
2025-04-07T08:00:00Z,BTCUSDT,6.857e-05,28800000
2025-04-07T16:00:00Z,BTCUSDT,4.998e-05,28800000
2025-04-08T00:00:00Z,BTCUSDT,4.074e-05,28800000
2025-04-08T08:00:00Z,BTCUSDT,3.575e-05,28800000
2025-04-08T16:00:00Z,BTCUSDT,3.134e-05,28800000
2025-04-09T00:00:00Z,BTCUSDT,9.568e-05,28800000
2025-04-09T08:00:00Z,BTCUSDT,-2.252e-05,28800000
2025-04-09T16:00:00Z,BTCUSDT,6.856e-05,28800000
2025-04-10T00:00:00Z,BTCUSDT,7.705e-05,28800000
2025-04-10T08:00:00Z,BTCUSDT,1.14e-06,28800000
2025-04-10T16:00:00Z,BTCUSDT,6.775e-05,28800000
2025-04-11T00:00:00Z,BTCUSDT,2.065e-05,28800000
2025-04-11T08:00:00Z,BTCUSDT,-4.294e-05,28800000
2025-04-11T16:00:00Z,BTCUSDT,3.29e-05,28800000
2025-04-12T00:00:00Z,BTCUSDT,3.654e-05,28800000
2025-04-12T08:00:00Z,BTCUSDT,5.64e-05,28800000
2025-04-12T16:00:00Z,BTCUSDT,5.388e-05,28800000
2025-04-13T00:00:00Z,BTCUSDT,5.057e-05,28800000
2025-04-13T08:00:00Z,BTCUSDT,8.429e-05,28800000
2025-04-13T16:00:00Z,BTCUSDT,9.642e-05,28800000
2025-04-14T00:00:00Z,BTCUSDT,8.113e-05,28800000
2025-04-14T08:00:00Z,BTCUSDT,7.127e-05,28800000
2025-04-14T16:00:00Z,BTCUSDT,2.428e-05,28800000
2025-04-15T00:00:00Z,BTCUSDT,-2.073e-05,28800000
2025-04-15T08:00:00Z,BTCUSDT,6.606e-05,28800000
2025-04-15T16:00:00Z,BTCUSDT,1.883e-05,28800000
2025-04-16T00:00:00Z,BTCUSDT,2.428e-05,28800000
2025-04-16T08:00:00Z,BTCUSDT,6.917e-05,28800000
2025-04-16T16:00:00Z,BTCUSDT,1.978e-05,28800000
2025-04-17T00:00:00Z,BTCUSDT,1.404e-05,28800000
2025-04-17T08:00:00Z,BTCUSDT,5.679e-05,28800000
2025-04-17T16:00:00Z,BTCUSDT,3.425e-05,28800000
2025-04-18T00:00:00Z,BTCUSDT,1.788e-05,28800000
2025-04-18T08:00:00Z,BTCUSDT,7.071e-05,28800000
2025-04-18T16:00:00Z,BTCUSDT,2.995e-05,28800000
2025-04-19T00:00:00Z,BTCUSDT,2.93e-05,28800000
2025-04-19T08:00:00Z,BTCUSDT,6.024e-05,28800000
2025-04-19T16:00:00Z,BTCUSDT,-1.953e-05,28800000
2025-04-20T00:00:00Z,BTCUSDT,-2.98e-06,28800000
2025-04-20T08:00:00Z,BTCUSDT,-1.078e-05,28800000
2025-04-20T16:00:00Z,BTCUSDT,-2.258e-05,28800000
2025-04-21T00:00:00Z,BTCUSDT,5.232e-05,28800000
2025-04-21T08:00:00Z,BTCUSDT,5.403e-05,28800000
2025-04-21T16:00:00Z,BTCUSDT,1.553e-05,28800000
2025-04-22T00:00:00Z,BTCUSDT,7.749e-05,28800000
2025-04-22T08:00:00Z,BTCUSDT,-7.44e-06,28800000
2025-04-22T16:00:00Z,BTCUSDT,-7.045e-05,28800000
2025-04-23T00:00:00Z,BTCUSDT,-1.389e-05,28800000
2025-04-23T08:00:00Z,BTCUSDT,1.374e-05,28800000
2025-04-23T16:00:00Z,BTCUSDT,4.587e-05,28800000
2025-04-24T00:00:00Z,BTCUSDT,-2.671e-05,28800000
2025-04-24T08:00:00Z,BTCUSDT,5.21e-05,28800000
2025-04-24T16:00:00Z,BTCUSDT,-2.165e-05,28800000
2025-04-25T00:00:00Z,BTCUSDT,-1.764e-05,28800000
2025-04-25T08:00:00Z,BTCUSDT,1.7e-06,28800000
2025-04-25T16:00:00Z,BTCUSDT,1.2e-06,28800000
2025-04-26T00:00:00Z,BTCUSDT,-0.00010085,28800000
2025-04-26T08:00:00Z,BTCUSDT,-2.774e-05,28800000
2025-04-26T16:00:00Z,BTCUSDT,2.855e-05,28800000
2025-04-27T00:00:00Z,BTCUSDT,-1.5e-05,28800000
2025-04-27T08:00:00Z,BTCUSDT,-6.6e-06,28800000
2025-04-27T16:00:00Z,BTCUSDT,-4.21e-06,28800000
2025-04-28T00:00:00Z,BTCUSDT,3.73e-06,28800000
2025-04-28T08:00:00Z,BTCUSDT,2.46e-06,28800000
2025-04-28T16:00:00Z,BTCUSDT,-5.821e-05,28800000
2025-04-29T00:00:00Z,BTCUSDT,-7.73e-06,28800000
2025-04-29T08:00:00Z,BTCUSDT,4.13e-06,28800000
2025-04-29T16:00:00Z,BTCUSDT,1.305e-05,28800000
2025-04-30T00:00:00Z,BTCUSDT,-5.181e-05,28800000
2025-04-30T08:00:00Z,BTCUSDT,2.939e-05,28800000
2025-04-30T16:00:00Z,BTCUSDT,-3.797e-05,28800000
2025-05-01T00:00:00Z,BTCUSDT,3.519e-05,28800000
2025-05-01T08:00:00Z,BTCUSDT,5.755e-05,28800000
2025-05-01T16:00:00Z,BTCUSDT,-8.028e-05,28800000
2025-05-02T00:00:00Z,BTCUSDT,-0.00012232,28800000
2025-05-02T08:00:00Z,BTCUSDT,-9.382e-05,28800000
2025-05-02T16:00:00Z,BTCUSDT,-8.689e-05,28800000
2025-05-03T00:00:00Z,BTCUSDT,-5.953e-05,28800000
2025-05-03T08:00:00Z,BTCUSDT,3.198e-05,28800000
2025-05-03T16:00:00Z,BTCUSDT,-1.483e-05,28800000
2025-05-04T00:00:00Z,BTCUSDT,3.7e-06,28800000
2025-05-04T08:00:00Z,BTCUSDT,3.229e-05,28800000
2025-05-04T16:00:00Z,BTCUSDT,3.745e-05,28800000
2025-05-05T00:00:00Z,BTCUSDT,-2.404e-05,28800000
2025-05-05T08:00:00Z,BTCUSDT,3.636e-05,28800000
2025-05-05T16:00:00Z,BTCUSDT,-2.247e-05,28800000
2025-05-06T00:00:00Z,BTCUSDT,1.978e-05,28800000
2025-05-06T08:00:00Z,BTCUSDT,4.44e-05,28800000
2025-05-06T16:00:00Z,BTCUSDT,7.57e-06,28800000
2025-05-07T00:00:00Z,BTCUSDT,1.218e-05,28800000
2025-05-07T08:00:00Z,BTCUSDT,-2.5e-07,28800000
2025-05-07T16:00:00Z,BTCUSDT,1.32e-05,28800000
2025-05-08T00:00:00Z,BTCUSDT,2.318e-05,28800000
2025-05-08T08:00:00Z,BTCUSDT,4.608e-05,28800000
2025-05-08T16:00:00Z,BTCUSDT,5.728e-05,28800000
2025-05-09T00:00:00Z,BTCUSDT,0.0001,28800000
2025-05-09T08:00:00Z,BTCUSDT,0.0001,28800000
2025-05-09T16:00:00Z,BTCUSDT,4.378e-05,28800000
2025-05-10T00:00:00Z,BTCUSDT,9.657e-05,28800000
2025-05-10T08:00:00Z,BTCUSDT,0.0001,28800000
2025-05-10T16:00:00Z,BTCUSDT,4.257e-05,28800000
2025-05-11T00:00:00Z,BTCUSDT,0.0001,28800000
2025-05-11T08:00:00Z,BTCUSDT,4.15e-05,28800000
2025-05-11T16:00:00Z,BTCUSDT,0.0001,28800000
2025-05-12T00:00:00Z,BTCUSDT,4.454e-05,28800000
2025-05-12T08:00:00Z,BTCUSDT,0.0001,28800000
2025-05-12T16:00:00Z,BTCUSDT,2.301e-05,28800000
2025-05-13T00:00:00Z,BTCUSDT,6.847e-05,28800000
2025-05-13T08:00:00Z,BTCUSDT,0.0001,28800000
2025-05-13T16:00:00Z,BTCUSDT,7.256e-05,28800000
2025-05-14T00:00:00Z,BTCUSDT,9.921e-05,28800000
2025-05-14T08:00:00Z,BTCUSDT,7.542e-05,28800000
2025-05-14T16:00:00Z,BTCUSDT,3.175e-05,28800000
2025-05-15T00:00:00Z,BTCUSDT,2.978e-05,28800000
2025-05-15T08:00:00Z,BTCUSDT,5.336e-05,28800000
2025-05-15T16:00:00Z,BTCUSDT,1.439e-05,28800000
2025-05-16T00:00:00Z,BTCUSDT,4.504e-05,28800000
2025-05-16T08:00:00Z,BTCUSDT,7.535e-05,28800000
2025-05-16T16:00:00Z,BTCUSDT,4.768e-05,28800000
2025-05-17T00:00:00Z,BTCUSDT,2.821e-05,28800000
2025-05-17T08:00:00Z,BTCUSDT,3.34e-05,28800000
2025-05-17T16:00:00Z,BTCUSDT,5.97e-06,28800000
2025-05-18T00:00:00Z,BTCUSDT,6.742e-05,28800000
2025-05-18T08:00:00Z,BTCUSDT,5.903e-05,28800000
2025-05-18T16:00:00Z,BTCUSDT,0.0001,28800000
2025-05-19T00:00:00Z,BTCUSDT,5.99e-05,28800000
2025-05-19T08:00:00Z,BTCUSDT,6.04e-05,28800000
2025-05-19T16:00:00Z,BTCUSDT,2.11e-05,28800000
2025-05-20T00:00:00Z,BTCUSDT,8.378e-05,28800000
2025-05-20T08:00:00Z,BTCUSDT,7.107e-05,28800000
2025-05-20T16:00:00Z,BTCUSDT,1.266e-05,28800000
2025-05-21T00:00:00Z,BTCUSDT,8.767e-05,28800000
2025-05-21T08:00:00Z,BTCUSDT,7.147e-05,28800000
2025-05-21T16:00:00Z,BTCUSDT,5.119e-05,28800000
2025-05-22T00:00:00Z,BTCUSDT,0.0001,28800000
2025-05-22T08:00:00Z,BTCUSDT,0.0001,28800000
2025-05-22T16:00:00Z,BTCUSDT,0.0001,28800000
2025-05-23T00:00:00Z,BTCUSDT,9.321e-05,28800000
2025-05-23T08:00:00Z,BTCUSDT,7.261e-05,28800000
2025-05-23T16:00:00Z,BTCUSDT,8.614e-05,28800000
2025-05-24T00:00:00Z,BTCUSDT,3.524e-05,28800000
2025-05-24T08:00:00Z,BTCUSDT,4.59e-05,28800000
2025-05-24T16:00:00Z,BTCUSDT,7.837e-05,28800000
2025-05-25T00:00:00Z,BTCUSDT,9.794e-05,28800000
2025-05-25T08:00:00Z,BTCUSDT,5.113e-05,28800000
2025-05-25T16:00:00Z,BTCUSDT,3.651e-05,28800000
2025-05-26T00:00:00Z,BTCUSDT,7.331e-05,28800000
2025-05-26T08:00:00Z,BTCUSDT,0.0001,28800000
2025-05-26T16:00:00Z,BTCUSDT,9.782e-05,28800000
2025-05-27T00:00:00Z,BTCUSDT,7.65e-05,28800000
2025-05-27T08:00:00Z,BTCUSDT,7.266e-05,28800000
2025-05-27T16:00:00Z,BTCUSDT,2.476e-05,28800000
2025-05-28T00:00:00Z,BTCUSDT,3.26e-05,28800000
2025-05-28T08:00:00Z,BTCUSDT,2.164e-05,28800000
2025-05-28T16:00:00Z,BTCUSDT,5.368e-05,28800000
2025-05-29T00:00:00Z,BTCUSDT,3.186e-05,28800000
2025-05-29T08:00:00Z,BTCUSDT,2.812e-05,28800000
2025-05-29T16:00:00Z,BTCUSDT,8.379e-05,28800000
2025-05-30T00:00:00Z,BTCUSDT,2.622e-05,28800000
2025-05-30T08:00:00Z,BTCUSDT,3.849e-05,28800000
2025-05-30T16:00:00Z,BTCUSDT,7.392e-05,28800000
2025-05-31T00:00:00Z,BTCUSDT,8.506e-05,28800000
2025-05-31T08:00:00Z,BTCUSDT,7.552e-05,28800000
2025-05-31T16:00:00Z,BTCUSDT,4.687e-05,28800000
2025-06-01T00:00:00Z,BTCUSDT,-5.82e-06,28800000
2025-06-01T08:00:00Z,BTCUSDT,2.335e-05,28800000
2025-06-01T16:00:00Z,BTCUSDT,4.117e-05,28800000
2025-06-02T00:00:00Z,BTCUSDT,-6.42e-06,28800000
2025-06-02T08:00:00Z,BTCUSDT,5.593e-05,28800000
2025-06-02T16:00:00Z,BTCUSDT,4.467e-05,28800000
2025-06-03T00:00:00Z,BTCUSDT,5.005e-05,28800000
2025-06-03T08:00:00Z,BTCUSDT,6.066e-05,28800000
2025-06-03T16:00:00Z,BTCUSDT,4.456e-05,28800000
2025-06-04T00:00:00Z,BTCUSDT,-1.1e-07,28800000
2025-06-04T08:00:00Z,BTCUSDT,2.611e-05,28800000
2025-06-04T16:00:00Z,BTCUSDT,9.62e-06,28800000
2025-06-05T00:00:00Z,BTCUSDT,7.4e-07,28800000
2025-06-05T08:00:00Z,BTCUSDT,2.871e-05,28800000
2025-06-05T16:00:00Z,BTCUSDT,5.156e-05,28800000
2025-06-06T00:00:00Z,BTCUSDT,-3.491e-05,28800000
2025-06-06T08:00:00Z,BTCUSDT,-3.03e-05,28800000
2025-06-06T16:00:00Z,BTCUSDT,-2.995e-05,28800000
2025-06-07T00:00:00Z,BTCUSDT,-2.89e-05,28800000
2025-06-07T08:00:00Z,BTCUSDT,-3.158e-05,28800000
2025-06-07T16:00:00Z,BTCUSDT,2.94e-06,28800000
2025-06-08T00:00:00Z,BTCUSDT,4.808e-05,28800000
2025-06-08T08:00:00Z,BTCUSDT,5.613e-05,28800000
2025-06-08T16:00:00Z,BTCUSDT,-3.602e-05,28800000
2025-06-09T00:00:00Z,BTCUSDT,-2.164e-05,28800000
2025-06-09T08:00:00Z,BTCUSDT,4.024e-05,28800000
2025-06-09T16:00:00Z,BTCUSDT,3.057e-05,28800000
2025-06-10T00:00:00Z,BTCUSDT,6.374e-05,28800000
2025-06-10T08:00:00Z,BTCUSDT,0.0001,28800000
2025-06-10T16:00:00Z,BTCUSDT,8.165e-05,28800000
2025-06-11T00:00:00Z,BTCUSDT,8.779e-05,28800000
2025-06-11T08:00:00Z,BTCUSDT,8.39e-05,28800000
2025-06-11T16:00:00Z,BTCUSDT,5.039e-05,28800000
2025-06-12T00:00:00Z,BTCUSDT,1.856e-05,28800000
2025-06-12T08:00:00Z,BTCUSDT,7.247e-05,28800000
2025-06-12T16:00:00Z,BTCUSDT,1.198e-05,28800000
2025-06-13T00:00:00Z,BTCUSDT,-1.801e-05,28800000
2025-06-13T08:00:00Z,BTCUSDT,-2.7e-06,28800000
2025-06-13T16:00:00Z,BTCUSDT,3.857e-05,28800000
2025-06-14T00:00:00Z,BTCUSDT,1.958e-05,28800000
2025-06-14T08:00:00Z,BTCUSDT,3.858e-05,28800000
2025-06-14T16:00:00Z,BTCUSDT,1.135e-05,28800000
2025-06-15T00:00:00Z,BTCUSDT,-3.641e-05,28800000
2025-06-15T08:00:00Z,BTCUSDT,1.439e-05,28800000
2025-06-15T16:00:00Z,BTCUSDT,7.369e-05,28800000
2025-06-16T00:00:00Z,BTCUSDT,9.36e-06,28800000
2025-06-16T08:00:00Z,BTCUSDT,5.07e-05,28800000
2025-06-16T16:00:00Z,BTCUSDT,2.793e-05,28800000
2025-06-17T00:00:00Z,BTCUSDT,1.847e-05,28800000
2025-06-17T08:00:00Z,BTCUSDT,5.776e-05,28800000
2025-06-17T16:00:00Z,BTCUSDT,2.211e-05,28800000
2025-06-18T00:00:00Z,BTCUSDT,-1.752e-05,28800000
2025-06-18T08:00:00Z,BTCUSDT,3.695e-05,28800000
2025-06-18T16:00:00Z,BTCUSDT,6.692e-05,28800000
2025-06-19T00:00:00Z,BTCUSDT,8.45e-06,28800000
2025-06-19T08:00:00Z,BTCUSDT,6.16e-06,28800000
2025-06-19T16:00:00Z,BTCUSDT,2.396e-05,28800000
2025-06-20T00:00:00Z,BTCUSDT,3.565e-05,28800000
2025-06-20T08:00:00Z,BTCUSDT,7.862e-05,28800000
2025-06-20T16:00:00Z,BTCUSDT,2.4e-05,28800000
2025-06-21T00:00:00Z,BTCUSDT,3.977e-05,28800000
2025-06-21T08:00:00Z,BTCUSDT,1.933e-05,28800000
2025-06-21T16:00:00Z,BTCUSDT,7.44e-05,28800000
2025-06-22T00:00:00Z,BTCUSDT,2.883e-05,28800000
2025-06-22T08:00:00Z,BTCUSDT,0.0001,28800000
2025-06-22T16:00:00Z,BTCUSDT,4.145e-05,28800000
2025-06-23T00:00:00Z,BTCUSDT,-1.061e-05,28800000
2025-06-23T08:00:00Z,BTCUSDT,-2.809e-05,28800000
2025-06-23T16:00:00Z,BTCUSDT,4.889e-05,28800000
2025-06-24T00:00:00Z,BTCUSDT,1.245e-05,28800000
2025-06-24T08:00:00Z,BTCUSDT,1.218e-05,28800000
2025-06-24T16:00:00Z,BTCUSDT,4.47e-06,28800000
2025-06-25T00:00:00Z,BTCUSDT,-3.174e-05,28800000
2025-06-25T08:00:00Z,BTCUSDT,2.747e-05,28800000
2025-06-25T16:00:00Z,BTCUSDT,9.62e-06,28800000
2025-06-26T00:00:00Z,BTCUSDT,1.41e-06,28800000
2025-06-26T08:00:00Z,BTCUSDT,3.805e-05,28800000
2025-06-26T16:00:00Z,BTCUSDT,6.82e-06,28800000
2025-06-27T00:00:00Z,BTCUSDT,1.113e-05,28800000
2025-06-27T08:00:00Z,BTCUSDT,2.663e-05,28800000
2025-06-27T16:00:00Z,BTCUSDT,2.557e-05,28800000
2025-06-28T00:00:00Z,BTCUSDT,-1.161e-05,28800000
2025-06-28T08:00:00Z,BTCUSDT,6.053e-05,28800000
2025-06-28T16:00:00Z,BTCUSDT,4.434e-05,28800000
2025-06-29T00:00:00Z,BTCUSDT,1.25e-05,28800000
2025-06-29T08:00:00Z,BTCUSDT,5.36e-05,28800000
2025-06-29T16:00:00Z,BTCUSDT,0.0001,28800000
2025-06-30T00:00:00Z,BTCUSDT,1.084e-05,28800000
2025-06-30T08:00:00Z,BTCUSDT,2.959e-05,28800000
2025-06-30T16:00:00Z,BTCUSDT,4.923e-05,28800000
2025-07-01T00:00:00Z,BTCUSDT,1.053e-05,28800000
2025-07-01T08:00:00Z,BTCUSDT,4.334e-05,28800000
2025-07-01T16:00:00Z,BTCUSDT,1.109e-05,28800000
2025-07-02T00:00:00Z,BTCUSDT,1.807e-05,28800000
2025-07-02T08:00:00Z,BTCUSDT,3.403e-05,28800000
2025-07-02T16:00:00Z,BTCUSDT,4.13e-05,28800000
2025-07-03T00:00:00Z,BTCUSDT,4.871e-05,28800000
2025-07-03T08:00:00Z,BTCUSDT,3.562e-05,28800000
2025-07-03T16:00:00Z,BTCUSDT,5.028e-05,28800000
2025-07-04T00:00:00Z,BTCUSDT,5.23e-05,28800000
2025-07-04T08:00:00Z,BTCUSDT,5.009e-05,28800000
2025-07-04T16:00:00Z,BTCUSDT,1.797e-05,28800000
2025-07-05T00:00:00Z,BTCUSDT,1.066e-05,28800000
2025-07-05T08:00:00Z,BTCUSDT,3.055e-05,28800000
2025-07-05T16:00:00Z,BTCUSDT,4.005e-05,28800000
2025-07-06T00:00:00Z,BTCUSDT,1.941e-05,28800000
2025-07-06T08:00:00Z,BTCUSDT,1.665e-05,28800000
2025-07-06T16:00:00Z,BTCUSDT,1.028e-05,28800000
2025-07-07T00:00:00Z,BTCUSDT,2.36e-05,28800000
2025-07-07T08:00:00Z,BTCUSDT,3.438e-05,28800000
2025-07-07T16:00:00Z,BTCUSDT,4.271e-05,28800000
2025-07-08T00:00:00Z,BTCUSDT,1.073e-05,28800000
2025-07-08T08:00:00Z,BTCUSDT,4.563e-05,28800000
2025-07-08T16:00:00Z,BTCUSDT,3.601e-05,28800000
2025-07-09T00:00:00Z,BTCUSDT,3.093e-05,28800000
2025-07-09T08:00:00Z,BTCUSDT,3.396e-05,28800000
2025-07-09T16:00:00Z,BTCUSDT,4.253e-05,28800000
2025-07-10T00:00:00Z,BTCUSDT,0.0001,28800000
2025-07-10T08:00:00Z,BTCUSDT,8.523e-05,28800000
2025-07-10T16:00:00Z,BTCUSDT,1.908e-05,28800000
2025-07-11T00:00:00Z,BTCUSDT,0.0001,28800000
2025-07-11T08:00:00Z,BTCUSDT,0.0001,28800000
2025-07-11T16:00:00Z,BTCUSDT,0.0001,28800000
2025-07-12T00:00:00Z,BTCUSDT,0.0001,28800000
2025-07-12T08:00:00Z,BTCUSDT,0.0001,28800000
2025-07-12T16:00:00Z,BTCUSDT,0.0001,28800000
2025-07-13T00:00:00Z,BTCUSDT,0.0001,28800000
2025-07-13T08:00:00Z,BTCUSDT,0.0001,28800000
2025-07-13T16:00:00Z,BTCUSDT,0.0001,28800000
2025-07-14T00:00:00Z,BTCUSDT,8.051e-05,28800000
2025-07-14T08:00:00Z,BTCUSDT,0.0001,28800000
2025-07-14T16:00:00Z,BTCUSDT,0.0001,28800000
2025-07-15T00:00:00Z,BTCUSDT,0.0001,28800000
2025-07-15T08:00:00Z,BTCUSDT,0.0001,28800000
2025-07-15T16:00:00Z,BTCUSDT,0.0001,28800000
2025-07-16T00:00:00Z,BTCUSDT,0.0001,28800000
2025-07-16T08:00:00Z,BTCUSDT,0.0001,28800000
2025-07-16T16:00:00Z,BTCUSDT,0.0001,28800000
2025-07-17T00:00:00Z,BTCUSDT,0.0001,28800000
2025-07-17T08:00:00Z,BTCUSDT,0.0001,28800000
2025-07-17T16:00:00Z,BTCUSDT,0.0001,28800000
2025-07-18T00:00:00Z,BTCUSDT,0.0001,28800000
2025-07-18T08:00:00Z,BTCUSDT,0.0001,28800000
2025-07-18T16:00:00Z,BTCUSDT,0.0001,28800000
2025-07-19T00:00:00Z,BTCUSDT,0.0001,28800000
2025-07-19T08:00:00Z,BTCUSDT,0.0001,28800000
2025-07-19T16:00:00Z,BTCUSDT,0.0001,28800000
2025-07-20T00:00:00Z,BTCUSDT,0.0001,28800000
2025-07-20T08:00:00Z,BTCUSDT,0.0001,28800000
2025-07-20T16:00:00Z,BTCUSDT,0.0001,28800000
2025-07-21T00:00:00Z,BTCUSDT,0.0001,28800000
2025-07-21T08:00:00Z,BTCUSDT,0.0001,28800000
2025-07-21T16:00:00Z,BTCUSDT,0.0001,28800000
2025-07-22T00:00:00Z,BTCUSDT,0.0001,28800000
2025-07-22T08:00:00Z,BTCUSDT,0.0001,28800000
2025-07-22T16:00:00Z,BTCUSDT,0.0001,28800000
2025-07-23T00:00:00Z,BTCUSDT,0.0001,28800000
2025-07-23T08:00:00Z,BTCUSDT,0.0001,28800000
2025-07-23T16:00:00Z,BTCUSDT,0.0001,28800000
2025-07-24T00:00:00Z,BTCUSDT,0.0001,28800000
2025-07-24T08:00:00Z,BTCUSDT,0.0001,28800000
2025-07-24T16:00:00Z,BTCUSDT,0.0001,28800000
2025-07-25T00:00:00Z,BTCUSDT,0.0001,28800000
2025-07-25T08:00:00Z,BTCUSDT,0.0001,28800000
2025-07-25T16:00:00Z,BTCUSDT,0.0001,28800000
2025-07-26T00:00:00Z,BTCUSDT,0.0001,28800000
2025-07-26T08:00:00Z,BTCUSDT,0.0001,28800000
2025-07-26T16:00:00Z,BTCUSDT,0.0001,28800000
2025-07-27T00:00:00Z,BTCUSDT,0.0001,28800000
2025-07-27T08:00:00Z,BTCUSDT,0.0001,28800000
2025-07-27T16:00:00Z,BTCUSDT,0.0001,28800000
2025-07-28T00:00:00Z,BTCUSDT,0.0001,28800000
2025-07-28T08:00:00Z,BTCUSDT,0.0001,28800000
2025-07-28T16:00:00Z,BTCUSDT,0.0001,28800000
2025-07-29T00:00:00Z,BTCUSDT,0.0001,28800000
2025-07-29T08:00:00Z,BTCUSDT,0.0001,28800000
2025-07-29T16:00:00Z,BTCUSDT,0.0001,28800000
2025-07-30T00:00:00Z,BTCUSDT,0.0001,28800000
2025-07-30T08:00:00Z,BTCUSDT,0.0001,28800000
2025-07-30T16:00:00Z,BTCUSDT,0.0001,28800000
2025-07-31T00:00:00Z,BTCUSDT,5.694e-05,28800000
2025-07-31T08:00:00Z,BTCUSDT,0.0001,28800000
2025-07-31T16:00:00Z,BTCUSDT,0.0001,28800000
2025-08-01T00:00:00Z,BTCUSDT,-1.408e-05,28800000
2025-08-01T08:00:00Z,BTCUSDT,1.549e-05,28800000
2025-08-01T16:00:00Z,BTCUSDT,5.681e-05,28800000
2025-08-02T00:00:00Z,BTCUSDT,4.81e-05,28800000
2025-08-02T08:00:00Z,BTCUSDT,8.94e-06,28800000
2025-08-02T16:00:00Z,BTCUSDT,4.437e-05,28800000
2025-08-03T00:00:00Z,BTCUSDT,5.633e-05,28800000
2025-08-03T08:00:00Z,BTCUSDT,4.533e-05,28800000
2025-08-03T16:00:00Z,BTCUSDT,7.504e-05,28800000
2025-08-04T00:00:00Z,BTCUSDT,4.188e-05,28800000
2025-08-04T08:00:00Z,BTCUSDT,5.719e-05,28800000
2025-08-04T16:00:00Z,BTCUSDT,3.912e-05,28800000
2025-08-05T00:00:00Z,BTCUSDT,7.101e-05,28800000
2025-08-05T08:00:00Z,BTCUSDT,8.589e-05,28800000
2025-08-05T16:00:00Z,BTCUSDT,4.784e-05,28800000
2025-08-06T00:00:00Z,BTCUSDT,5.172e-05,28800000
2025-08-06T08:00:00Z,BTCUSDT,9.275e-05,28800000
2025-08-06T16:00:00Z,BTCUSDT,8.288e-05,28800000
2025-08-07T00:00:00Z,BTCUSDT,4.843e-05,28800000
2025-08-07T08:00:00Z,BTCUSDT,7.574e-05,28800000
2025-08-07T16:00:00Z,BTCUSDT,6.275e-05,28800000
2025-08-08T00:00:00Z,BTCUSDT,2.403e-05,28800000
2025-08-08T08:00:00Z,BTCUSDT,1.729e-05,28800000
2025-08-08T16:00:00Z,BTCUSDT,7.973e-05,28800000
2025-08-09T00:00:00Z,BTCUSDT,8.835e-05,28800000
2025-08-09T08:00:00Z,BTCUSDT,9.087e-05,28800000
2025-08-09T16:00:00Z,BTCUSDT,5.151e-05,28800000
2025-08-10T00:00:00Z,BTCUSDT,9.849e-05,28800000
2025-08-10T08:00:00Z,BTCUSDT,0.0001,28800000
2025-08-10T16:00:00Z,BTCUSDT,0.0001,28800000
2025-08-11T00:00:00Z,BTCUSDT,0.0001,28800000
2025-08-11T08:00:00Z,BTCUSDT,0.0001,28800000
2025-08-11T16:00:00Z,BTCUSDT,0.0001,28800000
2025-08-12T00:00:00Z,BTCUSDT,0.0001,28800000
2025-08-12T08:00:00Z,BTCUSDT,7.988e-05,28800000
2025-08-12T16:00:00Z,BTCUSDT,8.543e-05,28800000
2025-08-13T00:00:00Z,BTCUSDT,7.123e-05,28800000
2025-08-13T08:00:00Z,BTCUSDT,0.0001,28800000
2025-08-13T16:00:00Z,BTCUSDT,0.0001,28800000
2025-08-14T00:00:00Z,BTCUSDT,0.0001,28800000
2025-08-14T08:00:00Z,BTCUSDT,0.0001,28800000
2025-08-14T16:00:00Z,BTCUSDT,0.0001,28800000
2025-08-15T00:00:00Z,BTCUSDT,1.939e-05,28800000
2025-08-15T08:00:00Z,BTCUSDT,7.99e-05,28800000
2025-08-15T16:00:00Z,BTCUSDT,3.722e-05,28800000
2025-08-16T00:00:00Z,BTCUSDT,8.85e-05,28800000
2025-08-16T08:00:00Z,BTCUSDT,8.268e-05,28800000
2025-08-16T16:00:00Z,BTCUSDT,9.023e-05,28800000
2025-08-17T00:00:00Z,BTCUSDT,8.206e-05,28800000
2025-08-17T08:00:00Z,BTCUSDT,4.68e-05,28800000
2025-08-17T16:00:00Z,BTCUSDT,1.862e-05,28800000
2025-08-18T00:00:00Z,BTCUSDT,2.846e-05,28800000
2025-08-18T08:00:00Z,BTCUSDT,-6.82e-06,28800000
2025-08-18T16:00:00Z,BTCUSDT,5.296e-05,28800000
2025-08-19T00:00:00Z,BTCUSDT,7.137e-05,28800000
2025-08-19T08:00:00Z,BTCUSDT,6.262e-05,28800000
2025-08-19T16:00:00Z,BTCUSDT,3.167e-05,28800000
2025-08-20T00:00:00Z,BTCUSDT,4.543e-05,28800000
2025-08-20T08:00:00Z,BTCUSDT,1.364e-05,28800000
2025-08-20T16:00:00Z,BTCUSDT,4.936e-05,28800000
2025-08-21T00:00:00Z,BTCUSDT,1.143e-05,28800000
2025-08-21T08:00:00Z,BTCUSDT,7.757e-05,28800000
2025-08-21T16:00:00Z,BTCUSDT,7.414e-05,28800000
2025-08-22T00:00:00Z,BTCUSDT,7.296e-05,28800000
2025-08-22T08:00:00Z,BTCUSDT,0.0001,28800000
2025-08-22T16:00:00Z,BTCUSDT,5.867e-05,28800000
2025-08-23T00:00:00Z,BTCUSDT,0.0001,28800000
2025-08-23T08:00:00Z,BTCUSDT,0.0001,28800000
2025-08-23T16:00:00Z,BTCUSDT,9.711e-05,28800000
2025-08-24T00:00:00Z,BTCUSDT,0.0001,28800000
2025-08-24T08:00:00Z,BTCUSDT,0.0001,28800000
2025-08-24T16:00:00Z,BTCUSDT,0.0001,28800000
2025-08-25T00:00:00Z,BTCUSDT,0.0001,28800000
2025-08-25T08:00:00Z,BTCUSDT,0.0001,28800000
2025-08-25T16:00:00Z,BTCUSDT,8.344e-05,28800000
2025-08-26T00:00:00Z,BTCUSDT,4.522e-05,28800000
2025-08-26T08:00:00Z,BTCUSDT,3.9e-05,28800000
2025-08-26T16:00:00Z,BTCUSDT,0.0001,28800000
2025-08-27T00:00:00Z,BTCUSDT,1.802e-05,28800000
2025-08-27T08:00:00Z,BTCUSDT,5.503e-05,28800000
2025-08-27T16:00:00Z,BTCUSDT,3.496e-05,28800000
2025-08-28T00:00:00Z,BTCUSDT,5.297e-05,28800000
2025-08-28T08:00:00Z,BTCUSDT,9.693e-05,28800000
2025-08-28T16:00:00Z,BTCUSDT,7.512e-05,28800000
2025-08-29T00:00:00Z,BTCUSDT,4.261e-05,28800000
2025-08-29T08:00:00Z,BTCUSDT,5.856e-05,28800000
2025-08-29T16:00:00Z,BTCUSDT,6.44e-06,28800000
2025-08-30T00:00:00Z,BTCUSDT,7.523e-05,28800000
2025-08-30T08:00:00Z,BTCUSDT,7.979e-05,28800000
2025-08-30T16:00:00Z,BTCUSDT,8.042e-05,28800000
2025-08-31T00:00:00Z,BTCUSDT,-1.232e-05,28800000
2025-08-31T08:00:00Z,BTCUSDT,4.749e-05,28800000
2025-08-31T16:00:00Z,BTCUSDT,0.0001,28800000
2025-09-01T00:00:00Z,BTCUSDT,4.66e-05,28800000
2025-09-01T08:00:00Z,BTCUSDT,0.0001,28800000
2025-09-01T16:00:00Z,BTCUSDT,4.963e-05,28800000
2025-09-02T00:00:00Z,BTCUSDT,6.946e-05,28800000
2025-09-02T08:00:00Z,BTCUSDT,8.805e-05,28800000
2025-09-02T16:00:00Z,BTCUSDT,6.356e-05,28800000
2025-09-03T00:00:00Z,BTCUSDT,7.67e-06,28800000
2025-09-03T08:00:00Z,BTCUSDT,5.127e-05,28800000
2025-09-03T16:00:00Z,BTCUSDT,2.344e-05,28800000
2025-09-04T00:00:00Z,BTCUSDT,1.808e-05,28800000
2025-09-04T08:00:00Z,BTCUSDT,4.385e-05,28800000
2025-09-04T16:00:00Z,BTCUSDT,7.941e-05,28800000
2025-09-05T00:00:00Z,BTCUSDT,7.532e-05,28800000
2025-09-05T08:00:00Z,BTCUSDT,0.0001,28800000
2025-09-05T16:00:00Z,BTCUSDT,7.872e-05,28800000
2025-09-06T00:00:00Z,BTCUSDT,1.297e-05,28800000
2025-09-06T08:00:00Z,BTCUSDT,5.66e-05,28800000
2025-09-06T16:00:00Z,BTCUSDT,5.11e-05,28800000
2025-09-07T00:00:00Z,BTCUSDT,1.97e-05,28800000
2025-09-07T08:00:00Z,BTCUSDT,3.611e-05,28800000
2025-09-07T16:00:00Z,BTCUSDT,6.969e-05,28800000
2025-09-08T00:00:00Z,BTCUSDT,9.404e-05,28800000
2025-09-08T08:00:00Z,BTCUSDT,6.682e-05,28800000
2025-09-08T16:00:00Z,BTCUSDT,7.311e-05,28800000
2025-09-09T00:00:00Z,BTCUSDT,3.799e-05,28800000
2025-09-09T08:00:00Z,BTCUSDT,0.0001,28800000
2025-09-09T16:00:00Z,BTCUSDT,0.0001,28800000
2025-09-10T00:00:00Z,BTCUSDT,5.805e-05,28800000
2025-09-10T08:00:00Z,BTCUSDT,5.026e-05,28800000
2025-09-10T16:00:00Z,BTCUSDT,0.0001,28800000
2025-09-11T00:00:00Z,BTCUSDT,5.843e-05,28800000
2025-09-11T08:00:00Z,BTCUSDT,4.283e-05,28800000
2025-09-11T16:00:00Z,BTCUSDT,3.326e-05,28800000
2025-09-12T00:00:00Z,BTCUSDT,6.137e-05,28800000
2025-09-12T08:00:00Z,BTCUSDT,3.768e-05,28800000
2025-09-12T16:00:00Z,BTCUSDT,6.891e-05,28800000
2025-09-13T00:00:00Z,BTCUSDT,-1.554e-05,28800000
2025-09-13T08:00:00Z,BTCUSDT,2.251e-05,28800000
2025-09-13T16:00:00Z,BTCUSDT,3.137e-05,28800000
2025-09-14T00:00:00Z,BTCUSDT,8.182e-05,28800000
2025-09-14T08:00:00Z,BTCUSDT,4.78e-05,28800000
2025-09-14T16:00:00Z,BTCUSDT,3.115e-05,28800000
2025-09-15T00:00:00Z,BTCUSDT,6.207e-05,28800000
2025-09-15T08:00:00Z,BTCUSDT,8.259e-05,28800000
2025-09-15T16:00:00Z,BTCUSDT,8.189e-05,28800000
2025-09-16T00:00:00Z,BTCUSDT,9.97e-06,28800000
2025-09-16T08:00:00Z,BTCUSDT,6.991e-05,28800000
2025-09-16T16:00:00Z,BTCUSDT,6.472e-05,28800000
2025-09-17T00:00:00Z,BTCUSDT,6.972e-05,28800000
2025-09-17T08:00:00Z,BTCUSDT,8.441e-05,28800000
2025-09-17T16:00:00Z,BTCUSDT,6.303e-05,28800000
2025-09-18T00:00:00Z,BTCUSDT,4.941e-05,28800000
2025-09-18T08:00:00Z,BTCUSDT,8.928e-05,28800000
2025-09-18T16:00:00Z,BTCUSDT,4.208e-05,28800000
2025-09-19T00:00:00Z,BTCUSDT,-2.31e-06,28800000
2025-09-19T08:00:00Z,BTCUSDT,2.109e-05,28800000
2025-09-19T16:00:00Z,BTCUSDT,5.264e-05,28800000
2025-09-20T00:00:00Z,BTCUSDT,3.757e-05,28800000
2025-09-20T08:00:00Z,BTCUSDT,-2.7e-07,28800000
2025-09-20T16:00:00Z,BTCUSDT,-1.006e-05,28800000
2025-09-21T00:00:00Z,BTCUSDT,-5.322e-05,28800000
2025-09-21T08:00:00Z,BTCUSDT,2.563e-05,28800000
2025-09-21T16:00:00Z,BTCUSDT,3.742e-05,28800000
2025-09-22T00:00:00Z,BTCUSDT,6.665e-05,28800000
2025-09-22T08:00:00Z,BTCUSDT,1.743e-05,28800000
2025-09-22T16:00:00Z,BTCUSDT,4.838e-05,28800000
2025-09-23T00:00:00Z,BTCUSDT,7.062e-05,28800000
2025-09-23T08:00:00Z,BTCUSDT,7.083e-05,28800000
2025-09-23T16:00:00Z,BTCUSDT,7.478e-05,28800000
2025-09-24T00:00:00Z,BTCUSDT,5.794e-05,28800000
2025-09-24T08:00:00Z,BTCUSDT,6.267e-05,28800000
2025-09-24T16:00:00Z,BTCUSDT,4.886e-05,28800000
2025-09-25T00:00:00Z,BTCUSDT,-2.2e-06,28800000
2025-09-25T08:00:00Z,BTCUSDT,1.73e-05,28800000
2025-09-25T16:00:00Z,BTCUSDT,9.56e-05,28800000
2025-09-26T00:00:00Z,BTCUSDT,3.143e-05,28800000
2025-09-26T08:00:00Z,BTCUSDT,4.36e-05,28800000
2025-09-26T16:00:00Z,BTCUSDT,7.716e-05,28800000
2025-09-27T00:00:00Z,BTCUSDT,-1e-07,28800000
2025-09-27T08:00:00Z,BTCUSDT,3.425e-05,28800000
2025-09-27T16:00:00Z,BTCUSDT,7.821e-05,28800000
2025-09-28T00:00:00Z,BTCUSDT,3.314e-05,28800000
2025-09-28T08:00:00Z,BTCUSDT,4.976e-05,28800000
2025-09-28T16:00:00Z,BTCUSDT,5.261e-05,28800000
2025-09-29T00:00:00Z,BTCUSDT,2.312e-05,28800000
2025-09-29T08:00:00Z,BTCUSDT,1.304e-05,28800000
2025-09-29T16:00:00Z,BTCUSDT,3.2e-07,28800000
2025-09-30T00:00:00Z,BTCUSDT,2.353e-05,28800000
2025-09-30T08:00:00Z,BTCUSDT,5.893e-05,28800000
2025-09-30T16:00:00Z,BTCUSDT,2.584e-05,28800000
2025-10-01T00:00:00Z,BTCUSDT,3.355e-05,28800000
2025-10-01T08:00:00Z,BTCUSDT,3.457e-05,28800000
2025-10-01T16:00:00Z,BTCUSDT,0.0001,28800000
2025-10-02T00:00:00Z,BTCUSDT,7.784e-05,28800000
2025-10-02T08:00:00Z,BTCUSDT,0.0001,28800000
2025-10-02T16:00:00Z,BTCUSDT,9.543e-05,28800000
2025-10-03T00:00:00Z,BTCUSDT,9.926e-05,28800000
2025-10-03T08:00:00Z,BTCUSDT,0.0001,28800000
2025-10-03T16:00:00Z,BTCUSDT,0.0001,28800000
2025-10-04T00:00:00Z,BTCUSDT,0.0001,28800000
2025-10-04T08:00:00Z,BTCUSDT,0.0001,28800000
2025-10-04T16:00:00Z,BTCUSDT,8.312e-05,28800000
2025-10-05T00:00:00Z,BTCUSDT,8.648e-05,28800000
2025-10-05T08:00:00Z,BTCUSDT,0.0001,28800000
2025-10-05T16:00:00Z,BTCUSDT,9.566e-05,28800000
2025-10-06T00:00:00Z,BTCUSDT,7.672e-05,28800000
2025-10-06T08:00:00Z,BTCUSDT,9.708e-05,28800000
2025-10-06T16:00:00Z,BTCUSDT,5.831e-05,28800000
2025-10-07T00:00:00Z,BTCUSDT,0.0001,28800000
2025-10-07T08:00:00Z,BTCUSDT,8.608e-05,28800000
2025-10-07T16:00:00Z,BTCUSDT,6.194e-05,28800000
2025-10-08T00:00:00Z,BTCUSDT,2.542e-05,28800000
2025-10-08T08:00:00Z,BTCUSDT,0.0001,28800000
2025-10-08T16:00:00Z,BTCUSDT,5.396e-05,28800000
2025-10-09T00:00:00Z,BTCUSDT,1.344e-05,28800000
2025-10-09T08:00:00Z,BTCUSDT,5.35e-05,28800000
2025-10-09T16:00:00Z,BTCUSDT,1.455e-05,28800000
2025-10-10T00:00:00Z,BTCUSDT,7.85e-06,28800000
2025-10-10T08:00:00Z,BTCUSDT,3.879e-05,28800000
2025-10-10T16:00:00Z,BTCUSDT,1.013e-05,28800000
2025-10-11T00:00:00Z,BTCUSDT,0.0001,28800000
2025-10-11T08:00:00Z,BTCUSDT,0.0001,28800000
2025-10-11T16:00:00Z,BTCUSDT,4.67e-06,28800000
2025-10-12T00:00:00Z,BTCUSDT,-3.055e-05,28800000
2025-10-12T08:00:00Z,BTCUSDT,2.865e-05,28800000
2025-10-12T16:00:00Z,BTCUSDT,-0.00010915,28800000
2025-10-13T00:00:00Z,BTCUSDT,-3.942e-05,28800000
2025-10-13T08:00:00Z,BTCUSDT,2.519e-05,28800000
2025-10-13T16:00:00Z,BTCUSDT,-2.305e-05,28800000
2025-10-14T00:00:00Z,BTCUSDT,-4.041e-05,28800000
2025-10-14T08:00:00Z,BTCUSDT,7.12e-06,28800000
2025-10-14T16:00:00Z,BTCUSDT,-4.498e-05,28800000
2025-10-15T00:00:00Z,BTCUSDT,-5.425e-05,28800000
2025-10-15T08:00:00Z,BTCUSDT,3.973e-05,28800000
2025-10-15T16:00:00Z,BTCUSDT,2.25e-06,28800000
2025-10-16T00:00:00Z,BTCUSDT,-2.741e-05,28800000
2025-10-16T08:00:00Z,BTCUSDT,-2.23e-05,28800000
2025-10-16T16:00:00Z,BTCUSDT,-3.004e-05,28800000
2025-10-17T00:00:00Z,BTCUSDT,-2.85e-06,28800000
2025-10-17T08:00:00Z,BTCUSDT,-6.34e-06,28800000
2025-10-17T16:00:00Z,BTCUSDT,-2.91e-06,28800000
2025-10-18T00:00:00Z,BTCUSDT,-4.819e-05,28800000
2025-10-18T08:00:00Z,BTCUSDT,-6.376e-05,28800000
2025-10-18T16:00:00Z,BTCUSDT,-3.681e-05,28800000
2025-10-19T00:00:00Z,BTCUSDT,-1.411e-05,28800000
2025-10-19T08:00:00Z,BTCUSDT,1.512e-05,28800000
2025-10-19T16:00:00Z,BTCUSDT,2.787e-05,28800000
2025-10-20T00:00:00Z,BTCUSDT,-2.197e-05,28800000
2025-10-20T08:00:00Z,BTCUSDT,-6.65e-06,28800000
2025-10-20T16:00:00Z,BTCUSDT,-1.8e-07,28800000
2025-10-21T00:00:00Z,BTCUSDT,-5.567e-05,28800000
2025-10-21T08:00:00Z,BTCUSDT,2.222e-05,28800000
2025-10-21T16:00:00Z,BTCUSDT,-2.506e-05,28800000
2025-10-22T00:00:00Z,BTCUSDT,-4.212e-05,28800000
2025-10-22T08:00:00Z,BTCUSDT,2.445e-05,28800000
2025-10-22T16:00:00Z,BTCUSDT,5.702e-05,28800000
2025-10-23T00:00:00Z,BTCUSDT,8.911e-05,28800000
2025-10-23T08:00:00Z,BTCUSDT,2.673e-05,28800000
2025-10-23T16:00:00Z,BTCUSDT,3.933e-05,28800000
2025-10-24T00:00:00Z,BTCUSDT,3.391e-05,28800000
2025-10-24T08:00:00Z,BTCUSDT,1.783e-05,28800000
2025-10-24T16:00:00Z,BTCUSDT,3.224e-05,28800000
2025-10-25T00:00:00Z,BTCUSDT,5.02e-05,28800000
2025-10-25T08:00:00Z,BTCUSDT,1.484e-05,28800000
2025-10-25T16:00:00Z,BTCUSDT,5.57e-05,28800000
2025-10-26T00:00:00Z,BTCUSDT,1.903e-05,28800000
2025-10-26T08:00:00Z,BTCUSDT,5.35e-06,28800000
2025-10-26T16:00:00Z,BTCUSDT,6.904e-05,28800000
2025-10-27T00:00:00Z,BTCUSDT,0.0001,28800000
2025-10-27T08:00:00Z,BTCUSDT,0.0001,28800000
2025-10-27T16:00:00Z,BTCUSDT,7.304e-05,28800000
2025-10-28T00:00:00Z,BTCUSDT,6.059e-05,28800000
2025-10-28T08:00:00Z,BTCUSDT,7.806e-05,28800000
2025-10-28T16:00:00Z,BTCUSDT,2.992e-05,28800000
2025-10-29T00:00:00Z,BTCUSDT,-3.2e-07,28800000
2025-10-29T08:00:00Z,BTCUSDT,3.588e-05,28800000
2025-10-29T16:00:00Z,BTCUSDT,5.003e-05,28800000
2025-10-30T00:00:00Z,BTCUSDT,1.097e-05,28800000
2025-10-30T08:00:00Z,BTCUSDT,3.449e-05,28800000
2025-10-30T16:00:00Z,BTCUSDT,3.562e-05,28800000
2025-10-31T00:00:00Z,BTCUSDT,2.13e-06,28800000
2025-10-31T08:00:00Z,BTCUSDT,0.0001,28800000
2025-10-31T16:00:00Z,BTCUSDT,0.0001,28800000
2025-11-01T00:00:00Z,BTCUSDT,0.0001,28800000
2025-11-01T08:00:00Z,BTCUSDT,0.0001,28800000
2025-11-01T16:00:00Z,BTCUSDT,9.782e-05,28800000
2025-11-02T00:00:00Z,BTCUSDT,8.2e-05,28800000
2025-11-02T08:00:00Z,BTCUSDT,8.15e-05,28800000
2025-11-02T16:00:00Z,BTCUSDT,5.635e-05,28800000
2025-11-03T00:00:00Z,BTCUSDT,6.098e-05,28800000
2025-11-03T08:00:00Z,BTCUSDT,6.853e-05,28800000
2025-11-03T16:00:00Z,BTCUSDT,5.329e-05,28800000
2025-11-04T00:00:00Z,BTCUSDT,0.0001,28800000
2025-11-04T08:00:00Z,BTCUSDT,5.808e-05,28800000
2025-11-04T16:00:00Z,BTCUSDT,6.339e-05,28800000
2025-11-05T00:00:00Z,BTCUSDT,7.132e-05,28800000
2025-11-05T08:00:00Z,BTCUSDT,2.831e-05,28800000
2025-11-05T16:00:00Z,BTCUSDT,2.816e-05,28800000
2025-11-06T00:00:00Z,BTCUSDT,3.985e-05,28800000
2025-11-06T08:00:00Z,BTCUSDT,7.916e-05,28800000
2025-11-06T16:00:00Z,BTCUSDT,4.494e-05,28800000
2025-11-07T00:00:00Z,BTCUSDT,4.705e-05,28800000
2025-11-07T08:00:00Z,BTCUSDT,4.227e-05,28800000
2025-11-07T16:00:00Z,BTCUSDT,8.631e-05,28800000
2025-11-08T00:00:00Z,BTCUSDT,7.776e-05,28800000
2025-11-08T08:00:00Z,BTCUSDT,3.047e-05,28800000
2025-11-08T16:00:00Z,BTCUSDT,3.74e-05,28800000
2025-11-09T00:00:00Z,BTCUSDT,-1.64e-05,28800000
2025-11-09T08:00:00Z,BTCUSDT,4.187e-05,28800000
2025-11-09T16:00:00Z,BTCUSDT,8.948e-05,28800000
2025-11-10T00:00:00Z,BTCUSDT,8.87e-05,28800000
2025-11-10T08:00:00Z,BTCUSDT,7.355e-05,28800000
2025-11-10T16:00:00Z,BTCUSDT,4.979e-05,28800000
2025-11-11T00:00:00Z,BTCUSDT,2.818e-05,28800000
2025-11-11T08:00:00Z,BTCUSDT,-2.775e-05,28800000
2025-11-11T16:00:00Z,BTCUSDT,5.823e-05,28800000
2025-11-12T00:00:00Z,BTCUSDT,2.462e-05,28800000
2025-11-12T08:00:00Z,BTCUSDT,6.87e-06,28800000
2025-11-12T16:00:00Z,BTCUSDT,5.786e-05,28800000
2025-11-13T00:00:00Z,BTCUSDT,1.077e-05,28800000
2025-11-13T08:00:00Z,BTCUSDT,9.352e-05,28800000
2025-11-13T16:00:00Z,BTCUSDT,7.448e-05,28800000
2025-11-14T00:00:00Z,BTCUSDT,8.569e-05,28800000
2025-11-14T08:00:00Z,BTCUSDT,9.126e-05,28800000
2025-11-14T16:00:00Z,BTCUSDT,9.078e-05,28800000
2025-11-15T00:00:00Z,BTCUSDT,8.507e-05,28800000
2025-11-15T08:00:00Z,BTCUSDT,0.0001,28800000
2025-11-15T16:00:00Z,BTCUSDT,5.923e-05,28800000
2025-11-16T00:00:00Z,BTCUSDT,7.745e-05,28800000
2025-11-16T08:00:00Z,BTCUSDT,0.0001,28800000
2025-11-16T16:00:00Z,BTCUSDT,7.06e-05,28800000
2025-11-17T00:00:00Z,BTCUSDT,0.0001,28800000
2025-11-17T08:00:00Z,BTCUSDT,9.568e-05,28800000
2025-11-17T16:00:00Z,BTCUSDT,7.208e-05,28800000
2025-11-18T00:00:00Z,BTCUSDT,0.0001,28800000
2025-11-18T08:00:00Z,BTCUSDT,0.0001,28800000
2025-11-18T16:00:00Z,BTCUSDT,3.725e-05,28800000
2025-11-19T00:00:00Z,BTCUSDT,7.496e-05,28800000
2025-11-19T08:00:00Z,BTCUSDT,5.012e-05,28800000
2025-11-19T16:00:00Z,BTCUSDT,3.98e-05,28800000
2025-11-20T00:00:00Z,BTCUSDT,4.259e-05,28800000
2025-11-20T08:00:00Z,BTCUSDT,0.0001,28800000
2025-11-20T16:00:00Z,BTCUSDT,8.999e-05,28800000
2025-11-21T00:00:00Z,BTCUSDT,4.272e-05,28800000
2025-11-21T08:00:00Z,BTCUSDT,4.524e-05,28800000
2025-11-21T16:00:00Z,BTCUSDT,2.642e-05,28800000
2025-11-22T00:00:00Z,BTCUSDT,1.373e-05,28800000
2025-11-22T08:00:00Z,BTCUSDT,6.735e-05,28800000
2025-11-22T16:00:00Z,BTCUSDT,5.057e-05,28800000
2025-11-23T00:00:00Z,BTCUSDT,3.812e-05,28800000
2025-11-23T08:00:00Z,BTCUSDT,1.53e-06,28800000
2025-11-23T16:00:00Z,BTCUSDT,-8.93e-06,28800000
2025-11-24T00:00:00Z,BTCUSDT,-6e-08,28800000
2025-11-24T08:00:00Z,BTCUSDT,-1.34e-06,28800000
2025-11-24T16:00:00Z,BTCUSDT,5.044e-05,28800000
2025-11-25T00:00:00Z,BTCUSDT,-5.29e-05,28800000
2025-11-25T08:00:00Z,BTCUSDT,1.996e-05,28800000
2025-11-25T16:00:00Z,BTCUSDT,-3.019e-05,28800000
2025-11-26T00:00:00Z,BTCUSDT,4.038e-05,28800000
2025-11-26T08:00:00Z,BTCUSDT,5.388e-05,28800000
2025-11-26T16:00:00Z,BTCUSDT,-4.19e-06,28800000
2025-11-27T00:00:00Z,BTCUSDT,-2.599e-05,28800000
2025-11-27T08:00:00Z,BTCUSDT,2.408e-05,28800000
2025-11-27T16:00:00Z,BTCUSDT,4.624e-05,28800000
2025-11-28T00:00:00Z,BTCUSDT,1.771e-05,28800000
2025-11-28T08:00:00Z,BTCUSDT,6.007e-05,28800000
2025-11-28T16:00:00Z,BTCUSDT,-1.703e-05,28800000
2025-11-29T00:00:00Z,BTCUSDT,-1.982e-05,28800000
2025-11-29T08:00:00Z,BTCUSDT,1.778e-05,28800000
2025-11-29T16:00:00Z,BTCUSDT,2.635e-05,28800000
2025-11-30T00:00:00Z,BTCUSDT,6.082e-05,28800000
2025-11-30T08:00:00Z,BTCUSDT,3.556e-05,28800000
2025-11-30T16:00:00Z,BTCUSDT,3.88e-05,28800000
2025-12-01T00:00:00Z,BTCUSDT,3.593e-05,28800000
2025-12-01T08:00:00Z,BTCUSDT,3.153e-05,28800000
2025-12-01T16:00:00Z,BTCUSDT,1.491e-05,28800000
2025-12-02T00:00:00Z,BTCUSDT,-1.009e-05,28800000
2025-12-02T08:00:00Z,BTCUSDT,2.643e-05,28800000
2025-12-02T16:00:00Z,BTCUSDT,3.999e-05,28800000
2025-12-03T00:00:00Z,BTCUSDT,-1.732e-05,28800000
2025-12-03T08:00:00Z,BTCUSDT,4.206e-05,28800000
2025-12-03T16:00:00Z,BTCUSDT,-8.85e-06,28800000
2025-12-04T00:00:00Z,BTCUSDT,-3.95e-06,28800000
2025-12-04T08:00:00Z,BTCUSDT,7.435e-05,28800000
2025-12-04T16:00:00Z,BTCUSDT,3.928e-05,28800000
2025-12-05T00:00:00Z,BTCUSDT,4.837e-05,28800000
2025-12-05T08:00:00Z,BTCUSDT,4.944e-05,28800000
2025-12-05T16:00:00Z,BTCUSDT,3.91e-06,28800000
2025-12-06T00:00:00Z,BTCUSDT,3.693e-05,28800000
2025-12-06T08:00:00Z,BTCUSDT,1.919e-05,28800000
2025-12-06T16:00:00Z,BTCUSDT,-1.822e-05,28800000
2025-12-07T00:00:00Z,BTCUSDT,4.192e-05,28800000
2025-12-07T08:00:00Z,BTCUSDT,1.666e-05,28800000
2025-12-07T16:00:00Z,BTCUSDT,5.212e-05,28800000
2025-12-08T00:00:00Z,BTCUSDT,-5.39e-06,28800000
2025-12-08T08:00:00Z,BTCUSDT,6.545e-05,28800000
2025-12-08T16:00:00Z,BTCUSDT,3.395e-05,28800000
2025-12-09T00:00:00Z,BTCUSDT,8.52e-06,28800000
2025-12-09T08:00:00Z,BTCUSDT,6.379e-05,28800000
2025-12-09T16:00:00Z,BTCUSDT,5.443e-05,28800000
2025-12-10T00:00:00Z,BTCUSDT,2.777e-05,28800000
2025-12-10T08:00:00Z,BTCUSDT,1.996e-05,28800000
2025-12-10T16:00:00Z,BTCUSDT,3.205e-05,28800000
2025-12-11T00:00:00Z,BTCUSDT,2.59e-05,28800000
2025-12-11T08:00:00Z,BTCUSDT,-1.577e-05,28800000
2025-12-11T16:00:00Z,BTCUSDT,6.1e-05,28800000
2025-12-12T00:00:00Z,BTCUSDT,6.914e-05,28800000
2025-12-12T08:00:00Z,BTCUSDT,4.698e-05,28800000
2025-12-12T16:00:00Z,BTCUSDT,3.383e-05,28800000
2025-12-13T00:00:00Z,BTCUSDT,1.21e-06,28800000
2025-12-13T08:00:00Z,BTCUSDT,6.02e-05,28800000
2025-12-13T16:00:00Z,BTCUSDT,6.041e-05,28800000
2025-12-14T00:00:00Z,BTCUSDT,0.0001,28800000
2025-12-14T08:00:00Z,BTCUSDT,2.898e-05,28800000
2025-12-14T16:00:00Z,BTCUSDT,3.773e-05,28800000
2025-12-15T00:00:00Z,BTCUSDT,1.9e-06,28800000
2025-12-15T08:00:00Z,BTCUSDT,-8.93e-06,28800000
2025-12-15T16:00:00Z,BTCUSDT,3.081e-05,28800000
2025-12-16T00:00:00Z,BTCUSDT,7.467e-05,28800000
2025-12-16T08:00:00Z,BTCUSDT,1.35e-05,28800000
2025-12-16T16:00:00Z,BTCUSDT,4.089e-05,28800000
2025-12-17T00:00:00Z,BTCUSDT,6.221e-05,28800000
2025-12-17T08:00:00Z,BTCUSDT,8.987e-05,28800000
2025-12-17T16:00:00Z,BTCUSDT,5.917e-05,28800000
2025-12-18T00:00:00Z,BTCUSDT,6.23e-05,28800000
2025-12-18T08:00:00Z,BTCUSDT,-8.67e-06,28800000
2025-12-18T16:00:00Z,BTCUSDT,8.355e-05,28800000
2025-12-19T00:00:00Z,BTCUSDT,5.491e-05,28800000
2025-12-19T08:00:00Z,BTCUSDT,0.0001,28800000
2025-12-19T16:00:00Z,BTCUSDT,0.0001,28800000
2025-12-20T00:00:00Z,BTCUSDT,0.0001,28800000
2025-12-20T08:00:00Z,BTCUSDT,1.234e-05,28800000
2025-12-20T16:00:00Z,BTCUSDT,7.171e-05,28800000
2025-12-21T00:00:00Z,BTCUSDT,9.682e-05,28800000
2025-12-21T08:00:00Z,BTCUSDT,8.873e-05,28800000
2025-12-21T16:00:00Z,BTCUSDT,3.977e-05,28800000
2025-12-22T00:00:00Z,BTCUSDT,4.389e-05,28800000
2025-12-22T08:00:00Z,BTCUSDT,4.524e-05,28800000
2025-12-22T16:00:00Z,BTCUSDT,6.654e-05,28800000
2025-12-23T00:00:00Z,BTCUSDT,2.633e-05,28800000
2025-12-23T08:00:00Z,BTCUSDT,5.231e-05,28800000
2025-12-23T16:00:00Z,BTCUSDT,1.795e-05,28800000
2025-12-24T00:00:00Z,BTCUSDT,0.0001,28800000
2025-12-24T08:00:00Z,BTCUSDT,8.455e-05,28800000
2025-12-24T16:00:00Z,BTCUSDT,5.927e-05,28800000
2025-12-25T00:00:00Z,BTCUSDT,5.953e-05,28800000
2025-12-25T08:00:00Z,BTCUSDT,7.953e-05,28800000
2025-12-25T16:00:00Z,BTCUSDT,8.322e-05,28800000
2025-12-26T00:00:00Z,BTCUSDT,4.378e-05,28800000
2025-12-26T08:00:00Z,BTCUSDT,5.427e-05,28800000
2025-12-26T16:00:00Z,BTCUSDT,0.0001,28800000
2025-12-27T00:00:00Z,BTCUSDT,1.809e-05,28800000
2025-12-27T08:00:00Z,BTCUSDT,2.788e-05,28800000
2025-12-27T16:00:00Z,BTCUSDT,5.85e-05,28800000
2025-12-28T00:00:00Z,BTCUSDT,-3.6e-07,28800000
2025-12-28T08:00:00Z,BTCUSDT,7.955e-05,28800000
2025-12-28T16:00:00Z,BTCUSDT,9.464e-05,28800000
2025-12-29T00:00:00Z,BTCUSDT,0.0001,28800000
2025-12-29T08:00:00Z,BTCUSDT,0.0001,28800000
2025-12-29T16:00:00Z,BTCUSDT,4.826e-05,28800000
2025-12-30T00:00:00Z,BTCUSDT,0.0001,28800000
2025-12-30T08:00:00Z,BTCUSDT,4.613e-05,28800000
2025-12-30T16:00:00Z,BTCUSDT,8.345e-05,28800000
2025-12-31T00:00:00Z,BTCUSDT,2.922e-05,28800000
2025-12-31T08:00:00Z,BTCUSDT,1.453e-05,28800000
2025-12-31T16:00:00Z,BTCUSDT,3.75e-05,28800000
2026-01-01T00:00:00Z,BTCUSDT,0.0001,28800000
2026-01-01T08:00:00Z,BTCUSDT,0.0001,28800000
2026-01-01T16:00:00Z,BTCUSDT,1.711e-05,28800000
2026-01-02T00:00:00Z,BTCUSDT,5.608e-05,28800000
2026-01-02T08:00:00Z,BTCUSDT,4.219e-05,28800000
2026-01-02T16:00:00Z,BTCUSDT,4.813e-05,28800000
2026-01-03T00:00:00Z,BTCUSDT,3.11e-05,28800000
2026-01-03T08:00:00Z,BTCUSDT,1.055e-05,28800000
2026-01-03T16:00:00Z,BTCUSDT,6.938e-05,28800000
2026-01-04T00:00:00Z,BTCUSDT,9.488e-05,28800000
2026-01-04T08:00:00Z,BTCUSDT,5.813e-05,28800000
2026-01-04T16:00:00Z,BTCUSDT,4.436e-05,28800000
2026-01-05T00:00:00Z,BTCUSDT,8.893e-05,28800000
2026-01-05T08:00:00Z,BTCUSDT,5.23e-05,28800000
2026-01-05T16:00:00Z,BTCUSDT,7.723e-05,28800000
2026-01-06T00:00:00Z,BTCUSDT,-1.376e-05,28800000
2026-01-06T08:00:00Z,BTCUSDT,2.816e-05,28800000
2026-01-06T16:00:00Z,BTCUSDT,2.691e-05,28800000
2026-01-07T00:00:00Z,BTCUSDT,6.582e-05,28800000
2026-01-07T08:00:00Z,BTCUSDT,0.0001,28800000
2026-01-07T16:00:00Z,BTCUSDT,2.885e-05,28800000
2026-01-08T00:00:00Z,BTCUSDT,8.693e-05,28800000
2026-01-08T08:00:00Z,BTCUSDT,0.0001,28800000
2026-01-08T16:00:00Z,BTCUSDT,6.436e-05,28800000
2026-01-09T00:00:00Z,BTCUSDT,-2.813e-05,28800000
2026-01-09T08:00:00Z,BTCUSDT,7.258e-05,28800000
2026-01-09T16:00:00Z,BTCUSDT,2.18e-06,28800000
2026-01-10T00:00:00Z,BTCUSDT,5.643e-05,28800000
2026-01-10T08:00:00Z,BTCUSDT,7.657e-05,28800000
2026-01-10T16:00:00Z,BTCUSDT,6.235e-05,28800000
2026-01-11T00:00:00Z,BTCUSDT,8.744e-05,28800000
2026-01-11T08:00:00Z,BTCUSDT,4.67e-05,28800000
2026-01-11T16:00:00Z,BTCUSDT,1.667e-05,28800000
2026-01-12T00:00:00Z,BTCUSDT,1.813e-05,28800000
2026-01-12T08:00:00Z,BTCUSDT,2.902e-05,28800000
2026-01-12T16:00:00Z,BTCUSDT,4.65e-05,28800000
2026-01-13T00:00:00Z,BTCUSDT,2.245e-05,28800000
2026-01-13T08:00:00Z,BTCUSDT,9.838e-05,28800000
2026-01-13T16:00:00Z,BTCUSDT,3.445e-05,28800000
2026-01-14T00:00:00Z,BTCUSDT,1.29e-06,28800000
2026-01-14T08:00:00Z,BTCUSDT,2.497e-05,28800000
2026-01-14T16:00:00Z,BTCUSDT,4.076e-05,28800000
2026-01-15T00:00:00Z,BTCUSDT,-3.67e-06,28800000
2026-01-15T08:00:00Z,BTCUSDT,1.749e-05,28800000
2026-01-15T16:00:00Z,BTCUSDT,1.526e-05,28800000
2026-01-16T00:00:00Z,BTCUSDT,7.34e-05,28800000
2026-01-16T08:00:00Z,BTCUSDT,7.337e-05,28800000
2026-01-16T16:00:00Z,BTCUSDT,2.495e-05,28800000
2026-01-17T00:00:00Z,BTCUSDT,-1.78e-06,28800000
2026-01-17T08:00:00Z,BTCUSDT,3.007e-05,28800000
2026-01-17T16:00:00Z,BTCUSDT,2.976e-05,28800000
2026-01-18T00:00:00Z,BTCUSDT,3.503e-05,28800000
2026-01-18T08:00:00Z,BTCUSDT,9.616e-05,28800000
2026-01-18T16:00:00Z,BTCUSDT,6.571e-05,28800000
2026-01-19T00:00:00Z,BTCUSDT,3.473e-05,28800000
2026-01-19T08:00:00Z,BTCUSDT,1.943e-05,28800000
2026-01-19T16:00:00Z,BTCUSDT,2.494e-05,28800000
2026-01-20T00:00:00Z,BTCUSDT,9.819e-05,28800000
2026-01-20T08:00:00Z,BTCUSDT,6.626e-05,28800000
2026-01-20T16:00:00Z,BTCUSDT,5.652e-05,28800000
2026-01-21T00:00:00Z,BTCUSDT,0.0001,28800000
2026-01-21T08:00:00Z,BTCUSDT,6.055e-05,28800000
2026-01-21T16:00:00Z,BTCUSDT,2.41e-05,28800000
2026-01-22T00:00:00Z,BTCUSDT,6.355e-05,28800000
2026-01-22T08:00:00Z,BTCUSDT,5.11e-05,28800000
2026-01-22T16:00:00Z,BTCUSDT,9.419e-05,28800000
2026-01-23T00:00:00Z,BTCUSDT,5.09e-05,28800000
2026-01-23T08:00:00Z,BTCUSDT,3.39e-05,28800000
2026-01-23T16:00:00Z,BTCUSDT,6.968e-05,28800000
2026-01-24T00:00:00Z,BTCUSDT,1.531e-05,28800000
2026-01-24T08:00:00Z,BTCUSDT,8.909e-05,28800000
2026-01-24T16:00:00Z,BTCUSDT,3.901e-05,28800000
2026-01-25T00:00:00Z,BTCUSDT,1.336e-05,28800000
2026-01-25T08:00:00Z,BTCUSDT,8.051e-05,28800000
2026-01-25T16:00:00Z,BTCUSDT,4.917e-05,28800000
2026-01-26T00:00:00Z,BTCUSDT,4.067e-05,28800000
2026-01-26T08:00:00Z,BTCUSDT,2.847e-05,28800000
2026-01-26T16:00:00Z,BTCUSDT,5.606e-05,28800000
2026-01-27T00:00:00Z,BTCUSDT,4.267e-05,28800000
2026-01-27T08:00:00Z,BTCUSDT,6.028e-05,28800000
2026-01-27T16:00:00Z,BTCUSDT,7.503e-05,28800000
2026-01-28T00:00:00Z,BTCUSDT,6.237e-05,28800000
2026-01-28T08:00:00Z,BTCUSDT,6.174e-05,28800000
2026-01-28T16:00:00Z,BTCUSDT,3.83e-05,28800000
2026-01-29T00:00:00Z,BTCUSDT,7.21e-05,28800000
2026-01-29T08:00:00Z,BTCUSDT,5.856e-05,28800000
2026-01-29T16:00:00Z,BTCUSDT,4.023e-05,28800000
2026-01-30T00:00:00Z,BTCUSDT,4.478e-05,28800000
2026-01-30T08:00:00Z,BTCUSDT,1.714e-05,28800000
2026-01-30T16:00:00Z,BTCUSDT,3.1e-06,28800000
2026-01-31T00:00:00Z,BTCUSDT,9.693e-05,28800000
2026-01-31T08:00:00Z,BTCUSDT,3.548e-05,28800000
2026-01-31T16:00:00Z,BTCUSDT,6.585e-05,28800000
2026-02-01T00:00:00Z,BTCUSDT,-3.267e-05,28800000
2026-02-01T08:00:00Z,BTCUSDT,3.421e-05,28800000
2026-02-01T16:00:00Z,BTCUSDT,1.722e-05,28800000
2026-02-02T00:00:00Z,BTCUSDT,6.8e-07,28800000
2026-02-02T08:00:00Z,BTCUSDT,-3.043e-05,28800000
2026-02-02T16:00:00Z,BTCUSDT,-5.713e-05,28800000
2026-02-03T00:00:00Z,BTCUSDT,-2.203e-05,28800000
2026-02-03T08:00:00Z,BTCUSDT,2.245e-05,28800000
2026-02-03T16:00:00Z,BTCUSDT,-4.65e-06,28800000
2026-02-04T00:00:00Z,BTCUSDT,1.19e-06,28800000
2026-02-04T08:00:00Z,BTCUSDT,3.551e-05,28800000
2026-02-04T16:00:00Z,BTCUSDT,4.618e-05,28800000
2026-02-05T00:00:00Z,BTCUSDT,9.173e-05,28800000
2026-02-05T08:00:00Z,BTCUSDT,2.98e-06,28800000
2026-02-05T16:00:00Z,BTCUSDT,-4.957e-05,28800000
2026-02-06T00:00:00Z,BTCUSDT,-1.597e-05,28800000
2026-02-06T08:00:00Z,BTCUSDT,-0.00013688,28800000
2026-02-06T16:00:00Z,BTCUSDT,-0.00013478,28800000
2026-02-07T00:00:00Z,BTCUSDT,-0.00015178,28800000
2026-02-07T08:00:00Z,BTCUSDT,-8.326e-05,28800000
2026-02-07T16:00:00Z,BTCUSDT,-2.907e-05,28800000
2026-02-08T00:00:00Z,BTCUSDT,-3.403e-05,28800000
2026-02-08T08:00:00Z,BTCUSDT,-3.546e-05,28800000
2026-02-08T16:00:00Z,BTCUSDT,-4.864e-05,28800000
2026-02-09T00:00:00Z,BTCUSDT,-3.075e-05,28800000
2026-02-09T08:00:00Z,BTCUSDT,1.846e-05,28800000
2026-02-09T16:00:00Z,BTCUSDT,-4.284e-05,28800000
2026-02-10T00:00:00Z,BTCUSDT,-8.798e-05,28800000
2026-02-10T08:00:00Z,BTCUSDT,-4.829e-05,28800000
2026-02-10T16:00:00Z,BTCUSDT,-8.816e-05,28800000
2026-02-11T00:00:00Z,BTCUSDT,1.4e-05,28800000
2026-02-11T08:00:00Z,BTCUSDT,-8.417e-05,28800000
2026-02-11T16:00:00Z,BTCUSDT,-1.169e-05,28800000
2026-02-12T00:00:00Z,BTCUSDT,-1.381e-05,28800000
2026-02-12T08:00:00Z,BTCUSDT,3.499e-05,28800000
2026-02-12T16:00:00Z,BTCUSDT,-1.728e-05,28800000
2026-02-13T00:00:00Z,BTCUSDT,5.834e-05,28800000
2026-02-13T08:00:00Z,BTCUSDT,7.16e-06,28800000
2026-02-13T16:00:00Z,BTCUSDT,-1.274e-05,28800000
2026-02-14T00:00:00Z,BTCUSDT,1.291e-05,28800000
2026-02-14T08:00:00Z,BTCUSDT,3.174e-05,28800000
2026-02-14T16:00:00Z,BTCUSDT,-3.094e-05,28800000
2026-02-15T00:00:00Z,BTCUSDT,-1.068e-05,28800000
2026-02-15T08:00:00Z,BTCUSDT,4.664e-05,28800000
2026-02-15T16:00:00Z,BTCUSDT,-2.371e-05,28800000
2026-02-16T00:00:00Z,BTCUSDT,2.659e-05,28800000
2026-02-16T08:00:00Z,BTCUSDT,-3.277e-05,28800000
2026-02-16T16:00:00Z,BTCUSDT,-4.112e-05,28800000
2026-02-17T00:00:00Z,BTCUSDT,5.883e-05,28800000
2026-02-17T08:00:00Z,BTCUSDT,2.672e-05,28800000
2026-02-17T16:00:00Z,BTCUSDT,5.077e-05,28800000
2026-02-18T00:00:00Z,BTCUSDT,3.215e-05,28800000
2026-02-18T08:00:00Z,BTCUSDT,-1.41e-06,28800000
2026-02-18T16:00:00Z,BTCUSDT,3.604e-05,28800000
2026-02-19T00:00:00Z,BTCUSDT,-4.014e-05,28800000
2026-02-19T08:00:00Z,BTCUSDT,2.686e-05,28800000
2026-02-19T16:00:00Z,BTCUSDT,-3.052e-05,28800000
2026-02-20T00:00:00Z,BTCUSDT,5.365e-05,28800000
2026-02-20T08:00:00Z,BTCUSDT,1.302e-05,28800000
2026-02-20T16:00:00Z,BTCUSDT,-6.71e-06,28800000
2026-02-21T00:00:00Z,BTCUSDT,4.456e-05,28800000
2026-02-21T08:00:00Z,BTCUSDT,2.485e-05,28800000
2026-02-21T16:00:00Z,BTCUSDT,3.235e-05,28800000
2026-02-22T00:00:00Z,BTCUSDT,7.3e-06,28800000
2026-02-22T08:00:00Z,BTCUSDT,4.2e-07,28800000
2026-02-22T16:00:00Z,BTCUSDT,4.972e-05,28800000
2026-02-23T00:00:00Z,BTCUSDT,6.946e-05,28800000
2026-02-23T08:00:00Z,BTCUSDT,-9.317e-05,28800000
2026-02-23T16:00:00Z,BTCUSDT,2.251e-05,28800000
2026-02-24T00:00:00Z,BTCUSDT,5.706e-05,28800000
2026-02-24T08:00:00Z,BTCUSDT,-1.193e-05,28800000
2026-02-24T16:00:00Z,BTCUSDT,-1.82e-06,28800000
2026-02-25T00:00:00Z,BTCUSDT,2.375e-05,28800000
2026-02-25T08:00:00Z,BTCUSDT,3.3e-07,28800000
2026-02-25T16:00:00Z,BTCUSDT,-9.68e-06,28800000
2026-02-26T00:00:00Z,BTCUSDT,-1.998e-05,28800000
2026-02-26T08:00:00Z,BTCUSDT,-1.128e-05,28800000
2026-02-26T16:00:00Z,BTCUSDT,4.007e-05,28800000
2026-02-27T00:00:00Z,BTCUSDT,-9.91e-06,28800000
2026-02-27T08:00:00Z,BTCUSDT,-8.123e-05,28800000
2026-02-27T16:00:00Z,BTCUSDT,-6.56e-06,28800000
2026-02-28T00:00:00Z,BTCUSDT,4.041e-05,28800000
2026-02-28T08:00:00Z,BTCUSDT,-3.727e-05,28800000
2026-02-28T16:00:00Z,BTCUSDT,-4.305e-05,28800000
2026-03-01T00:00:00Z,BTCUSDT,-6.88e-06,28800000
2026-03-01T08:00:00Z,BTCUSDT,4.563e-05,28800000
2026-03-01T16:00:00Z,BTCUSDT,2.948e-05,28800000
2026-03-02T00:00:00Z,BTCUSDT,-2.99e-06,28800000
2026-03-02T08:00:00Z,BTCUSDT,-1.956e-05,28800000
2026-03-02T16:00:00Z,BTCUSDT,-1.083e-05,28800000
2026-03-03T00:00:00Z,BTCUSDT,-1.86e-06,28800000
2026-03-03T08:00:00Z,BTCUSDT,1.437e-05,28800000
2026-03-03T16:00:00Z,BTCUSDT,1.481e-05,28800000
2026-03-04T00:00:00Z,BTCUSDT,-5.39e-05,28800000
2026-03-04T08:00:00Z,BTCUSDT,2.52e-05,28800000
2026-03-04T16:00:00Z,BTCUSDT,4.683e-05,28800000
2026-03-05T00:00:00Z,BTCUSDT,3.567e-05,28800000
2026-03-05T08:00:00Z,BTCUSDT,4.965e-05,28800000
2026-03-05T16:00:00Z,BTCUSDT,1.74e-06,28800000
2026-03-06T00:00:00Z,BTCUSDT,1.689e-05,28800000
2026-03-06T08:00:00Z,BTCUSDT,-3.061e-05,28800000
2026-03-06T16:00:00Z,BTCUSDT,-2.176e-05,28800000
2026-03-07T00:00:00Z,BTCUSDT,6.19e-06,28800000
2026-03-07T08:00:00Z,BTCUSDT,3.525e-05,28800000
2026-03-07T16:00:00Z,BTCUSDT,-4.217e-05,28800000
2026-03-08T00:00:00Z,BTCUSDT,-4.496e-05,28800000
2026-03-08T08:00:00Z,BTCUSDT,-1.115e-05,28800000
2026-03-08T16:00:00Z,BTCUSDT,-2.868e-05,28800000
2026-03-09T00:00:00Z,BTCUSDT,-5.77e-05,28800000
2026-03-09T08:00:00Z,BTCUSDT,-4.579e-05,28800000
2026-03-09T16:00:00Z,BTCUSDT,-3.431e-05,28800000
2026-03-10T00:00:00Z,BTCUSDT,-2.394e-05,28800000
2026-03-10T08:00:00Z,BTCUSDT,1.23e-05,28800000
2026-03-10T16:00:00Z,BTCUSDT,1.738e-05,28800000
2026-03-11T00:00:00Z,BTCUSDT,-0.00011052,28800000
2026-03-11T08:00:00Z,BTCUSDT,-5.252e-05,28800000
2026-03-11T16:00:00Z,BTCUSDT,-5.824e-05,28800000
2026-03-12T00:00:00Z,BTCUSDT,-7.802e-05,28800000
2026-03-12T08:00:00Z,BTCUSDT,-5.392e-05,28800000
2026-03-12T16:00:00Z,BTCUSDT,-7.381e-05,28800000
2026-03-13T00:00:00Z,BTCUSDT,-2.789e-05,28800000
2026-03-13T08:00:00Z,BTCUSDT,4.263e-05,28800000
2026-03-13T16:00:00Z,BTCUSDT,-6.38e-06,28800000
2026-03-14T00:00:00Z,BTCUSDT,-3.79e-06,28800000
2026-03-14T08:00:00Z,BTCUSDT,-3.988e-05,28800000
2026-03-14T16:00:00Z,BTCUSDT,-4.851e-05,28800000
2026-03-15T00:00:00Z,BTCUSDT,-1.883e-05,28800000
2026-03-15T08:00:00Z,BTCUSDT,-6.461e-05,28800000
2026-03-15T16:00:00Z,BTCUSDT,2.659e-05,28800000
2026-03-16T00:00:00Z,BTCUSDT,2.513e-05,28800000
2026-03-16T08:00:00Z,BTCUSDT,7.139e-05,28800000
2026-03-16T16:00:00Z,BTCUSDT,2.015e-05,28800000
2026-03-17T00:00:00Z,BTCUSDT,2.41e-06,28800000
2026-03-17T08:00:00Z,BTCUSDT,-2.505e-05,28800000
2026-03-17T16:00:00Z,BTCUSDT,-1.26e-05,28800000
2026-03-18T00:00:00Z,BTCUSDT,-6.569e-05,28800000
2026-03-18T08:00:00Z,BTCUSDT,-4.813e-05,28800000
2026-03-18T16:00:00Z,BTCUSDT,2.418e-05,28800000
2026-03-19T00:00:00Z,BTCUSDT,-9.74e-06,28800000
2026-03-19T08:00:00Z,BTCUSDT,-3.012e-05,28800000
2026-03-19T16:00:00Z,BTCUSDT,1.205e-05,28800000
2026-03-20T00:00:00Z,BTCUSDT,6.25e-06,28800000
2026-03-20T08:00:00Z,BTCUSDT,7.53e-06,28800000
2026-03-20T16:00:00Z,BTCUSDT,-2.23e-06,28800000
2026-03-21T00:00:00Z,BTCUSDT,-1.493e-05,28800000
2026-03-21T08:00:00Z,BTCUSDT,-7.38e-06,28800000
2026-03-21T16:00:00Z,BTCUSDT,1.093e-05,28800000
2026-03-22T00:00:00Z,BTCUSDT,8.06e-06,28800000
2026-03-22T08:00:00Z,BTCUSDT,-4.425e-05,28800000
2026-03-22T16:00:00Z,BTCUSDT,-6.837e-05,28800000
2026-03-23T00:00:00Z,BTCUSDT,-2.079e-05,28800000
2026-03-23T08:00:00Z,BTCUSDT,-2.863e-05,28800000
2026-03-23T16:00:00Z,BTCUSDT,1.6e-06,28800000
2026-03-24T00:00:00Z,BTCUSDT,4.229e-05,28800000
2026-03-24T08:00:00Z,BTCUSDT,3.675e-05,28800000
2026-03-24T16:00:00Z,BTCUSDT,3.056e-05,28800000
2026-03-25T00:00:00Z,BTCUSDT,2.31e-05,28800000
2026-03-25T08:00:00Z,BTCUSDT,1.074e-05,28800000
2026-03-25T16:00:00Z,BTCUSDT,4.721e-05,28800000
2026-03-26T00:00:00Z,BTCUSDT,2.448e-05,28800000
2026-03-26T08:00:00Z,BTCUSDT,1.379e-05,28800000
2026-03-26T16:00:00Z,BTCUSDT,-2.103e-05,28800000
2026-03-27T00:00:00Z,BTCUSDT,2.925e-05,28800000
2026-03-27T08:00:00Z,BTCUSDT,-6.298e-05,28800000
2026-03-27T16:00:00Z,BTCUSDT,-5.841e-05,28800000
2026-03-28T00:00:00Z,BTCUSDT,-8.088e-05,28800000
2026-03-28T08:00:00Z,BTCUSDT,-7.604e-05,28800000
2026-03-28T16:00:00Z,BTCUSDT,-1.73e-06,28800000
2026-03-29T00:00:00Z,BTCUSDT,-3.68e-05,28800000
2026-03-29T08:00:00Z,BTCUSDT,-1.2e-07,28800000
2026-03-29T16:00:00Z,BTCUSDT,2.677e-05,28800000
2026-03-30T00:00:00Z,BTCUSDT,3e-06,28800000
2026-03-30T08:00:00Z,BTCUSDT,4.92e-06,28800000
2026-03-30T16:00:00Z,BTCUSDT,7.58e-06,28800000
2026-03-31T00:00:00Z,BTCUSDT,1.16e-06,28800000
2026-03-31T08:00:00Z,BTCUSDT,-1.921e-05,28800000
2026-03-31T16:00:00Z,BTCUSDT,-2.763e-05,28800000
2026-04-01T00:00:00Z,BTCUSDT,-3.449e-05,28800000
2026-04-01T08:00:00Z,BTCUSDT,-4.61e-06,28800000
2026-04-01T16:00:00Z,BTCUSDT,5.77e-06,28800000
2026-04-02T00:00:00Z,BTCUSDT,3.521e-05,28800000
2026-04-02T08:00:00Z,BTCUSDT,8.45e-06,28800000
2026-04-02T16:00:00Z,BTCUSDT,-7.398e-05,28800000
2026-04-03T00:00:00Z,BTCUSDT,-8.31e-06,28800000
2026-04-03T08:00:00Z,BTCUSDT,-5.99e-06,28800000
2026-04-03T16:00:00Z,BTCUSDT,3.51e-06,28800000
2026-04-04T00:00:00Z,BTCUSDT,3.761e-05,28800000
2026-04-04T08:00:00Z,BTCUSDT,4.115e-05,28800000
2026-04-04T16:00:00Z,BTCUSDT,1.651e-05,28800000
2026-04-05T00:00:00Z,BTCUSDT,2.407e-05,28800000
2026-04-05T08:00:00Z,BTCUSDT,3.812e-05,28800000
2026-04-05T16:00:00Z,BTCUSDT,1.889e-05,28800000
2026-04-06T00:00:00Z,BTCUSDT,7.073e-05,28800000
2026-04-06T08:00:00Z,BTCUSDT,5.544e-05,28800000
2026-04-06T16:00:00Z,BTCUSDT,4.23e-06,28800000
2026-04-07T00:00:00Z,BTCUSDT,-3.15e-06,28800000
2026-04-07T08:00:00Z,BTCUSDT,3.703e-05,28800000
2026-04-07T16:00:00Z,BTCUSDT,7.393e-05,28800000
2026-04-08T00:00:00Z,BTCUSDT,6.02e-05,28800000
2026-04-08T08:00:00Z,BTCUSDT,1.563e-05,28800000
2026-04-08T16:00:00Z,BTCUSDT,4.048e-05,28800000
2026-04-09T00:00:00Z,BTCUSDT,-1.47e-06,28800000
2026-04-09T08:00:00Z,BTCUSDT,5.239e-05,28800000
2026-04-09T16:00:00Z,BTCUSDT,-1.986e-05,28800000
2026-04-10T00:00:00Z,BTCUSDT,4.11e-06,28800000
2026-04-10T08:00:00Z,BTCUSDT,2.458e-05,28800000
2026-04-10T16:00:00Z,BTCUSDT,-2.187e-05,28800000
2026-04-11T00:00:00Z,BTCUSDT,-7.225e-05,28800000
2026-04-11T08:00:00Z,BTCUSDT,-6.083e-05,28800000
2026-04-11T16:00:00Z,BTCUSDT,-6.755e-05,28800000
2026-04-12T00:00:00Z,BTCUSDT,-8.108e-05,28800000
2026-04-12T08:00:00Z,BTCUSDT,-3.69e-05,28800000
2026-04-12T16:00:00Z,BTCUSDT,-3.35e-06,28800000
2026-04-13T00:00:00Z,BTCUSDT,-2.34e-06,28800000
2026-04-13T08:00:00Z,BTCUSDT,-1.83e-06,28800000
2026-04-13T16:00:00Z,BTCUSDT,-5.409e-05,28800000
2026-04-14T00:00:00Z,BTCUSDT,-5.854e-05,28800000
2026-04-14T08:00:00Z,BTCUSDT,2.732e-05,28800000
2026-04-14T16:00:00Z,BTCUSDT,-5.234e-05,28800000
2026-04-15T00:00:00Z,BTCUSDT,-9.313e-05,28800000
2026-04-15T08:00:00Z,BTCUSDT,-5.085e-05,28800000
2026-04-15T16:00:00Z,BTCUSDT,-7.151e-05,28800000
2026-04-16T00:00:00Z,BTCUSDT,-3.418e-05,28800000
2026-04-16T08:00:00Z,BTCUSDT,-2.841e-05,28800000
2026-04-16T16:00:00Z,BTCUSDT,-2.225e-05,28800000
2026-04-17T00:00:00Z,BTCUSDT,3.297e-05,28800000
2026-04-17T08:00:00Z,BTCUSDT,2.781e-05,28800000
2026-04-17T16:00:00Z,BTCUSDT,-0.00010789,28800000
2026-04-18T00:00:00Z,BTCUSDT,-8.098e-05,28800000
2026-04-18T08:00:00Z,BTCUSDT,-7.082e-05,28800000
2026-04-18T16:00:00Z,BTCUSDT,-4.586e-05,28800000
2026-04-19T00:00:00Z,BTCUSDT,-8.395e-05,28800000
2026-04-19T08:00:00Z,BTCUSDT,-7.219e-05,28800000
2026-04-19T16:00:00Z,BTCUSDT,-0.00012276,28800000
2026-04-20T00:00:00Z,BTCUSDT,-4.615e-05,28800000
2026-04-20T08:00:00Z,BTCUSDT,-4.778e-05,28800000
2026-04-20T16:00:00Z,BTCUSDT,-2.745e-05,28800000
2026-04-21T00:00:00Z,BTCUSDT,-7.937e-05,28800000
2026-04-21T08:00:00Z,BTCUSDT,-5.824e-05,28800000
2026-04-21T16:00:00Z,BTCUSDT,-4.242e-05,28800000
2026-04-22T00:00:00Z,BTCUSDT,-2.237e-05,28800000
2026-04-22T08:00:00Z,BTCUSDT,3.56e-05,28800000
2026-04-22T16:00:00Z,BTCUSDT,-7.49e-06,28800000
2026-04-23T00:00:00Z,BTCUSDT,-7.87e-05,28800000
2026-04-23T08:00:00Z,BTCUSDT,-3.553e-05,28800000
2026-04-23T16:00:00Z,BTCUSDT,-6.696e-05,28800000
2026-04-24T00:00:00Z,BTCUSDT,-3.829e-05,28800000
2026-04-24T08:00:00Z,BTCUSDT,-7.865e-05,28800000
2026-04-24T16:00:00Z,BTCUSDT,-3.152e-05,28800000
2026-04-25T00:00:00Z,BTCUSDT,-1.077e-05,28800000
2026-04-25T08:00:00Z,BTCUSDT,-6.235e-05,28800000
2026-04-25T16:00:00Z,BTCUSDT,-5.699e-05,28800000
2026-04-26T00:00:00Z,BTCUSDT,2.41e-06,28800000
2026-04-26T08:00:00Z,BTCUSDT,1.53e-06,28800000
2026-04-26T16:00:00Z,BTCUSDT,1.95e-06,28800000
2026-04-27T00:00:00Z,BTCUSDT,2.49e-06,28800000
2026-04-27T08:00:00Z,BTCUSDT,-8.659e-05,28800000
2026-04-27T16:00:00Z,BTCUSDT,-5.678e-05,28800000
2026-04-28T00:00:00Z,BTCUSDT,-3.951e-05,28800000
2026-04-28T08:00:00Z,BTCUSDT,-3.204e-05,28800000
2026-04-28T16:00:00Z,BTCUSDT,5.242e-05,28800000
2026-04-29T00:00:00Z,BTCUSDT,1.305e-05,28800000
2026-04-29T08:00:00Z,BTCUSDT,-2.84e-05,28800000
2026-04-29T16:00:00Z,BTCUSDT,3.571e-05,28800000
2026-04-30T00:00:00Z,BTCUSDT,-4.22e-05,28800000
2026-04-30T08:00:00Z,BTCUSDT,-1.837e-05,28800000
2026-04-30T16:00:00Z,BTCUSDT,-2.904e-05,28800000
