timestamp_utc,symbol,funding_rate,funding_interval_ms
2023-05-01T00:00:00Z,ETHUSDT,-2.629e-05,28800000
2023-05-01T08:00:00Z,ETHUSDT,2.338e-05,28800000
2023-05-01T16:00:00Z,ETHUSDT,8.46e-06,28800000
2023-05-02T00:00:00Z,ETHUSDT,9.917e-05,28800000
2023-05-02T08:00:00Z,ETHUSDT,2.555e-05,28800000
2023-05-02T16:00:00Z,ETHUSDT,8.146e-05,28800000
2023-05-03T00:00:00Z,ETHUSDT,9.799e-05,28800000
2023-05-03T08:00:00Z,ETHUSDT,6.273e-05,28800000
2023-05-03T16:00:00Z,ETHUSDT,0.0001,28800000
2023-05-04T00:00:00Z,ETHUSDT,0.0001,28800000
2023-05-04T08:00:00Z,ETHUSDT,0.0001,28800000
2023-05-04T16:00:00Z,ETHUSDT,9.9e-05,28800000
2023-05-05T00:00:00Z,ETHUSDT,3.555e-05,28800000
2023-05-05T08:00:00Z,ETHUSDT,5.68e-05,28800000
2023-05-05T16:00:00Z,ETHUSDT,0.0001,28800000
2023-05-06T00:00:00Z,ETHUSDT,0.0001,28800000
2023-05-06T08:00:00Z,ETHUSDT,0.0001,28800000
2023-05-06T16:00:00Z,ETHUSDT,6.94e-06,28800000
2023-05-07T00:00:00Z,ETHUSDT,1.519e-05,28800000
2023-05-07T08:00:00Z,ETHUSDT,2.257e-05,28800000
2023-05-07T16:00:00Z,ETHUSDT,4.724e-05,28800000
2023-05-08T00:00:00Z,ETHUSDT,5.356e-05,28800000
2023-05-08T08:00:00Z,ETHUSDT,1.131e-05,28800000
2023-05-08T16:00:00Z,ETHUSDT,3.803e-05,28800000
2023-05-09T00:00:00Z,ETHUSDT,9.627e-05,28800000
2023-05-09T08:00:00Z,ETHUSDT,0.0001,28800000
2023-05-09T16:00:00Z,ETHUSDT,5.218e-05,28800000
2023-05-10T00:00:00Z,ETHUSDT,2.199e-05,28800000
2023-05-10T08:00:00Z,ETHUSDT,6.916e-05,28800000
2023-05-10T16:00:00Z,ETHUSDT,4.334e-05,28800000
2023-05-11T00:00:00Z,ETHUSDT,-3.99e-06,28800000
2023-05-11T08:00:00Z,ETHUSDT,2.198e-05,28800000
2023-05-11T16:00:00Z,ETHUSDT,5.429e-05,28800000
2023-05-12T00:00:00Z,ETHUSDT,1.83e-05,28800000
2023-05-12T08:00:00Z,ETHUSDT,4.54e-06,28800000
2023-05-12T16:00:00Z,ETHUSDT,-9.17e-06,28800000
2023-05-13T00:00:00Z,ETHUSDT,2.858e-05,28800000
2023-05-13T08:00:00Z,ETHUSDT,2.366e-05,28800000
2023-05-13T16:00:00Z,ETHUSDT,8.57e-06,28800000
2023-05-14T00:00:00Z,ETHUSDT,-4.8e-06,28800000
2023-05-14T08:00:00Z,ETHUSDT,5.487e-05,28800000
2023-05-14T16:00:00Z,ETHUSDT,3.797e-05,28800000
2023-05-15T00:00:00Z,ETHUSDT,-1.849e-05,28800000
2023-05-15T08:00:00Z,ETHUSDT,-2.95e-06,28800000
2023-05-15T16:00:00Z,ETHUSDT,-1.988e-05,28800000
2023-05-16T00:00:00Z,ETHUSDT,-1.56e-05,28800000
2023-05-16T08:00:00Z,ETHUSDT,1.255e-05,28800000
2023-05-16T16:00:00Z,ETHUSDT,6.009e-05,28800000
2023-05-17T00:00:00Z,ETHUSDT,8.76e-05,28800000
2023-05-17T08:00:00Z,ETHUSDT,-1.53e-05,28800000
2023-05-17T16:00:00Z,ETHUSDT,3.984e-05,28800000
2023-05-18T00:00:00Z,ETHUSDT,7.696e-05,28800000
2023-05-18T08:00:00Z,ETHUSDT,6.739e-05,28800000
2023-05-18T16:00:00Z,ETHUSDT,5.135e-05,28800000
2023-05-19T00:00:00Z,ETHUSDT,4.796e-05,28800000
2023-05-19T08:00:00Z,ETHUSDT,2.782e-05,28800000
2023-05-19T16:00:00Z,ETHUSDT,0.0001,28800000
2023-05-20T00:00:00Z,ETHUSDT,7.933e-05,28800000
2023-05-20T08:00:00Z,ETHUSDT,7.88e-06,28800000
2023-05-20T16:00:00Z,ETHUSDT,-1.76e-06,28800000
2023-05-21T00:00:00Z,ETHUSDT,4.22e-05,28800000
2023-05-21T08:00:00Z,ETHUSDT,-1.59e-06,28800000
2023-05-21T16:00:00Z,ETHUSDT,2.497e-05,28800000
2023-05-22T00:00:00Z,ETHUSDT,2.428e-05,28800000
2023-05-22T08:00:00Z,ETHUSDT,5.518e-05,28800000
2023-05-22T16:00:00Z,ETHUSDT,9.003e-05,28800000
2023-05-23T00:00:00Z,ETHUSDT,2.79e-05,28800000
2023-05-23T08:00:00Z,ETHUSDT,0.0001,28800000
2023-05-23T16:00:00Z,ETHUSDT,7.379e-05,28800000
2023-05-24T00:00:00Z,ETHUSDT,9.078e-05,28800000
2023-05-24T08:00:00Z,ETHUSDT,1.006e-05,28800000
2023-05-24T16:00:00Z,ETHUSDT,4.917e-05,28800000
2023-05-25T00:00:00Z,ETHUSDT,1.449e-05,28800000
2023-05-25T08:00:00Z,ETHUSDT,1.48e-06,28800000
2023-05-25T16:00:00Z,ETHUSDT,6.605e-05,28800000
2023-05-26T00:00:00Z,ETHUSDT,0.0001,28800000
2023-05-26T08:00:00Z,ETHUSDT,6.574e-05,28800000
2023-05-26T16:00:00Z,ETHUSDT,3.794e-05,28800000
2023-05-27T00:00:00Z,ETHUSDT,6.425e-05,28800000
2023-05-27T08:00:00Z,ETHUSDT,4.565e-05,28800000
2023-05-27T16:00:00Z,ETHUSDT,-3.23e-05,28800000
2023-05-28T00:00:00Z,ETHUSDT,-1.2e-06,28800000
2023-05-28T08:00:00Z,ETHUSDT,-1.086e-05,28800000
2023-05-28T16:00:00Z,ETHUSDT,2.481e-05,28800000
2023-05-29T00:00:00Z,ETHUSDT,0.0001,28800000
2023-05-29T08:00:00Z,ETHUSDT,0.0001,28800000
2023-05-29T16:00:00Z,ETHUSDT,0.0001,28800000
2023-05-30T00:00:00Z,ETHUSDT,0.0001,28800000
2023-05-30T08:00:00Z,ETHUSDT,0.0001,28800000
2023-05-30T16:00:00Z,ETHUSDT,4.386e-05,28800000
2023-05-31T00:00:00Z,ETHUSDT,7.951e-05,28800000
2023-05-31T08:00:00Z,ETHUSDT,5.35e-06,28800000
2023-05-31T16:00:00Z,ETHUSDT,4.873e-05,28800000
2023-06-01T00:00:00Z,ETHUSDT,6.731e-05,28800000
2023-06-01T08:00:00Z,ETHUSDT,9.125e-05,28800000
2023-06-01T16:00:00Z,ETHUSDT,0.0001,28800000
2023-06-02T00:00:00Z,ETHUSDT,4.67e-05,28800000
2023-06-02T08:00:00Z,ETHUSDT,0.0001,28800000
2023-06-02T16:00:00Z,ETHUSDT,8.252e-05,28800000
2023-06-03T00:00:00Z,ETHUSDT,0.0001,28800000
2023-06-03T08:00:00Z,ETHUSDT,7.857e-05,28800000
2023-06-03T16:00:00Z,ETHUSDT,9.5e-06,28800000
2023-06-04T00:00:00Z,ETHUSDT,2.827e-05,28800000
2023-06-04T08:00:00Z,ETHUSDT,4.801e-05,28800000
2023-06-04T16:00:00Z,ETHUSDT,8.077e-05,28800000
2023-06-05T00:00:00Z,ETHUSDT,2.94e-06,28800000
2023-06-05T08:00:00Z,ETHUSDT,2.308e-05,28800000
2023-06-05T16:00:00Z,ETHUSDT,7.505e-05,28800000
2023-06-06T00:00:00Z,ETHUSDT,-4.896e-05,28800000
2023-06-06T08:00:00Z,ETHUSDT,1.99e-06,28800000
2023-06-06T16:00:00Z,ETHUSDT,8.581e-05,28800000
2023-06-07T00:00:00Z,ETHUSDT,0.0001,28800000
2023-06-07T08:00:00Z,ETHUSDT,0.0001,28800000
2023-06-07T16:00:00Z,ETHUSDT,2.658e-05,28800000
2023-06-08T00:00:00Z,ETHUSDT,6.055e-05,28800000
2023-06-08T08:00:00Z,ETHUSDT,5.971e-05,28800000
2023-06-08T16:00:00Z,ETHUSDT,6.27e-05,28800000
2023-06-09T00:00:00Z,ETHUSDT,7.287e-05,28800000
2023-06-09T08:00:00Z,ETHUSDT,9.72e-06,28800000
2023-06-09T16:00:00Z,ETHUSDT,7.382e-05,28800000
2023-06-10T00:00:00Z,ETHUSDT,6.01e-05,28800000
2023-06-10T08:00:00Z,ETHUSDT,5.325e-05,28800000
2023-06-10T16:00:00Z,ETHUSDT,1.875e-05,28800000
2023-06-11T00:00:00Z,ETHUSDT,1.783e-05,28800000
2023-06-11T08:00:00Z,ETHUSDT,6.332e-05,28800000
2023-06-11T16:00:00Z,ETHUSDT,2.351e-05,28800000
2023-06-12T00:00:00Z,ETHUSDT,7.802e-05,28800000
2023-06-12T08:00:00Z,ETHUSDT,9.417e-05,28800000
2023-06-12T16:00:00Z,ETHUSDT,2.839e-05,28800000
2023-06-13T00:00:00Z,ETHUSDT,7.468e-05,28800000
2023-06-13T08:00:00Z,ETHUSDT,4.944e-05,28800000
2023-06-13T16:00:00Z,ETHUSDT,5.417e-05,28800000
2023-06-14T00:00:00Z,ETHUSDT,9.312e-05,28800000
2023-06-14T08:00:00Z,ETHUSDT,1.378e-05,28800000
2023-06-14T16:00:00Z,ETHUSDT,2.759e-05,28800000
2023-06-15T00:00:00Z,ETHUSDT,-7.479e-05,28800000
2023-06-15T08:00:00Z,ETHUSDT,-8.236e-05,28800000
2023-06-15T16:00:00Z,ETHUSDT,3.041e-05,28800000
2023-06-16T00:00:00Z,ETHUSDT,-8.034e-05,28800000
2023-06-16T08:00:00Z,ETHUSDT,-5.17e-05,28800000
2023-06-16T16:00:00Z,ETHUSDT,-1.294e-05,28800000
2023-06-17T00:00:00Z,ETHUSDT,6.711e-05,28800000
2023-06-17T08:00:00Z,ETHUSDT,0.0001,28800000
2023-06-17T16:00:00Z,ETHUSDT,-1.45e-06,28800000
2023-06-18T00:00:00Z,ETHUSDT,-7.19e-06,28800000
2023-06-18T08:00:00Z,ETHUSDT,-8.65e-06,28800000
2023-06-18T16:00:00Z,ETHUSDT,5.296e-05,28800000
2023-06-19T00:00:00Z,ETHUSDT,3.436e-05,28800000
2023-06-19T08:00:00Z,ETHUSDT,5.597e-05,28800000
2023-06-19T16:00:00Z,ETHUSDT,2.962e-05,28800000
2023-06-20T00:00:00Z,ETHUSDT,3.35e-05,28800000
2023-06-20T08:00:00Z,ETHUSDT,-2.167e-05,28800000
2023-06-20T16:00:00Z,ETHUSDT,2.359e-05,28800000
2023-06-21T00:00:00Z,ETHUSDT,0.0001,28800000
2023-06-21T08:00:00Z,ETHUSDT,1.018e-05,28800000
2023-06-21T16:00:00Z,ETHUSDT,-2.36e-06,28800000
2023-06-22T00:00:00Z,ETHUSDT,0.0001,28800000
2023-06-22T08:00:00Z,ETHUSDT,0.0001,28800000
2023-06-22T16:00:00Z,ETHUSDT,0.0001,28800000
2023-06-23T00:00:00Z,ETHUSDT,0.0001,28800000
2023-06-23T08:00:00Z,ETHUSDT,0.0001,28800000
2023-06-23T16:00:00Z,ETHUSDT,4.288e-05,28800000
2023-06-24T00:00:00Z,ETHUSDT,0.0001,28800000
2023-06-24T08:00:00Z,ETHUSDT,0.0001,28800000
2023-06-24T16:00:00Z,ETHUSDT,3.414e-05,28800000
2023-06-25T00:00:00Z,ETHUSDT,0.0001,28800000
2023-06-25T08:00:00Z,ETHUSDT,0.0001,28800000
2023-06-25T16:00:00Z,ETHUSDT,0.0001,28800000
2023-06-26T00:00:00Z,ETHUSDT,0.0001,28800000
2023-06-26T08:00:00Z,ETHUSDT,7.153e-05,28800000
2023-06-26T16:00:00Z,ETHUSDT,7.038e-05,28800000
2023-06-27T00:00:00Z,ETHUSDT,4.477e-05,28800000
2023-06-27T08:00:00Z,ETHUSDT,6.237e-05,28800000
2023-06-27T16:00:00Z,ETHUSDT,1.184e-05,28800000
2023-06-28T00:00:00Z,ETHUSDT,0.0001,28800000
2023-06-28T08:00:00Z,ETHUSDT,2.202e-05,28800000
2023-06-28T16:00:00Z,ETHUSDT,3.873e-05,28800000
2023-06-29T00:00:00Z,ETHUSDT,1.497e-05,28800000
2023-06-29T08:00:00Z,ETHUSDT,1.188e-05,28800000
2023-06-29T16:00:00Z,ETHUSDT,0.0001,28800000
2023-06-30T00:00:00Z,ETHUSDT,3.965e-05,28800000
2023-06-30T08:00:00Z,ETHUSDT,0.0001,28800000
2023-06-30T16:00:00Z,ETHUSDT,0.0001,28800000
2023-07-01T00:00:00Z,ETHUSDT,0.0001,28800000
2023-07-01T08:00:00Z,ETHUSDT,0.0001,28800000
2023-07-01T16:00:00Z,ETHUSDT,0.0001,28800000
2023-07-02T00:00:00Z,ETHUSDT,0.0001,28800000
2023-07-02T08:00:00Z,ETHUSDT,0.0001,28800000
2023-07-02T16:00:00Z,ETHUSDT,0.0001,28800000
2023-07-03T00:00:00Z,ETHUSDT,0.0001,28800000
2023-07-03T08:00:00Z,ETHUSDT,0.0001,28800000
2023-07-03T16:00:00Z,ETHUSDT,0.0001,28800000
2023-07-04T00:00:00Z,ETHUSDT,0.0001,28800000
2023-07-04T08:00:00Z,ETHUSDT,0.0001,28800000
2023-07-04T16:00:00Z,ETHUSDT,0.0001,28800000
2023-07-05T00:00:00Z,ETHUSDT,0.0001,28800000
2023-07-05T08:00:00Z,ETHUSDT,0.0001,28800000
2023-07-05T16:00:00Z,ETHUSDT,0.0001,28800000
2023-07-06T00:00:00Z,ETHUSDT,0.0001,28800000
2023-07-06T08:00:00Z,ETHUSDT,0.0001,28800000
2023-07-06T16:00:00Z,ETHUSDT,2.778e-05,28800000
2023-07-07T00:00:00Z,ETHUSDT,7.449e-05,28800000
2023-07-07T08:00:00Z,ETHUSDT,3.362e-05,28800000
2023-07-07T16:00:00Z,ETHUSDT,2.585e-05,28800000
2023-07-08T00:00:00Z,ETHUSDT,3.796e-05,28800000
2023-07-08T08:00:00Z,ETHUSDT,1.339e-05,28800000
2023-07-08T16:00:00Z,ETHUSDT,-4.17e-06,28800000
2023-07-09T00:00:00Z,ETHUSDT,3.226e-05,28800000
2023-07-09T08:00:00Z,ETHUSDT,2.878e-05,28800000
2023-07-09T16:00:00Z,ETHUSDT,3.18e-05,28800000
2023-07-10T00:00:00Z,ETHUSDT,2.726e-05,28800000
2023-07-10T08:00:00Z,ETHUSDT,4.524e-05,28800000
2023-07-10T16:00:00Z,ETHUSDT,7.179e-05,28800000
2023-07-11T00:00:00Z,ETHUSDT,9.527e-05,28800000
2023-07-11T08:00:00Z,ETHUSDT,7.653e-05,28800000
2023-07-11T16:00:00Z,ETHUSDT,2.549e-05,28800000
2023-07-12T00:00:00Z,ETHUSDT,8.29e-05,28800000
2023-07-12T08:00:00Z,ETHUSDT,0.0001,28800000
2023-07-12T16:00:00Z,ETHUSDT,7.32e-05,28800000
2023-07-13T00:00:00Z,ETHUSDT,-8.22e-06,28800000
2023-07-13T08:00:00Z,ETHUSDT,5.591e-05,28800000
2023-07-13T16:00:00Z,ETHUSDT,-4.55e-05,28800000
2023-07-14T00:00:00Z,ETHUSDT,0.0001,28800000
2023-07-14T08:00:00Z,ETHUSDT,0.0001,28800000
2023-07-14T16:00:00Z,ETHUSDT,0.0001,28800000
2023-07-15T00:00:00Z,ETHUSDT,-1.31e-06,28800000
2023-07-15T08:00:00Z,ETHUSDT,8.11e-05,28800000
2023-07-15T16:00:00Z,ETHUSDT,8.792e-05,28800000
2023-07-16T00:00:00Z,ETHUSDT,5.641e-05,28800000
2023-07-16T08:00:00Z,ETHUSDT,4.632e-05,28800000
2023-07-16T16:00:00Z,ETHUSDT,4.081e-05,28800000
2023-07-17T00:00:00Z,ETHUSDT,2.809e-05,28800000
2023-07-17T08:00:00Z,ETHUSDT,2.313e-05,28800000
2023-07-17T16:00:00Z,ETHUSDT,3.963e-05,28800000
2023-07-18T00:00:00Z,ETHUSDT,6.696e-05,28800000
2023-07-18T08:00:00Z,ETHUSDT,8.539e-05,28800000
2023-07-18T16:00:00Z,ETHUSDT,7.161e-05,28800000
2023-07-19T00:00:00Z,ETHUSDT,6.538e-05,28800000
2023-07-19T08:00:00Z,ETHUSDT,0.0001,28800000
2023-07-19T16:00:00Z,ETHUSDT,9.161e-05,28800000
2023-07-20T00:00:00Z,ETHUSDT,-2.41e-06,28800000
2023-07-20T08:00:00Z,ETHUSDT,9.217e-05,28800000
2023-07-20T16:00:00Z,ETHUSDT,0.0001,28800000
2023-07-21T00:00:00Z,ETHUSDT,1.798e-05,28800000
2023-07-21T08:00:00Z,ETHUSDT,4.73e-06,28800000
2023-07-21T16:00:00Z,ETHUSDT,7.376e-05,28800000
2023-07-22T00:00:00Z,ETHUSDT,5.769e-05,28800000
2023-07-22T08:00:00Z,ETHUSDT,-4.15e-06,28800000
2023-07-22T16:00:00Z,ETHUSDT,1.649e-05,28800000
2023-07-23T00:00:00Z,ETHUSDT,1.578e-05,28800000
2023-07-23T08:00:00Z,ETHUSDT,3.411e-05,28800000
2023-07-23T16:00:00Z,ETHUSDT,5.404e-05,28800000
2023-07-24T00:00:00Z,ETHUSDT,0.0001,28800000
2023-07-24T08:00:00Z,ETHUSDT,-8e-07,28800000
2023-07-24T16:00:00Z,ETHUSDT,7.167e-05,28800000
2023-07-25T00:00:00Z,ETHUSDT,8.389e-05,28800000
2023-07-25T08:00:00Z,ETHUSDT,0.0001,28800000
2023-07-25T16:00:00Z,ETHUSDT,7.49e-05,28800000
2023-07-26T00:00:00Z,ETHUSDT,9.056e-05,28800000
2023-07-26T08:00:00Z,ETHUSDT,6.753e-05,28800000
2023-07-26T16:00:00Z,ETHUSDT,9.889e-05,28800000
2023-07-27T00:00:00Z,ETHUSDT,0.0001,28800000
2023-07-27T08:00:00Z,ETHUSDT,8.145e-05,28800000
2023-07-27T16:00:00Z,ETHUSDT,3.967e-05,28800000
2023-07-28T00:00:00Z,ETHUSDT,4.95e-05,28800000
2023-07-28T08:00:00Z,ETHUSDT,5.36e-05,28800000
2023-07-28T16:00:00Z,ETHUSDT,9.408e-05,28800000
2023-07-29T00:00:00Z,ETHUSDT,0.0001,28800000
2023-07-29T08:00:00Z,ETHUSDT,1.485e-05,28800000
2023-07-29T16:00:00Z,ETHUSDT,0.0001,28800000
2023-07-30T00:00:00Z,ETHUSDT,0.0001,28800000
2023-07-30T08:00:00Z,ETHUSDT,1.949e-05,28800000
2023-07-30T16:00:00Z,ETHUSDT,3.686e-05,28800000
2023-07-31T00:00:00Z,ETHUSDT,4.9e-07,28800000
2023-07-31T08:00:00Z,ETHUSDT,1.7e-06,28800000
2023-07-31T16:00:00Z,ETHUSDT,4.221e-05,28800000
2023-08-01T00:00:00Z,ETHUSDT,8.008e-05,28800000
2023-08-01T08:00:00Z,ETHUSDT,3.03e-05,28800000
2023-08-01T16:00:00Z,ETHUSDT,0.0001,28800000
2023-08-02T00:00:00Z,ETHUSDT,0.0001,28800000
2023-08-02T08:00:00Z,ETHUSDT,0.0001,28800000
2023-08-02T16:00:00Z,ETHUSDT,0.0001,28800000
2023-08-03T00:00:00Z,ETHUSDT,0.0001,28800000
2023-08-03T08:00:00Z,ETHUSDT,0.0001,28800000
2023-08-03T16:00:00Z,ETHUSDT,0.0001,28800000
2023-08-04T00:00:00Z,ETHUSDT,0.0001,28800000
2023-08-04T08:00:00Z,ETHUSDT,4.83e-05,28800000
2023-08-04T16:00:00Z,ETHUSDT,0.0001,28800000
2023-08-05T00:00:00Z,ETHUSDT,6.861e-05,28800000
2023-08-05T08:00:00Z,ETHUSDT,9.22e-05,28800000
2023-08-05T16:00:00Z,ETHUSDT,0.0001,28800000
2023-08-06T00:00:00Z,ETHUSDT,0.0001,28800000
2023-08-06T08:00:00Z,ETHUSDT,6.951e-05,28800000
2023-08-06T16:00:00Z,ETHUSDT,4.934e-05,28800000
2023-08-07T00:00:00Z,ETHUSDT,0.0001,28800000
2023-08-07T08:00:00Z,ETHUSDT,9.331e-05,28800000
2023-08-07T16:00:00Z,ETHUSDT,0.0001,28800000
2023-08-08T00:00:00Z,ETHUSDT,6.695e-05,28800000
2023-08-08T08:00:00Z,ETHUSDT,0.0001,28800000
2023-08-08T16:00:00Z,ETHUSDT,4.942e-05,28800000
2023-08-09T00:00:00Z,ETHUSDT,0.0001,28800000
2023-08-09T08:00:00Z,ETHUSDT,1.575e-05,28800000
2023-08-09T16:00:00Z,ETHUSDT,6.699e-05,28800000
2023-08-10T00:00:00Z,ETHUSDT,8.799e-05,28800000
2023-08-10T08:00:00Z,ETHUSDT,9.807e-05,28800000
2023-08-10T16:00:00Z,ETHUSDT,8.989e-05,28800000
2023-08-11T00:00:00Z,ETHUSDT,3.796e-05,28800000
2023-08-11T08:00:00Z,ETHUSDT,7.02e-06,28800000
2023-08-11T16:00:00Z,ETHUSDT,4.072e-05,28800000
2023-08-12T00:00:00Z,ETHUSDT,6.253e-05,28800000
2023-08-12T08:00:00Z,ETHUSDT,4.437e-05,28800000
2023-08-12T16:00:00Z,ETHUSDT,6.868e-05,28800000
2023-08-13T00:00:00Z,ETHUSDT,5.65e-05,28800000
2023-08-13T08:00:00Z,ETHUSDT,3.083e-05,28800000
2023-08-13T16:00:00Z,ETHUSDT,9.458e-05,28800000
2023-08-14T00:00:00Z,ETHUSDT,0.0001,28800000
2023-08-14T08:00:00Z,ETHUSDT,0.0001,28800000
2023-08-14T16:00:00Z,ETHUSDT,9.882e-05,28800000
2023-08-15T00:00:00Z,ETHUSDT,7.579e-05,28800000
2023-08-15T08:00:00Z,ETHUSDT,9.894e-05,28800000
2023-08-15T16:00:00Z,ETHUSDT,8.909e-05,28800000
2023-08-16T00:00:00Z,ETHUSDT,7.286e-05,28800000
2023-08-16T08:00:00Z,ETHUSDT,9.487e-05,28800000
2023-08-16T16:00:00Z,ETHUSDT,0.0001,28800000
2023-08-17T00:00:00Z,ETHUSDT,0.0001,28800000
2023-08-17T08:00:00Z,ETHUSDT,7.426e-05,28800000
2023-08-17T16:00:00Z,ETHUSDT,7.146e-05,28800000
2023-08-18T00:00:00Z,ETHUSDT,-0.00017498,28800000
2023-08-18T08:00:00Z,ETHUSDT,8.602e-05,28800000
2023-08-18T16:00:00Z,ETHUSDT,2.951e-05,28800000
2023-08-19T00:00:00Z,ETHUSDT,-4.58e-05,28800000
2023-08-19T08:00:00Z,ETHUSDT,-7.861e-05,28800000
2023-08-19T16:00:00Z,ETHUSDT,-8.349e-05,28800000
2023-08-20T00:00:00Z,ETHUSDT,-0.00011445,28800000
2023-08-20T08:00:00Z,ETHUSDT,-9.092e-05,28800000
2023-08-20T16:00:00Z,ETHUSDT,-1.625e-05,28800000
2023-08-21T00:00:00Z,ETHUSDT,-4.01e-05,28800000
2023-08-21T08:00:00Z,ETHUSDT,-4.365e-05,28800000
2023-08-21T16:00:00Z,ETHUSDT,5.92e-06,28800000
2023-08-22T00:00:00Z,ETHUSDT,3.645e-05,28800000
2023-08-22T08:00:00Z,ETHUSDT,-6.552e-05,28800000
2023-08-22T16:00:00Z,ETHUSDT,-3.757e-05,28800000
2023-08-23T00:00:00Z,ETHUSDT,-2.059e-05,28800000
2023-08-23T08:00:00Z,ETHUSDT,-1.6e-06,28800000
2023-08-23T16:00:00Z,ETHUSDT,3.34e-06,28800000
2023-08-24T00:00:00Z,ETHUSDT,2.659e-05,28800000
2023-08-24T08:00:00Z,ETHUSDT,-9.57e-06,28800000
2023-08-24T16:00:00Z,ETHUSDT,-1.897e-05,28800000
2023-08-25T00:00:00Z,ETHUSDT,-2.692e-05,28800000
2023-08-25T08:00:00Z,ETHUSDT,-1.529e-05,28800000
2023-08-25T16:00:00Z,ETHUSDT,4.98e-06,28800000
2023-08-26T00:00:00Z,ETHUSDT,3.56e-05,28800000
2023-08-26T08:00:00Z,ETHUSDT,-5.5e-07,28800000
2023-08-26T16:00:00Z,ETHUSDT,-6.303e-05,28800000
2023-08-27T00:00:00Z,ETHUSDT,3.99e-06,28800000
2023-08-27T08:00:00Z,ETHUSDT,1.535e-05,28800000
2023-08-27T16:00:00Z,ETHUSDT,2.696e-05,28800000
2023-08-28T00:00:00Z,ETHUSDT,-1.76e-06,28800000
2023-08-28T08:00:00Z,ETHUSDT,-4.85e-05,28800000
2023-08-28T16:00:00Z,ETHUSDT,5.739e-05,28800000
2023-08-29T00:00:00Z,ETHUSDT,3.145e-05,28800000
2023-08-29T08:00:00Z,ETHUSDT,1.139e-05,28800000
2023-08-29T16:00:00Z,ETHUSDT,-0.0001273,28800000
2023-08-30T00:00:00Z,ETHUSDT,7.488e-05,28800000
2023-08-30T08:00:00Z,ETHUSDT,7.249e-05,28800000
2023-08-30T16:00:00Z,ETHUSDT,4.644e-05,28800000
2023-08-31T00:00:00Z,ETHUSDT,3.628e-05,28800000
2023-08-31T08:00:00Z,ETHUSDT,5.955e-05,28800000
2023-08-31T16:00:00Z,ETHUSDT,2.375e-05,28800000
2023-09-01T00:00:00Z,ETHUSDT,3.532e-05,28800000
2023-09-01T08:00:00Z,ETHUSDT,-1.812e-05,28800000
2023-09-01T16:00:00Z,ETHUSDT,2.457e-05,28800000
2023-09-02T00:00:00Z,ETHUSDT,8.05e-06,28800000
2023-09-02T08:00:00Z,ETHUSDT,-1.621e-05,28800000
2023-09-02T16:00:00Z,ETHUSDT,6.05e-06,28800000
2023-09-03T00:00:00Z,ETHUSDT,1.39e-05,28800000
2023-09-03T08:00:00Z,ETHUSDT,-2.475e-05,28800000
2023-09-03T16:00:00Z,ETHUSDT,-6.21e-06,28800000
2023-09-04T00:00:00Z,ETHUSDT,-7.5e-07,28800000
2023-09-04T08:00:00Z,ETHUSDT,-7.752e-05,28800000
2023-09-04T16:00:00Z,ETHUSDT,9.8e-06,28800000
2023-09-05T00:00:00Z,ETHUSDT,3.126e-05,28800000
2023-09-05T08:00:00Z,ETHUSDT,2.9e-06,28800000
2023-09-05T16:00:00Z,ETHUSDT,9.77e-06,28800000
2023-09-06T00:00:00Z,ETHUSDT,2.88e-05,28800000
2023-09-06T08:00:00Z,ETHUSDT,-3.144e-05,28800000
2023-09-06T16:00:00Z,ETHUSDT,5.701e-05,28800000
2023-09-07T00:00:00Z,ETHUSDT,4.502e-05,28800000
2023-09-07T08:00:00Z,ETHUSDT,7.831e-05,28800000
2023-09-07T16:00:00Z,ETHUSDT,4.354e-05,28800000
2023-09-08T00:00:00Z,ETHUSDT,5.596e-05,28800000
2023-09-08T08:00:00Z,ETHUSDT,2.685e-05,28800000
2023-09-08T16:00:00Z,ETHUSDT,2.497e-05,28800000
2023-09-09T00:00:00Z,ETHUSDT,5.008e-05,28800000
2023-09-09T08:00:00Z,ETHUSDT,2.832e-05,28800000
2023-09-09T16:00:00Z,ETHUSDT,4.629e-05,28800000
2023-09-10T00:00:00Z,ETHUSDT,3.947e-05,28800000
2023-09-10T08:00:00Z,ETHUSDT,1.527e-05,28800000
2023-09-10T16:00:00Z,ETHUSDT,7.75e-06,28800000
2023-09-11T00:00:00Z,ETHUSDT,4.838e-05,28800000
2023-09-11T08:00:00Z,ETHUSDT,5.747e-05,28800000
2023-09-11T16:00:00Z,ETHUSDT,-6.25e-06,28800000
2023-09-12T00:00:00Z,ETHUSDT,-4.991e-05,28800000
2023-09-12T08:00:00Z,ETHUSDT,-2.671e-05,28800000
2023-09-12T16:00:00Z,ETHUSDT,-1.44e-06,28800000
2023-09-13T00:00:00Z,ETHUSDT,2.004e-05,28800000
2023-09-13T08:00:00Z,ETHUSDT,-3.26e-05,28800000
2023-09-13T16:00:00Z,ETHUSDT,3.87e-05,28800000
2023-09-14T00:00:00Z,ETHUSDT,-3.64e-05,28800000
2023-09-14T08:00:00Z,ETHUSDT,3.172e-05,28800000
2023-09-14T16:00:00Z,ETHUSDT,-5.6e-06,28800000
2023-09-15T00:00:00Z,ETHUSDT,7.26e-06,28800000
2023-09-15T08:00:00Z,ETHUSDT,-2.473e-05,28800000
2023-09-15T16:00:00Z,ETHUSDT,3.877e-05,28800000
2023-09-16T00:00:00Z,ETHUSDT,0.0001,28800000
2023-09-16T08:00:00Z,ETHUSDT,9.3e-06,28800000
2023-09-16T16:00:00Z,ETHUSDT,2.24e-06,28800000
2023-09-17T00:00:00Z,ETHUSDT,2.272e-05,28800000
2023-09-17T08:00:00Z,ETHUSDT,-9.41e-06,28800000
2023-09-17T16:00:00Z,ETHUSDT,4.182e-05,28800000
2023-09-18T00:00:00Z,ETHUSDT,6.22e-06,28800000
2023-09-18T08:00:00Z,ETHUSDT,1.365e-05,28800000
2023-09-18T16:00:00Z,ETHUSDT,2.976e-05,28800000
2023-09-19T00:00:00Z,ETHUSDT,-1.298e-05,28800000
2023-09-19T08:00:00Z,ETHUSDT,-1.248e-05,28800000
2023-09-19T16:00:00Z,ETHUSDT,1.153e-05,28800000
2023-09-20T00:00:00Z,ETHUSDT,4.614e-05,28800000
2023-09-20T08:00:00Z,ETHUSDT,2.387e-05,28800000
2023-09-20T16:00:00Z,ETHUSDT,2.909e-05,28800000
2023-09-21T00:00:00Z,ETHUSDT,3.804e-05,28800000
2023-09-21T08:00:00Z,ETHUSDT,7.655e-05,28800000
2023-09-21T16:00:00Z,ETHUSDT,-6.38e-06,28800000
2023-09-22T00:00:00Z,ETHUSDT,2.241e-05,28800000
2023-09-22T08:00:00Z,ETHUSDT,2.865e-05,28800000
2023-09-22T16:00:00Z,ETHUSDT,3.523e-05,28800000
2023-09-23T00:00:00Z,ETHUSDT,2.817e-05,28800000
2023-09-23T08:00:00Z,ETHUSDT,2.963e-05,28800000
2023-09-23T16:00:00Z,ETHUSDT,2.321e-05,28800000
2023-09-24T00:00:00Z,ETHUSDT,2.991e-05,28800000
2023-09-24T08:00:00Z,ETHUSDT,-5.58e-06,28800000
2023-09-24T16:00:00Z,ETHUSDT,4.671e-05,28800000
2023-09-25T00:00:00Z,ETHUSDT,2.857e-05,28800000
2023-09-25T08:00:00Z,ETHUSDT,4.305e-05,28800000
2023-09-25T16:00:00Z,ETHUSDT,5.13e-05,28800000
2023-09-26T00:00:00Z,ETHUSDT,6.471e-05,28800000
2023-09-26T08:00:00Z,ETHUSDT,1.558e-05,28800000
2023-09-26T16:00:00Z,ETHUSDT,5.673e-05,28800000
2023-09-27T00:00:00Z,ETHUSDT,0.0001,28800000
2023-09-27T08:00:00Z,ETHUSDT,6.67e-06,28800000
2023-09-27T16:00:00Z,ETHUSDT,4.982e-05,28800000
2023-09-28T00:00:00Z,ETHUSDT,8.17e-06,28800000
2023-09-28T08:00:00Z,ETHUSDT,4.301e-05,28800000
2023-09-28T16:00:00Z,ETHUSDT,2.239e-05,28800000
2023-09-29T00:00:00Z,ETHUSDT,-3.93e-06,28800000
2023-09-29T08:00:00Z,ETHUSDT,4.429e-05,28800000
2023-09-29T16:00:00Z,ETHUSDT,1.2e-07,28800000
2023-09-30T00:00:00Z,ETHUSDT,9.07e-06,28800000
2023-09-30T08:00:00Z,ETHUSDT,-2.413e-05,28800000
2023-09-30T16:00:00Z,ETHUSDT,1.168e-05,28800000
2023-10-01T00:00:00Z,ETHUSDT,-1.276e-05,28800000
2023-10-01T08:00:00Z,ETHUSDT,8.22e-06,28800000
2023-10-01T16:00:00Z,ETHUSDT,3.599e-05,28800000
2023-10-02T00:00:00Z,ETHUSDT,0.0001,28800000
2023-10-02T08:00:00Z,ETHUSDT,6.308e-05,28800000
2023-10-02T16:00:00Z,ETHUSDT,6.372e-05,28800000
2023-10-03T00:00:00Z,ETHUSDT,3.9e-07,28800000
2023-10-03T08:00:00Z,ETHUSDT,1.728e-05,28800000
2023-10-03T16:00:00Z,ETHUSDT,7.087e-05,28800000
2023-10-04T00:00:00Z,ETHUSDT,4.62e-05,28800000
2023-10-04T08:00:00Z,ETHUSDT,7.38e-06,28800000
2023-10-04T16:00:00Z,ETHUSDT,2.618e-05,28800000
2023-10-05T00:00:00Z,ETHUSDT,2.065e-05,28800000
2023-10-05T08:00:00Z,ETHUSDT,2.685e-05,28800000
2023-10-05T16:00:00Z,ETHUSDT,2.072e-05,28800000
2023-10-06T00:00:00Z,ETHUSDT,0.0001,28800000
2023-10-06T08:00:00Z,ETHUSDT,8.473e-05,28800000
2023-10-06T16:00:00Z,ETHUSDT,5.905e-05,28800000
2023-10-07T00:00:00Z,ETHUSDT,8.468e-05,28800000
2023-10-07T08:00:00Z,ETHUSDT,3.736e-05,28800000
2023-10-07T16:00:00Z,ETHUSDT,3.615e-05,28800000
2023-10-08T00:00:00Z,ETHUSDT,9.048e-05,28800000
2023-10-08T08:00:00Z,ETHUSDT,9.246e-05,28800000
2023-10-08T16:00:00Z,ETHUSDT,9.791e-05,28800000
2023-10-09T00:00:00Z,ETHUSDT,0.0001,28800000
2023-10-09T08:00:00Z,ETHUSDT,6.572e-05,28800000
2023-10-09T16:00:00Z,ETHUSDT,3.935e-05,28800000
2023-10-10T00:00:00Z,ETHUSDT,6.268e-05,28800000
2023-10-10T08:00:00Z,ETHUSDT,8.857e-05,28800000
2023-10-10T16:00:00Z,ETHUSDT,5.511e-05,28800000
2023-10-11T00:00:00Z,ETHUSDT,2.257e-05,28800000
2023-10-11T08:00:00Z,ETHUSDT,5.392e-05,28800000
2023-10-11T16:00:00Z,ETHUSDT,4.725e-05,28800000
2023-10-12T00:00:00Z,ETHUSDT,4.026e-05,28800000
2023-10-12T08:00:00Z,ETHUSDT,2.69e-05,28800000
2023-10-12T16:00:00Z,ETHUSDT,7.112e-05,28800000
2023-10-13T00:00:00Z,ETHUSDT,3.69e-05,28800000
2023-10-13T08:00:00Z,ETHUSDT,3.476e-05,28800000
2023-10-13T16:00:00Z,ETHUSDT,2.693e-05,28800000
2023-10-14T00:00:00Z,ETHUSDT,1.068e-05,28800000
2023-10-14T08:00:00Z,ETHUSDT,3.108e-05,28800000
2023-10-14T16:00:00Z,ETHUSDT,6.65e-05,28800000
2023-10-15T00:00:00Z,ETHUSDT,7.083e-05,28800000
2023-10-15T08:00:00Z,ETHUSDT,5.253e-05,28800000
2023-10-15T16:00:00Z,ETHUSDT,2.062e-05,28800000
2023-10-16T00:00:00Z,ETHUSDT,5.18e-05,28800000
2023-10-16T08:00:00Z,ETHUSDT,4.393e-05,28800000
2023-10-16T16:00:00Z,ETHUSDT,8.412e-05,28800000
2023-10-17T00:00:00Z,ETHUSDT,1.957e-05,28800000
2023-10-17T08:00:00Z,ETHUSDT,2.557e-05,28800000
2023-10-17T16:00:00Z,ETHUSDT,6.742e-05,28800000
2023-10-18T00:00:00Z,ETHUSDT,5.947e-05,28800000
2023-10-18T08:00:00Z,ETHUSDT,1.385e-05,28800000
2023-10-18T16:00:00Z,ETHUSDT,6.495e-05,28800000
2023-10-19T00:00:00Z,ETHUSDT,4.251e-05,28800000
2023-10-19T08:00:00Z,ETHUSDT,2.988e-05,28800000
2023-10-19T16:00:00Z,ETHUSDT,5.842e-05,28800000
2023-10-20T00:00:00Z,ETHUSDT,3.868e-05,28800000
2023-10-20T08:00:00Z,ETHUSDT,5.912e-05,28800000
2023-10-20T16:00:00Z,ETHUSDT,7.072e-05,28800000
2023-10-21T00:00:00Z,ETHUSDT,4.902e-05,28800000
2023-10-21T08:00:00Z,ETHUSDT,1.735e-05,28800000
2023-10-21T16:00:00Z,ETHUSDT,3.771e-05,28800000
2023-10-22T00:00:00Z,ETHUSDT,7.554e-05,28800000
2023-10-22T08:00:00Z,ETHUSDT,2.649e-05,28800000
2023-10-22T16:00:00Z,ETHUSDT,6.03e-06,28800000
2023-10-23T00:00:00Z,ETHUSDT,9.262e-05,28800000
2023-10-23T08:00:00Z,ETHUSDT,1.593e-05,28800000
2023-10-23T16:00:00Z,ETHUSDT,1.883e-05,28800000
2023-10-24T00:00:00Z,ETHUSDT,0.0001,28800000
2023-10-24T08:00:00Z,ETHUSDT,0.0001,28800000
2023-10-24T16:00:00Z,ETHUSDT,0.0001,28800000
2023-10-25T00:00:00Z,ETHUSDT,0.0001,28800000
2023-10-25T08:00:00Z,ETHUSDT,0.0001,28800000
2023-10-25T16:00:00Z,ETHUSDT,0.0001,28800000
2023-10-26T00:00:00Z,ETHUSDT,0.0001,28800000
2023-10-26T08:00:00Z,ETHUSDT,0.0001,28800000
2023-10-26T16:00:00Z,ETHUSDT,0.0001,28800000
2023-10-27T00:00:00Z,ETHUSDT,0.0001,28800000
2023-10-27T08:00:00Z,ETHUSDT,0.0001,28800000
2023-10-27T16:00:00Z,ETHUSDT,0.0001,28800000
2023-10-28T00:00:00Z,ETHUSDT,0.0001,28800000
2023-10-28T08:00:00Z,ETHUSDT,0.0001,28800000
2023-10-28T16:00:00Z,ETHUSDT,0.0001,28800000
2023-10-29T00:00:00Z,ETHUSDT,0.0001,28800000
2023-10-29T08:00:00Z,ETHUSDT,0.0001,28800000
2023-10-29T16:00:00Z,ETHUSDT,0.0001,28800000
2023-10-30T00:00:00Z,ETHUSDT,0.0001,28800000
2023-10-30T08:00:00Z,ETHUSDT,0.0001,28800000
2023-10-30T16:00:00Z,ETHUSDT,0.0001,28800000
2023-10-31T00:00:00Z,ETHUSDT,0.0001,28800000
2023-10-31T08:00:00Z,ETHUSDT,0.0001,28800000
2023-10-31T16:00:00Z,ETHUSDT,0.0001,28800000
2023-11-01T00:00:00Z,ETHUSDT,0.0001,28800000
2023-11-01T08:00:00Z,ETHUSDT,0.0001,28800000
2023-11-01T16:00:00Z,ETHUSDT,0.0001,28800000
2023-11-02T00:00:00Z,ETHUSDT,0.00026784,28800000
2023-11-02T08:00:00Z,ETHUSDT,0.00020558,28800000
2023-11-02T16:00:00Z,ETHUSDT,0.0001,28800000
2023-11-03T00:00:00Z,ETHUSDT,0.0001,28800000
2023-11-03T08:00:00Z,ETHUSDT,0.0001,28800000
2023-11-03T16:00:00Z,ETHUSDT,0.0001,28800000
2023-11-04T00:00:00Z,ETHUSDT,0.0001,28800000
2023-11-04T08:00:00Z,ETHUSDT,0.0001,28800000
2023-11-04T16:00:00Z,ETHUSDT,0.0001,28800000
2023-11-05T00:00:00Z,ETHUSDT,0.0001,28800000
2023-11-05T08:00:00Z,ETHUSDT,0.0001,28800000
2023-11-05T16:00:00Z,ETHUSDT,0.0001,28800000
2023-11-06T00:00:00Z,ETHUSDT,0.0001,28800000
2023-11-06T08:00:00Z,ETHUSDT,0.0001,28800000
2023-11-06T16:00:00Z,ETHUSDT,0.0001,28800000
2023-11-07T00:00:00Z,ETHUSDT,0.0001,28800000
2023-11-07T08:00:00Z,ETHUSDT,0.0001,28800000
2023-11-07T16:00:00Z,ETHUSDT,0.0001,28800000
2023-11-08T00:00:00Z,ETHUSDT,0.0001,28800000
2023-11-08T08:00:00Z,ETHUSDT,0.0001,28800000
2023-11-08T16:00:00Z,ETHUSDT,0.0001,28800000
2023-11-09T00:00:00Z,ETHUSDT,0.0001,28800000
2023-11-09T08:00:00Z,ETHUSDT,0.0001,28800000
2023-11-09T16:00:00Z,ETHUSDT,0.00071131,28800000
2023-11-10T00:00:00Z,ETHUSDT,0.00027525,28800000
2023-11-10T08:00:00Z,ETHUSDT,0.00041432,28800000
2023-11-10T16:00:00Z,ETHUSDT,0.00012656,28800000
2023-11-11T00:00:00Z,ETHUSDT,0.00013604,28800000
2023-11-11T08:00:00Z,ETHUSDT,0.00013371,28800000
2023-11-11T16:00:00Z,ETHUSDT,0.00027449,28800000
2023-11-12T00:00:00Z,ETHUSDT,0.00016325,28800000
2023-11-12T08:00:00Z,ETHUSDT,0.0001,28800000
2023-11-12T16:00:00Z,ETHUSDT,0.00024299,28800000
2023-11-13T00:00:00Z,ETHUSDT,0.0003299,28800000
2023-11-13T08:00:00Z,ETHUSDT,0.00022787,28800000
2023-11-13T16:00:00Z,ETHUSDT,0.00022833,28800000
2023-11-14T00:00:00Z,ETHUSDT,0.00018828,28800000
2023-11-14T08:00:00Z,ETHUSDT,0.00013623,28800000
2023-11-14T16:00:00Z,ETHUSDT,0.0001,28800000
2023-11-15T00:00:00Z,ETHUSDT,0.0001,28800000
2023-11-15T08:00:00Z,ETHUSDT,0.0001,28800000
2023-11-15T16:00:00Z,ETHUSDT,0.0001,28800000
2023-11-16T00:00:00Z,ETHUSDT,0.0001,28800000
2023-11-16T08:00:00Z,ETHUSDT,0.0001,28800000
2023-11-16T16:00:00Z,ETHUSDT,0.0001,28800000
2023-11-17T00:00:00Z,ETHUSDT,0.0001,28800000
2023-11-17T08:00:00Z,ETHUSDT,0.0001,28800000
2023-11-17T16:00:00Z,ETHUSDT,0.0001,28800000
2023-11-18T00:00:00Z,ETHUSDT,0.0001,28800000
2023-11-18T08:00:00Z,ETHUSDT,0.0001,28800000
2023-11-18T16:00:00Z,ETHUSDT,0.0001,28800000
2023-11-19T00:00:00Z,ETHUSDT,0.0001,28800000
2023-11-19T08:00:00Z,ETHUSDT,0.0001,28800000
2023-11-19T16:00:00Z,ETHUSDT,0.0001,28800000
2023-11-20T00:00:00Z,ETHUSDT,0.0001,28800000
2023-11-20T08:00:00Z,ETHUSDT,0.0001,28800000
2023-11-20T16:00:00Z,ETHUSDT,0.0001,28800000
2023-11-21T00:00:00Z,ETHUSDT,0.0001,28800000
2023-11-21T08:00:00Z,ETHUSDT,0.0001,28800000
2023-11-21T16:00:00Z,ETHUSDT,0.0001,28800000
2023-11-22T00:00:00Z,ETHUSDT,0.0001,28800000
2023-11-22T08:00:00Z,ETHUSDT,0.0001,28800000
2023-11-22T16:00:00Z,ETHUSDT,0.0001,28800000
2023-11-23T00:00:00Z,ETHUSDT,0.0001,28800000
2023-11-23T08:00:00Z,ETHUSDT,0.0001,28800000
2023-11-23T16:00:00Z,ETHUSDT,0.0001,28800000
2023-11-24T00:00:00Z,ETHUSDT,0.0001,28800000
2023-11-24T08:00:00Z,ETHUSDT,0.0001,28800000
2023-11-24T16:00:00Z,ETHUSDT,0.0001,28800000
2023-11-25T00:00:00Z,ETHUSDT,0.0001,28800000
2023-11-25T08:00:00Z,ETHUSDT,0.0001,28800000
2023-11-25T16:00:00Z,ETHUSDT,0.0001,28800000
2023-11-26T00:00:00Z,ETHUSDT,0.0001,28800000
2023-11-26T08:00:00Z,ETHUSDT,0.0001,28800000
2023-11-26T16:00:00Z,ETHUSDT,0.0001,28800000
2023-11-27T00:00:00Z,ETHUSDT,0.0001,28800000
2023-11-27T08:00:00Z,ETHUSDT,0.0001,28800000
2023-11-27T16:00:00Z,ETHUSDT,0.0001,28800000
2023-11-28T00:00:00Z,ETHUSDT,0.0001,28800000
2023-11-28T08:00:00Z,ETHUSDT,0.0001,28800000
2023-11-28T16:00:00Z,ETHUSDT,0.0001,28800000
2023-11-29T00:00:00Z,ETHUSDT,0.0001,28800000
2023-11-29T08:00:00Z,ETHUSDT,0.0001,28800000
2023-11-29T16:00:00Z,ETHUSDT,0.0001,28800000
2023-11-30T00:00:00Z,ETHUSDT,0.0001,28800000
2023-11-30T08:00:00Z,ETHUSDT,0.0001,28800000
2023-11-30T16:00:00Z,ETHUSDT,0.0001,28800000
2023-12-01T00:00:00Z,ETHUSDT,0.0001,28800000
2023-12-01T08:00:00Z,ETHUSDT,0.0001,28800000
2023-12-01T16:00:00Z,ETHUSDT,0.0001,28800000
2023-12-02T00:00:00Z,ETHUSDT,0.0001,28800000
2023-12-02T08:00:00Z,ETHUSDT,0.0001,28800000
2023-12-02T16:00:00Z,ETHUSDT,0.0001,28800000
2023-12-03T00:00:00Z,ETHUSDT,0.0001,28800000
2023-12-03T08:00:00Z,ETHUSDT,0.0001,28800000
2023-12-03T16:00:00Z,ETHUSDT,0.0001,28800000
2023-12-04T00:00:00Z,ETHUSDT,0.0001,28800000
2023-12-04T08:00:00Z,ETHUSDT,0.0001,28800000
2023-12-04T16:00:00Z,ETHUSDT,0.0001,28800000
2023-12-05T00:00:00Z,ETHUSDT,0.0001,28800000
2023-12-05T08:00:00Z,ETHUSDT,0.0001,28800000
2023-12-05T16:00:00Z,ETHUSDT,0.0001,28800000
2023-12-06T00:00:00Z,ETHUSDT,0.0001,28800000
2023-12-06T08:00:00Z,ETHUSDT,0.0001,28800000
2023-12-06T16:00:00Z,ETHUSDT,0.0001,28800000
2023-12-07T00:00:00Z,ETHUSDT,0.0001,28800000
2023-12-07T08:00:00Z,ETHUSDT,0.0001,28800000
2023-12-07T16:00:00Z,ETHUSDT,0.0001,28800000
2023-12-08T00:00:00Z,ETHUSDT,0.00022693,28800000
2023-12-08T08:00:00Z,ETHUSDT,0.00012399,28800000
2023-12-08T16:00:00Z,ETHUSDT,0.00010417,28800000
2023-12-09T00:00:00Z,ETHUSDT,0.00022528,28800000
2023-12-09T08:00:00Z,ETHUSDT,0.00031293,28800000
2023-12-09T16:00:00Z,ETHUSDT,0.00033485,28800000
2023-12-10T00:00:00Z,ETHUSDT,0.00016658,28800000
2023-12-10T08:00:00Z,ETHUSDT,0.00015944,28800000
2023-12-10T16:00:00Z,ETHUSDT,0.00022842,28800000
2023-12-11T00:00:00Z,ETHUSDT,0.00024112,28800000
2023-12-11T08:00:00Z,ETHUSDT,0.0001,28800000
2023-12-11T16:00:00Z,ETHUSDT,0.0001,28800000
2023-12-12T00:00:00Z,ETHUSDT,0.0001,28800000
2023-12-12T08:00:00Z,ETHUSDT,0.0001,28800000
2023-12-12T16:00:00Z,ETHUSDT,0.0001,28800000
2023-12-13T00:00:00Z,ETHUSDT,0.00012813,28800000
2023-12-13T08:00:00Z,ETHUSDT,0.00015058,28800000
2023-12-13T16:00:00Z,ETHUSDT,0.00010581,28800000
2023-12-14T00:00:00Z,ETHUSDT,0.0001,28800000
2023-12-14T08:00:00Z,ETHUSDT,0.0001,28800000
2023-12-14T16:00:00Z,ETHUSDT,0.0001,28800000
2023-12-15T00:00:00Z,ETHUSDT,0.0001,28800000
2023-12-15T08:00:00Z,ETHUSDT,0.0001,28800000
2023-12-15T16:00:00Z,ETHUSDT,0.00010419,28800000
2023-12-16T00:00:00Z,ETHUSDT,0.0001,28800000
2023-12-16T08:00:00Z,ETHUSDT,0.0001,28800000
2023-12-16T16:00:00Z,ETHUSDT,0.0001,28800000
2023-12-17T00:00:00Z,ETHUSDT,0.0001,28800000
2023-12-17T08:00:00Z,ETHUSDT,0.0001,28800000
2023-12-17T16:00:00Z,ETHUSDT,0.00011402,28800000
2023-12-18T00:00:00Z,ETHUSDT,0.00015083,28800000
2023-12-18T08:00:00Z,ETHUSDT,0.0001,28800000
2023-12-18T16:00:00Z,ETHUSDT,0.0001,28800000
2023-12-19T00:00:00Z,ETHUSDT,0.0001,28800000
2023-12-19T08:00:00Z,ETHUSDT,0.0001,28800000
2023-12-19T16:00:00Z,ETHUSDT,0.0001,28800000
2023-12-20T00:00:00Z,ETHUSDT,0.0001,28800000
2023-12-20T08:00:00Z,ETHUSDT,0.0001,28800000
2023-12-20T16:00:00Z,ETHUSDT,0.00023154,28800000
2023-12-21T00:00:00Z,ETHUSDT,0.00026163,28800000
2023-12-21T08:00:00Z,ETHUSDT,0.0002655,28800000
2023-12-21T16:00:00Z,ETHUSDT,0.00042074,28800000
2023-12-22T00:00:00Z,ETHUSDT,0.00044152,28800000
2023-12-22T08:00:00Z,ETHUSDT,0.00043341,28800000
2023-12-22T16:00:00Z,ETHUSDT,0.00051141,28800000
2023-12-23T00:00:00Z,ETHUSDT,0.0001854,28800000
2023-12-23T08:00:00Z,ETHUSDT,0.00012586,28800000
2023-12-23T16:00:00Z,ETHUSDT,0.00017945,28800000
2023-12-24T00:00:00Z,ETHUSDT,0.00013318,28800000
2023-12-24T08:00:00Z,ETHUSDT,0.00021857,28800000
2023-12-24T16:00:00Z,ETHUSDT,0.00019769,28800000
2023-12-25T00:00:00Z,ETHUSDT,0.00013827,28800000
2023-12-25T08:00:00Z,ETHUSDT,0.00021479,28800000
2023-12-25T16:00:00Z,ETHUSDT,0.0004388,28800000
2023-12-26T00:00:00Z,ETHUSDT,0.00050051,28800000
2023-12-26T08:00:00Z,ETHUSDT,0.00029501,28800000
2023-12-26T16:00:00Z,ETHUSDT,0.00036888,28800000
2023-12-27T00:00:00Z,ETHUSDT,0.0003153,28800000
2023-12-27T08:00:00Z,ETHUSDT,0.00040955,28800000
2023-12-27T16:00:00Z,ETHUSDT,0.00049072,28800000
2023-12-28T00:00:00Z,ETHUSDT,0.00027263,28800000
2023-12-28T08:00:00Z,ETHUSDT,0.00057135,28800000
2023-12-28T16:00:00Z,ETHUSDT,0.00049862,28800000
2023-12-29T00:00:00Z,ETHUSDT,0.00044508,28800000
2023-12-29T08:00:00Z,ETHUSDT,0.00049499,28800000
2023-12-29T16:00:00Z,ETHUSDT,0.00047123,28800000
2023-12-30T00:00:00Z,ETHUSDT,0.00027255,28800000
2023-12-30T08:00:00Z,ETHUSDT,0.00031443,28800000
2023-12-30T16:00:00Z,ETHUSDT,0.00026513,28800000
2023-12-31T00:00:00Z,ETHUSDT,0.00021714,28800000
2023-12-31T08:00:00Z,ETHUSDT,0.00027824,28800000
2023-12-31T16:00:00Z,ETHUSDT,0.00031621,28800000
2024-01-01T00:00:00Z,ETHUSDT,0.00027858,28800000
2024-01-01T08:00:00Z,ETHUSDT,0.00031096,28800000
2024-01-01T16:00:00Z,ETHUSDT,0.00043011,28800000
2024-01-02T00:00:00Z,ETHUSDT,0.00053505,28800000
2024-01-02T08:00:00Z,ETHUSDT,0.0005124,28800000
2024-01-02T16:00:00Z,ETHUSDT,0.00063801,28800000
2024-01-03T00:00:00Z,ETHUSDT,0.00028538,28800000
2024-01-03T08:00:00Z,ETHUSDT,0.00024384,28800000
2024-01-03T16:00:00Z,ETHUSDT,0.0001,28800000
2024-01-04T00:00:00Z,ETHUSDT,0.0001,28800000
2024-01-04T08:00:00Z,ETHUSDT,0.0001,28800000
2024-01-04T16:00:00Z,ETHUSDT,0.0001,28800000
2024-01-05T00:00:00Z,ETHUSDT,0.0001,28800000
2024-01-05T08:00:00Z,ETHUSDT,0.0001,28800000
2024-01-05T16:00:00Z,ETHUSDT,0.0001,28800000
2024-01-06T00:00:00Z,ETHUSDT,0.0001,28800000
2024-01-06T08:00:00Z,ETHUSDT,0.0001,28800000
2024-01-06T16:00:00Z,ETHUSDT,0.0001,28800000
2024-01-07T00:00:00Z,ETHUSDT,0.0001,28800000
2024-01-07T08:00:00Z,ETHUSDT,0.0001,28800000
2024-01-07T16:00:00Z,ETHUSDT,0.0001,28800000
2024-01-08T00:00:00Z,ETHUSDT,0.0001,28800000
2024-01-08T08:00:00Z,ETHUSDT,0.0001,28800000
2024-01-08T16:00:00Z,ETHUSDT,0.0001,28800000
2024-01-09T00:00:00Z,ETHUSDT,0.0001,28800000
2024-01-09T08:00:00Z,ETHUSDT,0.0001,28800000
2024-01-09T16:00:00Z,ETHUSDT,0.0001,28800000
2024-01-10T00:00:00Z,ETHUSDT,0.0001,28800000
2024-01-10T08:00:00Z,ETHUSDT,0.0001,28800000
2024-01-10T16:00:00Z,ETHUSDT,0.0001,28800000
2024-01-11T00:00:00Z,ETHUSDT,0.0001,28800000
2024-01-11T08:00:00Z,ETHUSDT,0.0001,28800000
2024-01-11T16:00:00Z,ETHUSDT,0.0001,28800000
2024-01-12T00:00:00Z,ETHUSDT,0.0001,28800000
2024-01-12T08:00:00Z,ETHUSDT,0.0001,28800000
2024-01-12T16:00:00Z,ETHUSDT,0.0001,28800000
2024-01-13T00:00:00Z,ETHUSDT,0.0001,28800000
2024-01-13T08:00:00Z,ETHUSDT,0.0001,28800000
2024-01-13T16:00:00Z,ETHUSDT,0.0001,28800000
2024-01-14T00:00:00Z,ETHUSDT,0.0001,28800000
2024-01-14T08:00:00Z,ETHUSDT,0.0001,28800000
2024-01-14T16:00:00Z,ETHUSDT,0.0001,28800000
2024-01-15T00:00:00Z,ETHUSDT,0.0001,28800000
2024-01-15T08:00:00Z,ETHUSDT,0.0001,28800000
2024-01-15T16:00:00Z,ETHUSDT,0.0001,28800000
2024-01-16T00:00:00Z,ETHUSDT,0.0001,28800000
2024-01-16T08:00:00Z,ETHUSDT,0.0001,28800000
2024-01-16T16:00:00Z,ETHUSDT,0.0001,28800000
2024-01-17T00:00:00Z,ETHUSDT,0.0001,28800000
2024-01-17T08:00:00Z,ETHUSDT,0.0001,28800000
2024-01-17T16:00:00Z,ETHUSDT,0.0001,28800000
2024-01-18T00:00:00Z,ETHUSDT,0.0001,28800000
2024-01-18T08:00:00Z,ETHUSDT,0.0001,28800000
2024-01-18T16:00:00Z,ETHUSDT,0.0001,28800000
2024-01-19T00:00:00Z,ETHUSDT,0.0001,28800000
2024-01-19T08:00:00Z,ETHUSDT,0.0001,28800000
2024-01-19T16:00:00Z,ETHUSDT,0.0001,28800000
2024-01-20T00:00:00Z,ETHUSDT,0.0001,28800000
2024-01-20T08:00:00Z,ETHUSDT,0.0001,28800000
2024-01-20T16:00:00Z,ETHUSDT,0.0001,28800000
2024-01-21T00:00:00Z,ETHUSDT,0.0001,28800000
2024-01-21T08:00:00Z,ETHUSDT,0.0001,28800000
2024-01-21T16:00:00Z,ETHUSDT,0.0001,28800000
2024-01-22T00:00:00Z,ETHUSDT,0.0001,28800000
2024-01-22T08:00:00Z,ETHUSDT,0.0001,28800000
2024-01-22T16:00:00Z,ETHUSDT,0.0001,28800000
2024-01-23T00:00:00Z,ETHUSDT,0.0001,28800000
2024-01-23T08:00:00Z,ETHUSDT,0.0001,28800000
2024-01-23T16:00:00Z,ETHUSDT,0.0001,28800000
2024-01-24T00:00:00Z,ETHUSDT,0.0001,28800000
2024-01-24T08:00:00Z,ETHUSDT,0.0001,28800000
2024-01-24T16:00:00Z,ETHUSDT,0.0001,28800000
2024-01-25T00:00:00Z,ETHUSDT,0.0001,28800000
2024-01-25T08:00:00Z,ETHUSDT,0.0001,28800000
2024-01-25T16:00:00Z,ETHUSDT,0.0001,28800000
2024-01-26T00:00:00Z,ETHUSDT,0.0001,28800000
2024-01-26T08:00:00Z,ETHUSDT,0.0001,28800000
2024-01-26T16:00:00Z,ETHUSDT,0.0001,28800000
2024-01-27T00:00:00Z,ETHUSDT,6.877e-05,28800000
2024-01-27T08:00:00Z,ETHUSDT,0.0001,28800000
2024-01-27T16:00:00Z,ETHUSDT,0.0001,28800000
2024-01-28T00:00:00Z,ETHUSDT,6.557e-05,28800000
2024-01-28T08:00:00Z,ETHUSDT,6.135e-05,28800000
2024-01-28T16:00:00Z,ETHUSDT,8.266e-05,28800000
2024-01-29T00:00:00Z,ETHUSDT,0.0001,28800000
2024-01-29T08:00:00Z,ETHUSDT,0.0001,28800000
2024-01-29T16:00:00Z,ETHUSDT,0.0001,28800000
2024-01-30T00:00:00Z,ETHUSDT,0.0001,28800000
2024-01-30T08:00:00Z,ETHUSDT,6.195e-05,28800000
2024-01-30T16:00:00Z,ETHUSDT,0.0001,28800000
2024-01-31T00:00:00Z,ETHUSDT,0.0001,28800000
2024-01-31T08:00:00Z,ETHUSDT,0.0001,28800000
2024-01-31T16:00:00Z,ETHUSDT,0.0001,28800000
2024-02-01T00:00:00Z,ETHUSDT,5.527e-05,28800000
2024-02-01T08:00:00Z,ETHUSDT,7.871e-05,28800000
2024-02-01T16:00:00Z,ETHUSDT,0.0001,28800000
2024-02-02T00:00:00Z,ETHUSDT,0.0001,28800000
2024-02-02T08:00:00Z,ETHUSDT,3.678e-05,28800000
2024-02-02T16:00:00Z,ETHUSDT,0.0001,28800000
2024-02-03T00:00:00Z,ETHUSDT,8.15e-05,28800000
2024-02-03T08:00:00Z,ETHUSDT,0.0001,28800000
2024-02-03T16:00:00Z,ETHUSDT,4.476e-05,28800000
2024-02-04T00:00:00Z,ETHUSDT,3.18e-05,28800000
2024-02-04T08:00:00Z,ETHUSDT,9.094e-05,28800000
2024-02-04T16:00:00Z,ETHUSDT,0.0001,28800000
2024-02-05T00:00:00Z,ETHUSDT,0.0001,28800000
2024-02-05T08:00:00Z,ETHUSDT,0.0001,28800000
2024-02-05T16:00:00Z,ETHUSDT,0.0001,28800000
2024-02-06T00:00:00Z,ETHUSDT,5.691e-05,28800000
2024-02-06T08:00:00Z,ETHUSDT,0.0001,28800000
2024-02-06T16:00:00Z,ETHUSDT,0.0001,28800000
2024-02-07T00:00:00Z,ETHUSDT,7.659e-05,28800000
2024-02-07T08:00:00Z,ETHUSDT,4.883e-05,28800000
2024-02-07T16:00:00Z,ETHUSDT,4.309e-05,28800000
2024-02-08T00:00:00Z,ETHUSDT,0.0001,28800000
2024-02-08T08:00:00Z,ETHUSDT,7.523e-05,28800000
2024-02-08T16:00:00Z,ETHUSDT,9.802e-05,28800000
2024-02-09T00:00:00Z,ETHUSDT,7.752e-05,28800000
2024-02-09T08:00:00Z,ETHUSDT,0.0001,28800000
2024-02-09T16:00:00Z,ETHUSDT,0.0001,28800000
2024-02-10T00:00:00Z,ETHUSDT,7.838e-05,28800000
2024-02-10T08:00:00Z,ETHUSDT,9.615e-05,28800000
2024-02-10T16:00:00Z,ETHUSDT,9.995e-05,28800000
2024-02-11T00:00:00Z,ETHUSDT,0.0001,28800000
2024-02-11T08:00:00Z,ETHUSDT,0.0001,28800000
2024-02-11T16:00:00Z,ETHUSDT,4.792e-05,28800000
2024-02-12T00:00:00Z,ETHUSDT,5.076e-05,28800000
2024-02-12T08:00:00Z,ETHUSDT,9.971e-05,28800000
2024-02-12T16:00:00Z,ETHUSDT,0.0001,28800000
2024-02-13T00:00:00Z,ETHUSDT,0.0001,28800000
2024-02-13T08:00:00Z,ETHUSDT,0.0001,28800000
2024-02-13T16:00:00Z,ETHUSDT,0.0001,28800000
2024-02-14T00:00:00Z,ETHUSDT,0.0001,28800000
2024-02-14T08:00:00Z,ETHUSDT,0.0001,28800000
2024-02-14T16:00:00Z,ETHUSDT,0.00013082,28800000
2024-02-15T00:00:00Z,ETHUSDT,0.0001,28800000
2024-02-15T08:00:00Z,ETHUSDT,0.00012136,28800000
2024-02-15T16:00:00Z,ETHUSDT,0.00015412,28800000
2024-02-16T00:00:00Z,ETHUSDT,0.00011125,28800000
2024-02-16T08:00:00Z,ETHUSDT,0.00011597,28800000
2024-02-16T16:00:00Z,ETHUSDT,0.0001,28800000
2024-02-17T00:00:00Z,ETHUSDT,0.0001,28800000
2024-02-17T08:00:00Z,ETHUSDT,0.0001,28800000
2024-02-17T16:00:00Z,ETHUSDT,0.00013519,28800000
2024-02-18T00:00:00Z,ETHUSDT,0.0001,28800000
2024-02-18T08:00:00Z,ETHUSDT,0.0001114,28800000
2024-02-18T16:00:00Z,ETHUSDT,0.0001,28800000
2024-02-19T00:00:00Z,ETHUSDT,0.0001,28800000
2024-02-19T08:00:00Z,ETHUSDT,0.0001,28800000
2024-02-19T16:00:00Z,ETHUSDT,0.0001,28800000
2024-02-20T00:00:00Z,ETHUSDT,0.000265,28800000
2024-02-20T08:00:00Z,ETHUSDT,0.0001,28800000
2024-02-20T16:00:00Z,ETHUSDT,0.00025431,28800000
2024-02-21T00:00:00Z,ETHUSDT,0.00020319,28800000
2024-02-21T08:00:00Z,ETHUSDT,0.00011802,28800000
2024-02-21T16:00:00Z,ETHUSDT,0.0001,28800000
2024-02-22T00:00:00Z,ETHUSDT,0.0001,28800000
2024-02-22T08:00:00Z,ETHUSDT,0.0001,28800000
2024-02-22T16:00:00Z,ETHUSDT,0.0001,28800000
2024-02-23T00:00:00Z,ETHUSDT,0.0001,28800000
2024-02-23T08:00:00Z,ETHUSDT,0.0001,28800000
2024-02-23T16:00:00Z,ETHUSDT,0.0001,28800000
2024-02-24T00:00:00Z,ETHUSDT,0.0001,28800000
2024-02-24T08:00:00Z,ETHUSDT,0.0001,28800000
2024-02-24T16:00:00Z,ETHUSDT,0.0001,28800000
2024-02-25T00:00:00Z,ETHUSDT,0.0001,28800000
2024-02-25T08:00:00Z,ETHUSDT,0.00025856,28800000
2024-02-25T16:00:00Z,ETHUSDT,0.0002111,28800000
2024-02-26T00:00:00Z,ETHUSDT,0.00059496,28800000
2024-02-26T08:00:00Z,ETHUSDT,0.00018258,28800000
2024-02-26T16:00:00Z,ETHUSDT,0.00020172,28800000
2024-02-27T00:00:00Z,ETHUSDT,0.00028561,28800000
2024-02-27T08:00:00Z,ETHUSDT,0.00066751,28800000
2024-02-27T16:00:00Z,ETHUSDT,0.00029666,28800000
2024-02-28T00:00:00Z,ETHUSDT,0.00033546,28800000
2024-02-28T08:00:00Z,ETHUSDT,0.00032021,28800000
2024-02-28T16:00:00Z,ETHUSDT,0.00043581,28800000
2024-02-29T00:00:00Z,ETHUSDT,0.00062574,28800000
2024-02-29T08:00:00Z,ETHUSDT,0.00073381,28800000
2024-02-29T16:00:00Z,ETHUSDT,0.00075727,28800000
2024-03-01T00:00:00Z,ETHUSDT,0.0005304,28800000
2024-03-01T08:00:00Z,ETHUSDT,0.00039096,28800000
2024-03-01T16:00:00Z,ETHUSDT,0.00052446,28800000
2024-03-02T00:00:00Z,ETHUSDT,0.00048856,28800000
2024-03-02T08:00:00Z,ETHUSDT,0.00057488,28800000
2024-03-02T16:00:00Z,ETHUSDT,0.00055344,28800000
2024-03-03T00:00:00Z,ETHUSDT,0.00039105,28800000
2024-03-03T08:00:00Z,ETHUSDT,0.00038668,28800000
2024-03-03T16:00:00Z,ETHUSDT,0.00037021,28800000
2024-03-04T00:00:00Z,ETHUSDT,0.00041907,28800000
2024-03-04T08:00:00Z,ETHUSDT,0.00028996,28800000
2024-03-04T16:00:00Z,ETHUSDT,0.00050061,28800000
2024-03-05T00:00:00Z,ETHUSDT,0.00038776,28800000
2024-03-05T08:00:00Z,ETHUSDT,0.00101724,28800000
2024-03-05T16:00:00Z,ETHUSDT,0.00082409,28800000
2024-03-06T00:00:00Z,ETHUSDT,0.0002058,28800000
2024-03-06T08:00:00Z,ETHUSDT,0.00038362,28800000
2024-03-06T16:00:00Z,ETHUSDT,0.00040511,28800000
2024-03-07T00:00:00Z,ETHUSDT,0.00035699,28800000
2024-03-07T08:00:00Z,ETHUSDT,0.00039169,28800000
2024-03-07T16:00:00Z,ETHUSDT,0.00044218,28800000
2024-03-08T00:00:00Z,ETHUSDT,0.00042931,28800000
2024-03-08T08:00:00Z,ETHUSDT,0.00057985,28800000
2024-03-08T16:00:00Z,ETHUSDT,0.00048823,28800000
2024-03-09T00:00:00Z,ETHUSDT,0.00033201,28800000
2024-03-09T08:00:00Z,ETHUSDT,0.0003653,28800000
2024-03-09T16:00:00Z,ETHUSDT,0.00035498,28800000
2024-03-10T00:00:00Z,ETHUSDT,0.00034688,28800000
2024-03-10T08:00:00Z,ETHUSDT,0.00049375,28800000
2024-03-10T16:00:00Z,ETHUSDT,0.00029818,28800000
2024-03-11T00:00:00Z,ETHUSDT,0.00029368,28800000
2024-03-11T08:00:00Z,ETHUSDT,0.00067235,28800000
2024-03-11T16:00:00Z,ETHUSDT,0.00064296,28800000
2024-03-12T00:00:00Z,ETHUSDT,0.00068106,28800000
2024-03-12T08:00:00Z,ETHUSDT,0.00037542,28800000
2024-03-12T16:00:00Z,ETHUSDT,0.00048306,28800000
2024-03-13T00:00:00Z,ETHUSDT,0.00046983,28800000
2024-03-13T08:00:00Z,ETHUSDT,0.00060121,28800000
2024-03-13T16:00:00Z,ETHUSDT,0.00044242,28800000
2024-03-14T00:00:00Z,ETHUSDT,0.00040995,28800000
2024-03-14T08:00:00Z,ETHUSDT,0.00050365,28800000
2024-03-14T16:00:00Z,ETHUSDT,0.00035217,28800000
2024-03-15T00:00:00Z,ETHUSDT,0.00040271,28800000
2024-03-15T08:00:00Z,ETHUSDT,0.00023171,28800000
2024-03-15T16:00:00Z,ETHUSDT,0.00033557,28800000
2024-03-16T00:00:00Z,ETHUSDT,0.00018856,28800000
2024-03-16T08:00:00Z,ETHUSDT,0.0002749,28800000
2024-03-16T16:00:00Z,ETHUSDT,0.00028914,28800000
2024-03-17T00:00:00Z,ETHUSDT,0.00013396,28800000
2024-03-17T08:00:00Z,ETHUSDT,0.00011824,28800000
2024-03-17T16:00:00Z,ETHUSDT,0.00030376,28800000
2024-03-18T00:00:00Z,ETHUSDT,0.00017304,28800000
2024-03-18T08:00:00Z,ETHUSDT,0.00026393,28800000
2024-03-18T16:00:00Z,ETHUSDT,0.00029608,28800000
2024-03-19T00:00:00Z,ETHUSDT,0.00028148,28800000
2024-03-19T08:00:00Z,ETHUSDT,0.00023311,28800000
2024-03-19T16:00:00Z,ETHUSDT,0.00013469,28800000
2024-03-20T00:00:00Z,ETHUSDT,0.00016096,28800000
2024-03-20T08:00:00Z,ETHUSDT,0.0001,28800000
2024-03-20T16:00:00Z,ETHUSDT,0.0001,28800000
2024-03-21T00:00:00Z,ETHUSDT,0.00019507,28800000
2024-03-21T08:00:00Z,ETHUSDT,0.00013771,28800000
2024-03-21T16:00:00Z,ETHUSDT,0.00017743,28800000
2024-03-22T00:00:00Z,ETHUSDT,0.00022775,28800000
2024-03-22T08:00:00Z,ETHUSDT,0.00023317,28800000
2024-03-22T16:00:00Z,ETHUSDT,0.00016092,28800000
2024-03-23T00:00:00Z,ETHUSDT,0.00010552,28800000
2024-03-23T08:00:00Z,ETHUSDT,0.00012459,28800000
2024-03-23T16:00:00Z,ETHUSDT,0.00013906,28800000
2024-03-24T00:00:00Z,ETHUSDT,0.00012767,28800000
2024-03-24T08:00:00Z,ETHUSDT,0.00017907,28800000
2024-03-24T16:00:00Z,ETHUSDT,0.00017171,28800000
2024-03-25T00:00:00Z,ETHUSDT,0.00020242,28800000
2024-03-25T08:00:00Z,ETHUSDT,0.00011009,28800000
2024-03-25T16:00:00Z,ETHUSDT,0.00022958,28800000
2024-03-26T00:00:00Z,ETHUSDT,0.00039028,28800000
2024-03-26T08:00:00Z,ETHUSDT,0.00018,28800000
2024-03-26T16:00:00Z,ETHUSDT,0.00026242,28800000
2024-03-27T00:00:00Z,ETHUSDT,0.00024667,28800000
2024-03-27T08:00:00Z,ETHUSDT,0.00021635,28800000
2024-03-27T16:00:00Z,ETHUSDT,0.00035332,28800000
2024-03-28T00:00:00Z,ETHUSDT,0.00038952,28800000
2024-03-28T08:00:00Z,ETHUSDT,0.00035672,28800000
2024-03-28T16:00:00Z,ETHUSDT,0.00036879,28800000
2024-03-29T00:00:00Z,ETHUSDT,0.00034117,28800000
2024-03-29T08:00:00Z,ETHUSDT,0.00030332,28800000
2024-03-29T16:00:00Z,ETHUSDT,0.00037327,28800000
2024-03-30T00:00:00Z,ETHUSDT,0.00024188,28800000
2024-03-30T08:00:00Z,ETHUSDT,0.00024854,28800000
2024-03-30T16:00:00Z,ETHUSDT,0.00045204,28800000
2024-03-31T00:00:00Z,ETHUSDT,0.00026461,28800000
2024-03-31T08:00:00Z,ETHUSDT,0.00065366,28800000
2024-03-31T16:00:00Z,ETHUSDT,0.00058292,28800000
2024-04-01T00:00:00Z,ETHUSDT,0.00060909,28800000
2024-04-01T08:00:00Z,ETHUSDT,0.00035798,28800000
2024-04-01T16:00:00Z,ETHUSDT,0.00019362,28800000
2024-04-02T00:00:00Z,ETHUSDT,0.00015034,28800000
2024-04-02T08:00:00Z,ETHUSDT,0.0001,28800000
2024-04-02T16:00:00Z,ETHUSDT,0.00012642,28800000
2024-04-03T00:00:00Z,ETHUSDT,0.0001,28800000
2024-04-03T08:00:00Z,ETHUSDT,0.0001,28800000
2024-04-03T16:00:00Z,ETHUSDT,0.0001,28800000
2024-04-04T00:00:00Z,ETHUSDT,0.0001,28800000
2024-04-04T08:00:00Z,ETHUSDT,0.0001,28800000
2024-04-04T16:00:00Z,ETHUSDT,0.0001,28800000
2024-04-05T00:00:00Z,ETHUSDT,0.0001,28800000
2024-04-05T08:00:00Z,ETHUSDT,0.0001,28800000
2024-04-05T16:00:00Z,ETHUSDT,0.0001,28800000
2024-04-06T00:00:00Z,ETHUSDT,0.00016732,28800000
2024-04-06T08:00:00Z,ETHUSDT,0.0001,28800000
2024-04-06T16:00:00Z,ETHUSDT,0.0001,28800000
2024-04-07T00:00:00Z,ETHUSDT,0.0001,28800000
2024-04-07T08:00:00Z,ETHUSDT,0.0001,28800000
2024-04-07T16:00:00Z,ETHUSDT,0.0001,28800000
2024-04-08T00:00:00Z,ETHUSDT,0.0001,28800000
2024-04-08T08:00:00Z,ETHUSDT,0.0001,28800000
2024-04-08T16:00:00Z,ETHUSDT,0.00031896,28800000
2024-04-09T00:00:00Z,ETHUSDT,0.00024848,28800000
2024-04-09T08:00:00Z,ETHUSDT,0.00010159,28800000
2024-04-09T16:00:00Z,ETHUSDT,0.00015222,28800000
2024-04-10T00:00:00Z,ETHUSDT,0.00018733,28800000
2024-04-10T08:00:00Z,ETHUSDT,0.00015363,28800000
2024-04-10T16:00:00Z,ETHUSDT,0.00013253,28800000
2024-04-11T00:00:00Z,ETHUSDT,0.0001,28800000
2024-04-11T08:00:00Z,ETHUSDT,0.00015483,28800000
2024-04-11T16:00:00Z,ETHUSDT,0.0001,28800000
2024-04-12T00:00:00Z,ETHUSDT,0.0001,28800000
2024-04-12T08:00:00Z,ETHUSDT,0.0001,28800000
2024-04-12T16:00:00Z,ETHUSDT,0.0001,28800000
2024-04-13T00:00:00Z,ETHUSDT,0.0001,28800000
2024-04-13T08:00:00Z,ETHUSDT,0.0001,28800000
2024-04-13T16:00:00Z,ETHUSDT,0.0001,28800000
2024-04-14T00:00:00Z,ETHUSDT,0.0001,28800000
2024-04-14T08:00:00Z,ETHUSDT,0.0001,28800000
2024-04-14T16:00:00Z,ETHUSDT,0.0001,28800000
2024-04-15T00:00:00Z,ETHUSDT,0.0001,28800000
2024-04-15T08:00:00Z,ETHUSDT,5.422e-05,28800000
2024-04-15T16:00:00Z,ETHUSDT,8.871e-05,28800000
2024-04-16T00:00:00Z,ETHUSDT,7.898e-05,28800000
2024-04-16T08:00:00Z,ETHUSDT,8.536e-05,28800000
2024-04-16T16:00:00Z,ETHUSDT,5.787e-05,28800000
2024-04-17T00:00:00Z,ETHUSDT,9.805e-05,28800000
2024-04-17T08:00:00Z,ETHUSDT,5.11e-06,28800000
2024-04-17T16:00:00Z,ETHUSDT,4.92e-06,28800000
2024-04-18T00:00:00Z,ETHUSDT,3.509e-05,28800000
2024-04-18T08:00:00Z,ETHUSDT,2.246e-05,28800000
2024-04-18T16:00:00Z,ETHUSDT,6.353e-05,28800000
2024-04-19T00:00:00Z,ETHUSDT,3.973e-05,28800000
2024-04-19T08:00:00Z,ETHUSDT,8.503e-05,28800000
2024-04-19T16:00:00Z,ETHUSDT,5.417e-05,28800000
2024-04-20T00:00:00Z,ETHUSDT,0.0001,28800000
2024-04-20T08:00:00Z,ETHUSDT,2.386e-05,28800000
2024-04-20T16:00:00Z,ETHUSDT,5.114e-05,28800000
2024-04-21T00:00:00Z,ETHUSDT,5.559e-05,28800000
2024-04-21T08:00:00Z,ETHUSDT,-6.27e-06,28800000
2024-04-21T16:00:00Z,ETHUSDT,4.395e-05,28800000
2024-04-22T00:00:00Z,ETHUSDT,3.417e-05,28800000
2024-04-22T08:00:00Z,ETHUSDT,4.908e-05,28800000
2024-04-22T16:00:00Z,ETHUSDT,-1.974e-05,28800000
2024-04-23T00:00:00Z,ETHUSDT,6.74e-06,28800000
2024-04-23T08:00:00Z,ETHUSDT,1.147e-05,28800000
2024-04-23T16:00:00Z,ETHUSDT,6.979e-05,28800000
2024-04-24T00:00:00Z,ETHUSDT,4.713e-05,28800000
2024-04-24T08:00:00Z,ETHUSDT,1.937e-05,28800000
2024-04-24T16:00:00Z,ETHUSDT,4.804e-05,28800000
2024-04-25T00:00:00Z,ETHUSDT,4.66e-06,28800000
2024-04-25T08:00:00Z,ETHUSDT,1.706e-05,28800000
2024-04-25T16:00:00Z,ETHUSDT,0.0001,28800000
2024-04-26T00:00:00Z,ETHUSDT,1.631e-05,28800000
2024-04-26T08:00:00Z,ETHUSDT,3.847e-05,28800000
2024-04-26T16:00:00Z,ETHUSDT,4.582e-05,28800000
2024-04-27T00:00:00Z,ETHUSDT,0.0001,28800000
2024-04-27T08:00:00Z,ETHUSDT,7.026e-05,28800000
2024-04-27T16:00:00Z,ETHUSDT,2.355e-05,28800000
2024-04-28T00:00:00Z,ETHUSDT,9.322e-05,28800000
2024-04-28T08:00:00Z,ETHUSDT,8.3e-05,28800000
2024-04-28T16:00:00Z,ETHUSDT,8.272e-05,28800000
2024-04-29T00:00:00Z,ETHUSDT,8.816e-05,28800000
2024-04-29T08:00:00Z,ETHUSDT,0.0001,28800000
2024-04-29T16:00:00Z,ETHUSDT,5.981e-05,28800000
2024-04-30T00:00:00Z,ETHUSDT,7.518e-05,28800000
2024-04-30T08:00:00Z,ETHUSDT,7.389e-05,28800000
2024-04-30T16:00:00Z,ETHUSDT,3.887e-05,28800000
2024-05-01T00:00:00Z,ETHUSDT,1.865e-05,28800000
2024-05-01T08:00:00Z,ETHUSDT,4.89e-05,28800000
2024-05-01T16:00:00Z,ETHUSDT,7.347e-05,28800000
2024-05-02T00:00:00Z,ETHUSDT,-8.6e-07,28800000
2024-05-02T08:00:00Z,ETHUSDT,9.579e-05,28800000
2024-05-02T16:00:00Z,ETHUSDT,7.757e-05,28800000
2024-05-03T00:00:00Z,ETHUSDT,4.044e-05,28800000
2024-05-03T08:00:00Z,ETHUSDT,2.157e-05,28800000
2024-05-03T16:00:00Z,ETHUSDT,3.457e-05,28800000
2024-05-04T00:00:00Z,ETHUSDT,4.29e-05,28800000
2024-05-04T08:00:00Z,ETHUSDT,8.465e-05,28800000
2024-05-04T16:00:00Z,ETHUSDT,7.001e-05,28800000
2024-05-05T00:00:00Z,ETHUSDT,8.848e-05,28800000
2024-05-05T08:00:00Z,ETHUSDT,9.394e-05,28800000
2024-05-05T16:00:00Z,ETHUSDT,5.578e-05,28800000
2024-05-06T00:00:00Z,ETHUSDT,5.569e-05,28800000
2024-05-06T08:00:00Z,ETHUSDT,0.0001,28800000
2024-05-06T16:00:00Z,ETHUSDT,9.025e-05,28800000
2024-05-07T00:00:00Z,ETHUSDT,7.342e-05,28800000
2024-05-07T08:00:00Z,ETHUSDT,4.028e-05,28800000
2024-05-07T16:00:00Z,ETHUSDT,6.978e-05,28800000
2024-05-08T00:00:00Z,ETHUSDT,7.764e-05,28800000
2024-05-08T08:00:00Z,ETHUSDT,7.236e-05,28800000
2024-05-08T16:00:00Z,ETHUSDT,0.0001,28800000
2024-05-09T00:00:00Z,ETHUSDT,0.0001,28800000
2024-05-09T08:00:00Z,ETHUSDT,0.0001,28800000
2024-05-09T16:00:00Z,ETHUSDT,0.0001,28800000
2024-05-10T00:00:00Z,ETHUSDT,9.04e-05,28800000
2024-05-10T08:00:00Z,ETHUSDT,0.0001,28800000
2024-05-10T16:00:00Z,ETHUSDT,5.137e-05,28800000
2024-05-11T00:00:00Z,ETHUSDT,7.578e-05,28800000
2024-05-11T08:00:00Z,ETHUSDT,6.69e-05,28800000
2024-05-11T16:00:00Z,ETHUSDT,8.517e-05,28800000
2024-05-12T00:00:00Z,ETHUSDT,8.01e-05,28800000
2024-05-12T08:00:00Z,ETHUSDT,7.264e-05,28800000
2024-05-12T16:00:00Z,ETHUSDT,6.269e-05,28800000
2024-05-13T00:00:00Z,ETHUSDT,5.829e-05,28800000
2024-05-13T08:00:00Z,ETHUSDT,0.0001,28800000
2024-05-13T16:00:00Z,ETHUSDT,0.0001,28800000
2024-05-14T00:00:00Z,ETHUSDT,0.0001,28800000
2024-05-14T08:00:00Z,ETHUSDT,8.14e-05,28800000
2024-05-14T16:00:00Z,ETHUSDT,9.124e-05,28800000
2024-05-15T00:00:00Z,ETHUSDT,0.0001,28800000
2024-05-15T08:00:00Z,ETHUSDT,8.171e-05,28800000
2024-05-15T16:00:00Z,ETHUSDT,9.162e-05,28800000
2024-05-16T00:00:00Z,ETHUSDT,0.0001,28800000
2024-05-16T08:00:00Z,ETHUSDT,6.453e-05,28800000
2024-05-16T16:00:00Z,ETHUSDT,5.401e-05,28800000
2024-05-17T00:00:00Z,ETHUSDT,5.324e-05,28800000
2024-05-17T08:00:00Z,ETHUSDT,8.531e-05,28800000
2024-05-17T16:00:00Z,ETHUSDT,4.333e-05,28800000
2024-05-18T00:00:00Z,ETHUSDT,7.513e-05,28800000
2024-05-18T08:00:00Z,ETHUSDT,3.431e-05,28800000
2024-05-18T16:00:00Z,ETHUSDT,7.815e-05,28800000
2024-05-19T00:00:00Z,ETHUSDT,7.388e-05,28800000
2024-05-19T08:00:00Z,ETHUSDT,3.451e-05,28800000
2024-05-19T16:00:00Z,ETHUSDT,8.825e-05,28800000
2024-05-20T00:00:00Z,ETHUSDT,9.672e-05,28800000
2024-05-20T08:00:00Z,ETHUSDT,1.916e-05,28800000
2024-05-20T16:00:00Z,ETHUSDT,4.643e-05,28800000
2024-05-21T00:00:00Z,ETHUSDT,0.0001,28800000
2024-05-21T08:00:00Z,ETHUSDT,0.00019404,28800000
2024-05-21T16:00:00Z,ETHUSDT,0.0001,28800000
2024-05-22T00:00:00Z,ETHUSDT,0.00012452,28800000
2024-05-22T08:00:00Z,ETHUSDT,0.00015189,28800000
2024-05-22T16:00:00Z,ETHUSDT,0.0001,28800000
2024-05-23T00:00:00Z,ETHUSDT,0.0001,28800000
2024-05-23T08:00:00Z,ETHUSDT,0.0001,28800000
2024-05-23T16:00:00Z,ETHUSDT,0.0001,28800000
2024-05-24T00:00:00Z,ETHUSDT,0.0001,28800000
2024-05-24T08:00:00Z,ETHUSDT,0.0001,28800000
2024-05-24T16:00:00Z,ETHUSDT,0.0001,28800000
2024-05-25T00:00:00Z,ETHUSDT,0.0001,28800000
2024-05-25T08:00:00Z,ETHUSDT,0.0001,28800000
2024-05-25T16:00:00Z,ETHUSDT,0.0001,28800000
2024-05-26T00:00:00Z,ETHUSDT,0.0001,28800000
2024-05-26T08:00:00Z,ETHUSDT,0.0001,28800000
2024-05-26T16:00:00Z,ETHUSDT,0.0001,28800000
2024-05-27T00:00:00Z,ETHUSDT,0.0001,28800000
2024-05-27T08:00:00Z,ETHUSDT,0.0001,28800000
2024-05-27T16:00:00Z,ETHUSDT,0.0001,28800000
2024-05-28T00:00:00Z,ETHUSDT,0.0001,28800000
2024-05-28T08:00:00Z,ETHUSDT,0.0001,28800000
2024-05-28T16:00:00Z,ETHUSDT,0.0001219,28800000
2024-05-29T00:00:00Z,ETHUSDT,0.00017485,28800000
2024-05-29T08:00:00Z,ETHUSDT,0.0001,28800000
2024-05-29T16:00:00Z,ETHUSDT,0.000177,28800000
2024-05-30T00:00:00Z,ETHUSDT,0.00025357,28800000
2024-05-30T08:00:00Z,ETHUSDT,0.00014202,28800000
2024-05-30T16:00:00Z,ETHUSDT,0.00018706,28800000
2024-05-31T00:00:00Z,ETHUSDT,0.0001,28800000
2024-05-31T08:00:00Z,ETHUSDT,0.00010793,28800000
2024-05-31T16:00:00Z,ETHUSDT,0.00012319,28800000
2024-06-01T00:00:00Z,ETHUSDT,0.00017131,28800000
2024-06-01T08:00:00Z,ETHUSDT,0.00013009,28800000
2024-06-01T16:00:00Z,ETHUSDT,0.00011557,28800000
2024-06-02T00:00:00Z,ETHUSDT,0.00015695,28800000
2024-06-02T08:00:00Z,ETHUSDT,0.0001,28800000
2024-06-02T16:00:00Z,ETHUSDT,0.0001,28800000
2024-06-03T00:00:00Z,ETHUSDT,0.00012702,28800000
2024-06-03T08:00:00Z,ETHUSDT,0.00015803,28800000
2024-06-03T16:00:00Z,ETHUSDT,0.00012815,28800000
2024-06-04T00:00:00Z,ETHUSDT,0.0001,28800000
2024-06-04T08:00:00Z,ETHUSDT,0.0001,28800000
2024-06-04T16:00:00Z,ETHUSDT,0.000108,28800000
2024-06-05T00:00:00Z,ETHUSDT,0.00016969,28800000
2024-06-05T08:00:00Z,ETHUSDT,0.0001,28800000
2024-06-05T16:00:00Z,ETHUSDT,0.00010659,28800000
2024-06-06T00:00:00Z,ETHUSDT,0.00019461,28800000
2024-06-06T08:00:00Z,ETHUSDT,0.00020328,28800000
2024-06-06T16:00:00Z,ETHUSDT,0.00014989,28800000
2024-06-07T00:00:00Z,ETHUSDT,0.00016105,28800000
2024-06-07T08:00:00Z,ETHUSDT,0.00013228,28800000
2024-06-07T16:00:00Z,ETHUSDT,0.00017029,28800000
2024-06-08T00:00:00Z,ETHUSDT,0.0001,28800000
2024-06-08T08:00:00Z,ETHUSDT,0.0001,28800000
2024-06-08T16:00:00Z,ETHUSDT,0.0001,28800000
2024-06-09T00:00:00Z,ETHUSDT,0.0001,28800000
2024-06-09T08:00:00Z,ETHUSDT,0.0001,28800000
2024-06-09T16:00:00Z,ETHUSDT,0.0001,28800000
2024-06-10T00:00:00Z,ETHUSDT,0.0001,28800000
2024-06-10T08:00:00Z,ETHUSDT,0.0001,28800000
2024-06-10T16:00:00Z,ETHUSDT,0.0001,28800000
2024-06-11T00:00:00Z,ETHUSDT,0.0001,28800000
2024-06-11T08:00:00Z,ETHUSDT,0.0001,28800000
2024-06-11T16:00:00Z,ETHUSDT,0.0001,28800000
2024-06-12T00:00:00Z,ETHUSDT,0.0001,28800000
2024-06-12T08:00:00Z,ETHUSDT,0.0001,28800000
2024-06-12T16:00:00Z,ETHUSDT,0.0001,28800000
2024-06-13T00:00:00Z,ETHUSDT,0.0001,28800000
2024-06-13T08:00:00Z,ETHUSDT,0.0001,28800000
2024-06-13T16:00:00Z,ETHUSDT,0.0001,28800000
2024-06-14T00:00:00Z,ETHUSDT,0.0001,28800000
2024-06-14T08:00:00Z,ETHUSDT,0.0001,28800000
2024-06-14T16:00:00Z,ETHUSDT,0.0001,28800000
2024-06-15T00:00:00Z,ETHUSDT,0.0001,28800000
2024-06-15T08:00:00Z,ETHUSDT,0.0001,28800000
2024-06-15T16:00:00Z,ETHUSDT,0.0001,28800000
2024-06-16T00:00:00Z,ETHUSDT,0.0001,28800000
2024-06-16T08:00:00Z,ETHUSDT,0.0001,28800000
2024-06-16T16:00:00Z,ETHUSDT,0.0001,28800000
2024-06-17T00:00:00Z,ETHUSDT,0.0001,28800000
2024-06-17T08:00:00Z,ETHUSDT,0.0001,28800000
2024-06-17T16:00:00Z,ETHUSDT,9.137e-05,28800000
2024-06-18T00:00:00Z,ETHUSDT,6.649e-05,28800000
2024-06-18T08:00:00Z,ETHUSDT,7.836e-05,28800000
2024-06-18T16:00:00Z,ETHUSDT,6.211e-05,28800000
2024-06-19T00:00:00Z,ETHUSDT,0.0001,28800000
2024-06-19T08:00:00Z,ETHUSDT,0.0001,28800000
2024-06-19T16:00:00Z,ETHUSDT,6.122e-05,28800000
2024-06-20T00:00:00Z,ETHUSDT,0.0001,28800000
2024-06-20T08:00:00Z,ETHUSDT,6.409e-05,28800000
2024-06-20T16:00:00Z,ETHUSDT,3.148e-05,28800000
2024-06-21T00:00:00Z,ETHUSDT,7.46e-06,28800000
2024-06-21T08:00:00Z,ETHUSDT,2.103e-05,28800000
2024-06-21T16:00:00Z,ETHUSDT,0.0001,28800000
2024-06-22T00:00:00Z,ETHUSDT,4.564e-05,28800000
2024-06-22T08:00:00Z,ETHUSDT,5.837e-05,28800000
2024-06-22T16:00:00Z,ETHUSDT,3.914e-05,28800000
2024-06-23T00:00:00Z,ETHUSDT,6.71e-05,28800000
2024-06-23T08:00:00Z,ETHUSDT,4.594e-05,28800000
2024-06-23T16:00:00Z,ETHUSDT,3.591e-05,28800000
2024-06-24T00:00:00Z,ETHUSDT,7.672e-05,28800000
2024-06-24T08:00:00Z,ETHUSDT,0.0001,28800000
2024-06-24T16:00:00Z,ETHUSDT,7.41e-05,28800000
2024-06-25T00:00:00Z,ETHUSDT,0.0001,28800000
2024-06-25T08:00:00Z,ETHUSDT,0.0001,28800000
2024-06-25T16:00:00Z,ETHUSDT,0.0001,28800000
2024-06-26T00:00:00Z,ETHUSDT,0.0001,28800000
2024-06-26T08:00:00Z,ETHUSDT,0.0001,28800000
2024-06-26T16:00:00Z,ETHUSDT,0.0001,28800000
2024-06-27T00:00:00Z,ETHUSDT,0.0001,28800000
2024-06-27T08:00:00Z,ETHUSDT,0.0001,28800000
2024-06-27T16:00:00Z,ETHUSDT,0.0001,28800000
2024-06-28T00:00:00Z,ETHUSDT,0.0001,28800000
2024-06-28T08:00:00Z,ETHUSDT,0.0001,28800000
2024-06-28T16:00:00Z,ETHUSDT,0.0001,28800000
2024-06-29T00:00:00Z,ETHUSDT,0.0001,28800000
2024-06-29T08:00:00Z,ETHUSDT,0.0001,28800000
2024-06-29T16:00:00Z,ETHUSDT,0.0001,28800000
2024-06-30T00:00:00Z,ETHUSDT,0.0001,28800000
2024-06-30T08:00:00Z,ETHUSDT,0.0001,28800000
2024-06-30T16:00:00Z,ETHUSDT,0.0001,28800000
2024-07-01T00:00:00Z,ETHUSDT,0.0001,28800000
2024-07-01T08:00:00Z,ETHUSDT,0.0001,28800000
2024-07-01T16:00:00Z,ETHUSDT,0.0001,28800000
2024-07-02T00:00:00Z,ETHUSDT,0.0001,28800000
2024-07-02T08:00:00Z,ETHUSDT,0.0001,28800000
2024-07-02T16:00:00Z,ETHUSDT,0.0001,28800000
2024-07-03T00:00:00Z,ETHUSDT,0.0001,28800000
2024-07-03T08:00:00Z,ETHUSDT,0.0001,28800000
2024-07-03T16:00:00Z,ETHUSDT,0.0001,28800000
2024-07-04T00:00:00Z,ETHUSDT,0.0001,28800000
2024-07-04T08:00:00Z,ETHUSDT,0.0001,28800000
2024-07-04T16:00:00Z,ETHUSDT,0.0001,28800000
2024-07-05T00:00:00Z,ETHUSDT,0.0001,28800000
2024-07-05T08:00:00Z,ETHUSDT,9.55e-05,28800000
2024-07-05T16:00:00Z,ETHUSDT,4.923e-05,28800000
2024-07-06T00:00:00Z,ETHUSDT,9.007e-05,28800000
2024-07-06T08:00:00Z,ETHUSDT,6.597e-05,28800000
2024-07-06T16:00:00Z,ETHUSDT,5.847e-05,28800000
2024-07-07T00:00:00Z,ETHUSDT,3.941e-05,28800000
2024-07-07T08:00:00Z,ETHUSDT,8.938e-05,28800000
2024-07-07T16:00:00Z,ETHUSDT,5.389e-05,28800000
2024-07-08T00:00:00Z,ETHUSDT,0.0001,28800000
2024-07-08T08:00:00Z,ETHUSDT,3.423e-05,28800000
2024-07-08T16:00:00Z,ETHUSDT,9.357e-05,28800000
2024-07-09T00:00:00Z,ETHUSDT,5.681e-05,28800000
2024-07-09T08:00:00Z,ETHUSDT,1.078e-05,28800000
2024-07-09T16:00:00Z,ETHUSDT,7.754e-05,28800000
2024-07-10T00:00:00Z,ETHUSDT,3.746e-05,28800000
2024-07-10T08:00:00Z,ETHUSDT,1.713e-05,28800000
2024-07-10T16:00:00Z,ETHUSDT,0.0001,28800000
2024-07-11T00:00:00Z,ETHUSDT,4.282e-05,28800000
2024-07-11T08:00:00Z,ETHUSDT,8.656e-05,28800000
2024-07-11T16:00:00Z,ETHUSDT,5.603e-05,28800000
2024-07-12T00:00:00Z,ETHUSDT,0.0001,28800000
2024-07-12T08:00:00Z,ETHUSDT,4.73e-05,28800000
2024-07-12T16:00:00Z,ETHUSDT,7.154e-05,28800000
2024-07-13T00:00:00Z,ETHUSDT,0.0001,28800000
2024-07-13T08:00:00Z,ETHUSDT,0.0001,28800000
2024-07-13T16:00:00Z,ETHUSDT,7.584e-05,28800000
2024-07-14T00:00:00Z,ETHUSDT,0.0001,28800000
2024-07-14T08:00:00Z,ETHUSDT,6.352e-05,28800000
2024-07-14T16:00:00Z,ETHUSDT,3.194e-05,28800000
2024-07-15T00:00:00Z,ETHUSDT,9.653e-05,28800000
2024-07-15T08:00:00Z,ETHUSDT,4.043e-05,28800000
2024-07-15T16:00:00Z,ETHUSDT,4.69e-05,28800000
2024-07-16T00:00:00Z,ETHUSDT,2.643e-05,28800000
2024-07-16T08:00:00Z,ETHUSDT,9.799e-05,28800000
2024-07-16T16:00:00Z,ETHUSDT,6.395e-05,28800000
2024-07-17T00:00:00Z,ETHUSDT,5.824e-05,28800000
2024-07-17T08:00:00Z,ETHUSDT,8.064e-05,28800000
2024-07-17T16:00:00Z,ETHUSDT,6.113e-05,28800000
2024-07-18T00:00:00Z,ETHUSDT,0.0001,28800000
2024-07-18T08:00:00Z,ETHUSDT,6.727e-05,28800000
2024-07-18T16:00:00Z,ETHUSDT,3.237e-05,28800000
2024-07-19T00:00:00Z,ETHUSDT,4.387e-05,28800000
2024-07-19T08:00:00Z,ETHUSDT,8.153e-05,28800000
2024-07-19T16:00:00Z,ETHUSDT,0.0001,28800000
2024-07-20T00:00:00Z,ETHUSDT,5.271e-05,28800000
2024-07-20T08:00:00Z,ETHUSDT,8.573e-05,28800000
2024-07-20T16:00:00Z,ETHUSDT,2.468e-05,28800000
2024-07-21T00:00:00Z,ETHUSDT,0.0001,28800000
2024-07-21T08:00:00Z,ETHUSDT,1.524e-05,28800000
2024-07-21T16:00:00Z,ETHUSDT,6.721e-05,28800000
2024-07-22T00:00:00Z,ETHUSDT,9.867e-05,28800000
2024-07-22T08:00:00Z,ETHUSDT,7.749e-05,28800000
2024-07-22T16:00:00Z,ETHUSDT,2.82e-05,28800000
2024-07-23T00:00:00Z,ETHUSDT,7.792e-05,28800000
2024-07-23T08:00:00Z,ETHUSDT,0.0001,28800000
2024-07-23T16:00:00Z,ETHUSDT,9.013e-05,28800000
2024-07-24T00:00:00Z,ETHUSDT,7.865e-05,28800000
2024-07-24T08:00:00Z,ETHUSDT,8.396e-05,28800000
2024-07-24T16:00:00Z,ETHUSDT,6.706e-05,28800000
2024-07-25T00:00:00Z,ETHUSDT,9.46e-05,28800000
2024-07-25T08:00:00Z,ETHUSDT,2.04e-06,28800000
2024-07-25T16:00:00Z,ETHUSDT,3.72e-05,28800000
2024-07-26T00:00:00Z,ETHUSDT,3.903e-05,28800000
2024-07-26T08:00:00Z,ETHUSDT,4.196e-05,28800000
2024-07-26T16:00:00Z,ETHUSDT,4.001e-05,28800000
2024-07-27T00:00:00Z,ETHUSDT,3.05e-05,28800000
2024-07-27T08:00:00Z,ETHUSDT,7.422e-05,28800000
2024-07-27T16:00:00Z,ETHUSDT,1.78e-05,28800000
2024-07-28T00:00:00Z,ETHUSDT,0.0001,28800000
2024-07-28T08:00:00Z,ETHUSDT,0.0001,28800000
2024-07-28T16:00:00Z,ETHUSDT,0.0001,28800000
2024-07-29T00:00:00Z,ETHUSDT,8.174e-05,28800000
2024-07-29T08:00:00Z,ETHUSDT,0.0001,28800000
2024-07-29T16:00:00Z,ETHUSDT,0.0001,28800000
2024-07-30T00:00:00Z,ETHUSDT,0.0001,28800000
2024-07-30T08:00:00Z,ETHUSDT,0.0001,28800000
2024-07-30T16:00:00Z,ETHUSDT,0.0001,28800000
2024-07-31T00:00:00Z,ETHUSDT,0.0001,28800000
2024-07-31T08:00:00Z,ETHUSDT,0.0001,28800000
2024-07-31T16:00:00Z,ETHUSDT,0.0001,28800000
2024-08-01T00:00:00Z,ETHUSDT,0.0001,28800000
2024-08-01T08:00:00Z,ETHUSDT,5.973e-05,28800000
2024-08-01T16:00:00Z,ETHUSDT,0.0001,28800000
2024-08-02T00:00:00Z,ETHUSDT,7.641e-05,28800000
2024-08-02T08:00:00Z,ETHUSDT,7.771e-05,28800000
2024-08-02T16:00:00Z,ETHUSDT,3.785e-05,28800000
2024-08-03T00:00:00Z,ETHUSDT,8.493e-05,28800000
2024-08-03T08:00:00Z,ETHUSDT,2.92e-05,28800000
2024-08-03T16:00:00Z,ETHUSDT,4.82e-05,28800000
2024-08-04T00:00:00Z,ETHUSDT,4.181e-05,28800000
2024-08-04T08:00:00Z,ETHUSDT,1.635e-05,28800000
2024-08-04T16:00:00Z,ETHUSDT,6.815e-05,28800000
2024-08-05T00:00:00Z,ETHUSDT,-1.7e-05,28800000
2024-08-05T08:00:00Z,ETHUSDT,-4.58e-06,28800000
2024-08-05T16:00:00Z,ETHUSDT,-5.766e-05,28800000
2024-08-06T00:00:00Z,ETHUSDT,-2.276e-05,28800000
2024-08-06T08:00:00Z,ETHUSDT,-0.00010667,28800000
2024-08-06T16:00:00Z,ETHUSDT,-1.11e-05,28800000
2024-08-07T00:00:00Z,ETHUSDT,-4.25e-05,28800000
2024-08-07T08:00:00Z,ETHUSDT,-6.16e-06,28800000
2024-08-07T16:00:00Z,ETHUSDT,-4.478e-05,28800000
2024-08-08T00:00:00Z,ETHUSDT,-4.377e-05,28800000
2024-08-08T08:00:00Z,ETHUSDT,-1.083e-05,28800000
2024-08-08T16:00:00Z,ETHUSDT,-3.437e-05,28800000
2024-08-09T00:00:00Z,ETHUSDT,1.139e-05,28800000
2024-08-09T08:00:00Z,ETHUSDT,4.212e-05,28800000
2024-08-09T16:00:00Z,ETHUSDT,-2.753e-05,28800000
2024-08-10T00:00:00Z,ETHUSDT,-4.249e-05,28800000
2024-08-10T08:00:00Z,ETHUSDT,3.504e-05,28800000
2024-08-10T16:00:00Z,ETHUSDT,1.614e-05,28800000
2024-08-11T00:00:00Z,ETHUSDT,-8.82e-06,28800000
2024-08-11T08:00:00Z,ETHUSDT,9.73e-06,28800000
2024-08-11T16:00:00Z,ETHUSDT,3.46e-06,28800000
2024-08-12T00:00:00Z,ETHUSDT,1.047e-05,28800000
2024-08-12T08:00:00Z,ETHUSDT,6.766e-05,28800000
2024-08-12T16:00:00Z,ETHUSDT,6.424e-05,28800000
2024-08-13T00:00:00Z,ETHUSDT,7.892e-05,28800000
2024-08-13T08:00:00Z,ETHUSDT,-6.036e-05,28800000
2024-08-13T16:00:00Z,ETHUSDT,-4.532e-05,28800000
2024-08-14T00:00:00Z,ETHUSDT,5.55e-06,28800000
2024-08-14T08:00:00Z,ETHUSDT,3.166e-05,28800000
2024-08-14T16:00:00Z,ETHUSDT,-3.462e-05,28800000
2024-08-15T00:00:00Z,ETHUSDT,5.044e-05,28800000
2024-08-15T08:00:00Z,ETHUSDT,7.775e-05,28800000
2024-08-15T16:00:00Z,ETHUSDT,6.62e-06,28800000
2024-08-16T00:00:00Z,ETHUSDT,-1.182e-05,28800000
2024-08-16T08:00:00Z,ETHUSDT,2.105e-05,28800000
2024-08-16T16:00:00Z,ETHUSDT,3.363e-05,28800000
2024-08-17T00:00:00Z,ETHUSDT,2.448e-05,28800000
2024-08-17T08:00:00Z,ETHUSDT,-2.485e-05,28800000
2024-08-17T16:00:00Z,ETHUSDT,-3.471e-05,28800000
2024-08-18T00:00:00Z,ETHUSDT,7.82e-06,28800000
2024-08-18T08:00:00Z,ETHUSDT,-4.706e-05,28800000
2024-08-18T16:00:00Z,ETHUSDT,-1.42e-06,28800000
2024-08-19T00:00:00Z,ETHUSDT,-3.66e-05,28800000
2024-08-19T08:00:00Z,ETHUSDT,8.59e-06,28800000
2024-08-19T16:00:00Z,ETHUSDT,-1.53e-05,28800000
2024-08-20T00:00:00Z,ETHUSDT,9.69e-06,28800000
2024-08-20T08:00:00Z,ETHUSDT,1.977e-05,28800000
2024-08-20T16:00:00Z,ETHUSDT,-2.726e-05,28800000
2024-08-21T00:00:00Z,ETHUSDT,1.33e-05,28800000
2024-08-21T08:00:00Z,ETHUSDT,2.306e-05,28800000
2024-08-21T16:00:00Z,ETHUSDT,4.139e-05,28800000
2024-08-22T00:00:00Z,ETHUSDT,-9.46e-06,28800000
2024-08-22T08:00:00Z,ETHUSDT,3.544e-05,28800000
2024-08-22T16:00:00Z,ETHUSDT,2.01e-05,28800000
2024-08-23T00:00:00Z,ETHUSDT,6.601e-05,28800000
2024-08-23T08:00:00Z,ETHUSDT,6.071e-05,28800000
2024-08-23T16:00:00Z,ETHUSDT,-1.72e-06,28800000
2024-08-24T00:00:00Z,ETHUSDT,-1.504e-05,28800000
2024-08-24T08:00:00Z,ETHUSDT,9.7e-06,28800000
2024-08-24T16:00:00Z,ETHUSDT,5.81e-06,28800000
2024-08-25T00:00:00Z,ETHUSDT,-3.389e-05,28800000
2024-08-25T08:00:00Z,ETHUSDT,3.311e-05,28800000
2024-08-25T16:00:00Z,ETHUSDT,2.579e-05,28800000
2024-08-26T00:00:00Z,ETHUSDT,2.145e-05,28800000
2024-08-26T08:00:00Z,ETHUSDT,5.677e-05,28800000
2024-08-26T16:00:00Z,ETHUSDT,6.339e-05,28800000
2024-08-27T00:00:00Z,ETHUSDT,9.438e-05,28800000
2024-08-27T08:00:00Z,ETHUSDT,5.093e-05,28800000
2024-08-27T16:00:00Z,ETHUSDT,7.429e-05,28800000
2024-08-28T00:00:00Z,ETHUSDT,-6.098e-05,28800000
2024-08-28T08:00:00Z,ETHUSDT,-7.62e-06,28800000
2024-08-28T16:00:00Z,ETHUSDT,1.459e-05,28800000
2024-08-29T00:00:00Z,ETHUSDT,1.16e-05,28800000
2024-08-29T08:00:00Z,ETHUSDT,2.12e-06,28800000
2024-08-29T16:00:00Z,ETHUSDT,-4.09e-06,28800000
2024-08-30T00:00:00Z,ETHUSDT,5.49e-05,28800000
2024-08-30T08:00:00Z,ETHUSDT,3.483e-05,28800000
2024-08-30T16:00:00Z,ETHUSDT,1.032e-05,28800000
2024-08-31T00:00:00Z,ETHUSDT,7.976e-05,28800000
2024-08-31T08:00:00Z,ETHUSDT,7.237e-05,28800000
2024-08-31T16:00:00Z,ETHUSDT,7.811e-05,28800000
2024-09-01T00:00:00Z,ETHUSDT,4.499e-05,28800000
2024-09-01T08:00:00Z,ETHUSDT,5.272e-05,28800000
2024-09-01T16:00:00Z,ETHUSDT,4.183e-05,28800000
2024-09-02T00:00:00Z,ETHUSDT,-2.406e-05,28800000
2024-09-02T08:00:00Z,ETHUSDT,3.904e-05,28800000
2024-09-02T16:00:00Z,ETHUSDT,7.064e-05,28800000
2024-09-03T00:00:00Z,ETHUSDT,5.67e-05,28800000
2024-09-03T08:00:00Z,ETHUSDT,4.883e-05,28800000
2024-09-03T16:00:00Z,ETHUSDT,5.216e-05,28800000
2024-09-04T00:00:00Z,ETHUSDT,8.054e-05,28800000
2024-09-04T08:00:00Z,ETHUSDT,-1.109e-05,28800000
2024-09-04T16:00:00Z,ETHUSDT,5.833e-05,28800000
2024-09-05T00:00:00Z,ETHUSDT,4.539e-05,28800000
2024-09-05T08:00:00Z,ETHUSDT,2.41e-05,28800000
2024-09-05T16:00:00Z,ETHUSDT,3.166e-05,28800000
2024-09-06T00:00:00Z,ETHUSDT,3.662e-05,28800000
2024-09-06T08:00:00Z,ETHUSDT,4.871e-05,28800000
2024-09-06T16:00:00Z,ETHUSDT,4.007e-05,28800000
2024-09-07T00:00:00Z,ETHUSDT,2.41e-06,28800000
2024-09-07T08:00:00Z,ETHUSDT,-5.37e-06,28800000
2024-09-07T16:00:00Z,ETHUSDT,2.652e-05,28800000
2024-09-08T00:00:00Z,ETHUSDT,5.363e-05,28800000
2024-09-08T08:00:00Z,ETHUSDT,3.089e-05,28800000
2024-09-08T16:00:00Z,ETHUSDT,1.827e-05,28800000
2024-09-09T00:00:00Z,ETHUSDT,7.67e-06,28800000
2024-09-09T08:00:00Z,ETHUSDT,3.085e-05,28800000
2024-09-09T16:00:00Z,ETHUSDT,-1.156e-05,28800000
2024-09-10T00:00:00Z,ETHUSDT,1.082e-05,28800000
2024-09-10T08:00:00Z,ETHUSDT,-3.453e-05,28800000
2024-09-10T16:00:00Z,ETHUSDT,2.28e-06,28800000
2024-09-11T00:00:00Z,ETHUSDT,2.484e-05,28800000
2024-09-11T08:00:00Z,ETHUSDT,1.804e-05,28800000
2024-09-11T16:00:00Z,ETHUSDT,-1.796e-05,28800000
2024-09-12T00:00:00Z,ETHUSDT,2.592e-05,28800000
2024-09-12T08:00:00Z,ETHUSDT,2.496e-05,28800000
2024-09-12T16:00:00Z,ETHUSDT,1.134e-05,28800000
2024-09-13T00:00:00Z,ETHUSDT,4.291e-05,28800000
2024-09-13T08:00:00Z,ETHUSDT,5.003e-05,28800000
2024-09-13T16:00:00Z,ETHUSDT,5.073e-05,28800000
2024-09-14T00:00:00Z,ETHUSDT,8.45e-06,28800000
2024-09-14T08:00:00Z,ETHUSDT,-4.15e-06,28800000
2024-09-14T16:00:00Z,ETHUSDT,1.35e-06,28800000
2024-09-15T00:00:00Z,ETHUSDT,-2.67e-06,28800000
2024-09-15T08:00:00Z,ETHUSDT,1.355e-05,28800000
2024-09-15T16:00:00Z,ETHUSDT,2.131e-05,28800000
2024-09-16T00:00:00Z,ETHUSDT,3.228e-05,28800000
2024-09-16T08:00:00Z,ETHUSDT,-6.942e-05,28800000
2024-09-16T16:00:00Z,ETHUSDT,-1.149e-05,28800000
2024-09-17T00:00:00Z,ETHUSDT,7.742e-05,28800000
2024-09-17T08:00:00Z,ETHUSDT,2.423e-05,28800000
2024-09-17T16:00:00Z,ETHUSDT,5.73e-05,28800000
2024-09-18T00:00:00Z,ETHUSDT,4.792e-05,28800000
2024-09-18T08:00:00Z,ETHUSDT,3.074e-05,28800000
2024-09-18T16:00:00Z,ETHUSDT,2.329e-05,28800000
2024-09-19T00:00:00Z,ETHUSDT,7.727e-05,28800000
2024-09-19T08:00:00Z,ETHUSDT,8.266e-05,28800000
2024-09-19T16:00:00Z,ETHUSDT,2.391e-05,28800000
2024-09-20T00:00:00Z,ETHUSDT,0.0001,28800000
2024-09-20T08:00:00Z,ETHUSDT,9.734e-05,28800000
2024-09-20T16:00:00Z,ETHUSDT,0.0001,28800000
2024-09-21T00:00:00Z,ETHUSDT,6.668e-05,28800000
2024-09-21T08:00:00Z,ETHUSDT,6.665e-05,28800000
2024-09-21T16:00:00Z,ETHUSDT,4.536e-05,28800000
2024-09-22T00:00:00Z,ETHUSDT,4.896e-05,28800000
2024-09-22T08:00:00Z,ETHUSDT,5.198e-05,28800000
2024-09-22T16:00:00Z,ETHUSDT,0.0001,28800000
2024-09-23T00:00:00Z,ETHUSDT,2.548e-05,28800000
2024-09-23T08:00:00Z,ETHUSDT,6.821e-05,28800000
2024-09-23T16:00:00Z,ETHUSDT,6.476e-05,28800000
2024-09-24T00:00:00Z,ETHUSDT,3.85e-05,28800000
2024-09-24T08:00:00Z,ETHUSDT,4.791e-05,28800000
2024-09-24T16:00:00Z,ETHUSDT,4.739e-05,28800000
2024-09-25T00:00:00Z,ETHUSDT,2.445e-05,28800000
2024-09-25T08:00:00Z,ETHUSDT,5.722e-05,28800000
2024-09-25T16:00:00Z,ETHUSDT,3.538e-05,28800000
2024-09-26T00:00:00Z,ETHUSDT,7.493e-05,28800000
2024-09-26T08:00:00Z,ETHUSDT,8.119e-05,28800000
2024-09-26T16:00:00Z,ETHUSDT,0.0001,28800000
2024-09-27T00:00:00Z,ETHUSDT,9.625e-05,28800000
2024-09-27T08:00:00Z,ETHUSDT,7.694e-05,28800000
2024-09-27T16:00:00Z,ETHUSDT,6.276e-05,28800000
2024-09-28T00:00:00Z,ETHUSDT,0.0001,28800000
2024-09-28T08:00:00Z,ETHUSDT,6.231e-05,28800000
2024-09-28T16:00:00Z,ETHUSDT,7.162e-05,28800000
2024-09-29T00:00:00Z,ETHUSDT,3.315e-05,28800000
2024-09-29T08:00:00Z,ETHUSDT,6.785e-05,28800000
2024-09-29T16:00:00Z,ETHUSDT,8.854e-05,28800000
2024-09-30T00:00:00Z,ETHUSDT,6.161e-05,28800000
2024-09-30T08:00:00Z,ETHUSDT,8.62e-05,28800000
2024-09-30T16:00:00Z,ETHUSDT,0.0001,28800000
2024-10-01T00:00:00Z,ETHUSDT,0.0001,28800000
2024-10-01T08:00:00Z,ETHUSDT,0.0001,28800000
2024-10-01T16:00:00Z,ETHUSDT,8.397e-05,28800000
2024-10-02T00:00:00Z,ETHUSDT,0.0001,28800000
2024-10-02T08:00:00Z,ETHUSDT,6.859e-05,28800000
2024-10-02T16:00:00Z,ETHUSDT,0.0001,28800000
2024-10-03T00:00:00Z,ETHUSDT,2.418e-05,28800000
2024-10-03T08:00:00Z,ETHUSDT,4.124e-05,28800000
2024-10-03T16:00:00Z,ETHUSDT,4.621e-05,28800000
2024-10-04T00:00:00Z,ETHUSDT,5.138e-05,28800000
2024-10-04T08:00:00Z,ETHUSDT,3.739e-05,28800000
2024-10-04T16:00:00Z,ETHUSDT,3.9e-05,28800000
2024-10-05T00:00:00Z,ETHUSDT,0.0001,28800000
2024-10-05T08:00:00Z,ETHUSDT,7.909e-05,28800000
2024-10-05T16:00:00Z,ETHUSDT,5.458e-05,28800000
2024-10-06T00:00:00Z,ETHUSDT,9.056e-05,28800000
2024-10-06T08:00:00Z,ETHUSDT,5.234e-05,28800000
2024-10-06T16:00:00Z,ETHUSDT,3.309e-05,28800000
2024-10-07T00:00:00Z,ETHUSDT,3.36e-05,28800000
2024-10-07T08:00:00Z,ETHUSDT,9.258e-05,28800000
2024-10-07T16:00:00Z,ETHUSDT,2.612e-05,28800000
2024-10-08T00:00:00Z,ETHUSDT,6.592e-05,28800000
2024-10-08T08:00:00Z,ETHUSDT,0.0001,28800000
2024-10-08T16:00:00Z,ETHUSDT,8.377e-05,28800000
2024-10-09T00:00:00Z,ETHUSDT,0.0001,28800000
2024-10-09T08:00:00Z,ETHUSDT,3.64e-05,28800000
2024-10-09T16:00:00Z,ETHUSDT,0.0001,28800000
2024-10-10T00:00:00Z,ETHUSDT,6.663e-05,28800000
2024-10-10T08:00:00Z,ETHUSDT,0.0001,28800000
2024-10-10T16:00:00Z,ETHUSDT,0.0001,28800000
2024-10-11T00:00:00Z,ETHUSDT,0.0001,28800000
2024-10-11T08:00:00Z,ETHUSDT,9.474e-05,28800000
2024-10-11T16:00:00Z,ETHUSDT,5.977e-05,28800000
2024-10-12T00:00:00Z,ETHUSDT,4.445e-05,28800000
2024-10-12T08:00:00Z,ETHUSDT,0.0001,28800000
2024-10-12T16:00:00Z,ETHUSDT,7.35e-05,28800000
2024-10-13T00:00:00Z,ETHUSDT,7.928e-05,28800000
2024-10-13T08:00:00Z,ETHUSDT,3.958e-05,28800000
2024-10-13T16:00:00Z,ETHUSDT,1.763e-05,28800000
2024-10-14T00:00:00Z,ETHUSDT,6.559e-05,28800000
2024-10-14T08:00:00Z,ETHUSDT,0.0001,28800000
2024-10-14T16:00:00Z,ETHUSDT,0.0001,28800000
2024-10-15T00:00:00Z,ETHUSDT,0.0001,28800000
2024-10-15T08:00:00Z,ETHUSDT,0.0001,28800000
2024-10-15T16:00:00Z,ETHUSDT,0.0001,28800000
2024-10-16T00:00:00Z,ETHUSDT,0.0001,28800000
2024-10-16T08:00:00Z,ETHUSDT,0.0001,28800000
2024-10-16T16:00:00Z,ETHUSDT,0.0001,28800000
2024-10-17T00:00:00Z,ETHUSDT,0.0001,28800000
2024-10-17T08:00:00Z,ETHUSDT,0.0001,28800000
2024-10-17T16:00:00Z,ETHUSDT,0.0001,28800000
2024-10-18T00:00:00Z,ETHUSDT,0.0001,28800000
2024-10-18T08:00:00Z,ETHUSDT,0.0001,28800000
2024-10-18T16:00:00Z,ETHUSDT,0.0001,28800000
2024-10-19T00:00:00Z,ETHUSDT,0.0001,28800000
2024-10-19T08:00:00Z,ETHUSDT,0.0001,28800000
2024-10-19T16:00:00Z,ETHUSDT,0.0001,28800000
2024-10-20T00:00:00Z,ETHUSDT,0.0001,28800000
2024-10-20T08:00:00Z,ETHUSDT,0.0001,28800000
2024-10-20T16:00:00Z,ETHUSDT,0.0001,28800000
2024-10-21T00:00:00Z,ETHUSDT,0.0001,28800000
2024-10-21T08:00:00Z,ETHUSDT,0.0001,28800000
2024-10-21T16:00:00Z,ETHUSDT,0.0001,28800000
2024-10-22T00:00:00Z,ETHUSDT,0.0001,28800000
2024-10-22T08:00:00Z,ETHUSDT,0.0001,28800000
2024-10-22T16:00:00Z,ETHUSDT,0.0001,28800000
2024-10-23T00:00:00Z,ETHUSDT,0.0001,28800000
2024-10-23T08:00:00Z,ETHUSDT,0.0001,28800000
2024-10-23T16:00:00Z,ETHUSDT,0.0001,28800000
2024-10-24T00:00:00Z,ETHUSDT,0.0001,28800000
2024-10-24T08:00:00Z,ETHUSDT,0.0001,28800000
2024-10-24T16:00:00Z,ETHUSDT,0.0001,28800000
2024-10-25T00:00:00Z,ETHUSDT,0.0001,28800000
2024-10-25T08:00:00Z,ETHUSDT,0.0001,28800000
2024-10-25T16:00:00Z,ETHUSDT,0.0001,28800000
2024-10-26T00:00:00Z,ETHUSDT,0.0001,28800000
2024-10-26T08:00:00Z,ETHUSDT,0.0001,28800000
2024-10-26T16:00:00Z,ETHUSDT,0.0001,28800000
2024-10-27T00:00:00Z,ETHUSDT,0.0001,28800000
2024-10-27T08:00:00Z,ETHUSDT,0.0001,28800000
2024-10-27T16:00:00Z,ETHUSDT,0.0001,28800000
2024-10-28T00:00:00Z,ETHUSDT,0.0001,28800000
2024-10-28T08:00:00Z,ETHUSDT,0.0001,28800000
2024-10-28T16:00:00Z,ETHUSDT,0.0001,28800000
2024-10-29T00:00:00Z,ETHUSDT,0.0001,28800000
2024-10-29T08:00:00Z,ETHUSDT,0.0001,28800000
2024-10-29T16:00:00Z,ETHUSDT,0.0001,28800000
2024-10-30T00:00:00Z,ETHUSDT,0.0001,28800000
2024-10-30T08:00:00Z,ETHUSDT,0.0001,28800000
2024-10-30T16:00:00Z,ETHUSDT,0.0001,28800000
2024-10-31T00:00:00Z,ETHUSDT,0.0001,28800000
2024-10-31T08:00:00Z,ETHUSDT,0.0001,28800000
2024-10-31T16:00:00Z,ETHUSDT,0.0001,28800000
2024-11-01T00:00:00Z,ETHUSDT,0.0001,28800000
2024-11-01T08:00:00Z,ETHUSDT,0.0001,28800000
2024-11-01T16:00:00Z,ETHUSDT,0.0001,28800000
2024-11-02T00:00:00Z,ETHUSDT,0.0001,28800000
2024-11-02T08:00:00Z,ETHUSDT,0.0001,28800000
2024-11-02T16:00:00Z,ETHUSDT,0.0001,28800000
2024-11-03T00:00:00Z,ETHUSDT,0.0001,28800000
2024-11-03T08:00:00Z,ETHUSDT,0.0001,28800000
2024-11-03T16:00:00Z,ETHUSDT,0.0001,28800000
2024-11-04T00:00:00Z,ETHUSDT,0.0001,28800000
2024-11-04T08:00:00Z,ETHUSDT,0.0001,28800000
2024-11-04T16:00:00Z,ETHUSDT,0.0001,28800000
2024-11-05T00:00:00Z,ETHUSDT,0.0001,28800000
2024-11-05T08:00:00Z,ETHUSDT,0.0001,28800000
2024-11-05T16:00:00Z,ETHUSDT,0.0001,28800000
2024-11-06T00:00:00Z,ETHUSDT,9.511e-05,28800000
2024-11-06T08:00:00Z,ETHUSDT,0.0001,28800000
2024-11-06T16:00:00Z,ETHUSDT,0.0001,28800000
2024-11-07T00:00:00Z,ETHUSDT,0.0001,28800000
2024-11-07T08:00:00Z,ETHUSDT,0.00014885,28800000
2024-11-07T16:00:00Z,ETHUSDT,0.0001,28800000
2024-11-08T00:00:00Z,ETHUSDT,0.0001,28800000
2024-11-08T08:00:00Z,ETHUSDT,0.0001,28800000
2024-11-08T16:00:00Z,ETHUSDT,0.0001,28800000
2024-11-09T00:00:00Z,ETHUSDT,0.0001,28800000
2024-11-09T08:00:00Z,ETHUSDT,0.0001,28800000
2024-11-09T16:00:00Z,ETHUSDT,0.0001,28800000
2024-11-10T00:00:00Z,ETHUSDT,0.0001,28800000
2024-11-10T08:00:00Z,ETHUSDT,0.0001,28800000
2024-11-10T16:00:00Z,ETHUSDT,0.00026708,28800000
2024-11-11T00:00:00Z,ETHUSDT,0.00028976,28800000
2024-11-11T08:00:00Z,ETHUSDT,0.0001881,28800000
2024-11-11T16:00:00Z,ETHUSDT,0.00017298,28800000
2024-11-12T00:00:00Z,ETHUSDT,0.00017687,28800000
2024-11-12T08:00:00Z,ETHUSDT,0.0005762,28800000
2024-11-12T16:00:00Z,ETHUSDT,0.00046001,28800000
2024-11-13T00:00:00Z,ETHUSDT,0.00013607,28800000
2024-11-13T08:00:00Z,ETHUSDT,0.00033556,28800000
2024-11-13T16:00:00Z,ETHUSDT,0.00012894,28800000
2024-11-14T00:00:00Z,ETHUSDT,0.0001058,28800000
2024-11-14T08:00:00Z,ETHUSDT,0.0001,28800000
2024-11-14T16:00:00Z,ETHUSDT,0.0001,28800000
2024-11-15T00:00:00Z,ETHUSDT,0.00013133,28800000
2024-11-15T08:00:00Z,ETHUSDT,0.00013108,28800000
2024-11-15T16:00:00Z,ETHUSDT,0.0001,28800000
2024-11-16T00:00:00Z,ETHUSDT,0.00018215,28800000
2024-11-16T08:00:00Z,ETHUSDT,0.0001,28800000
2024-11-16T16:00:00Z,ETHUSDT,0.00011351,28800000
2024-11-17T00:00:00Z,ETHUSDT,0.0001,28800000
2024-11-17T08:00:00Z,ETHUSDT,0.0001,28800000
2024-11-17T16:00:00Z,ETHUSDT,0.00019685,28800000
2024-11-18T00:00:00Z,ETHUSDT,0.00019865,28800000
2024-11-18T08:00:00Z,ETHUSDT,0.00031651,28800000
2024-11-18T16:00:00Z,ETHUSDT,0.00019762,28800000
2024-11-19T00:00:00Z,ETHUSDT,0.00040458,28800000
2024-11-19T08:00:00Z,ETHUSDT,0.00021234,28800000
2024-11-19T16:00:00Z,ETHUSDT,0.00015353,28800000
2024-11-20T00:00:00Z,ETHUSDT,0.00017369,28800000
2024-11-20T08:00:00Z,ETHUSDT,0.00019505,28800000
2024-11-20T16:00:00Z,ETHUSDT,0.00013619,28800000
2024-11-21T00:00:00Z,ETHUSDT,0.0001,28800000
2024-11-21T08:00:00Z,ETHUSDT,0.0001,28800000
2024-11-21T16:00:00Z,ETHUSDT,0.00020146,28800000
2024-11-22T00:00:00Z,ETHUSDT,0.0003418,28800000
2024-11-22T08:00:00Z,ETHUSDT,0.00029201,28800000
2024-11-22T16:00:00Z,ETHUSDT,0.00022123,28800000
2024-11-23T00:00:00Z,ETHUSDT,0.00015103,28800000
2024-11-23T08:00:00Z,ETHUSDT,0.00032558,28800000
2024-11-23T16:00:00Z,ETHUSDT,0.00037006,28800000
2024-11-24T00:00:00Z,ETHUSDT,0.00027011,28800000
2024-11-24T08:00:00Z,ETHUSDT,0.00023721,28800000
2024-11-24T16:00:00Z,ETHUSDT,0.00027264,28800000
2024-11-25T00:00:00Z,ETHUSDT,0.00017259,28800000
2024-11-25T08:00:00Z,ETHUSDT,0.00023935,28800000
2024-11-25T16:00:00Z,ETHUSDT,0.00031797,28800000
2024-11-26T00:00:00Z,ETHUSDT,0.0002448,28800000
2024-11-26T08:00:00Z,ETHUSDT,0.0001227,28800000
2024-11-26T16:00:00Z,ETHUSDT,0.0001819,28800000
2024-11-27T00:00:00Z,ETHUSDT,0.00021068,28800000
2024-11-27T08:00:00Z,ETHUSDT,0.00020895,28800000
2024-11-27T16:00:00Z,ETHUSDT,0.00015706,28800000
2024-11-28T00:00:00Z,ETHUSDT,0.00015948,28800000
2024-11-28T08:00:00Z,ETHUSDT,0.0001647,28800000
2024-11-28T16:00:00Z,ETHUSDT,0.0001,28800000
2024-11-29T00:00:00Z,ETHUSDT,0.0001,28800000
2024-11-29T08:00:00Z,ETHUSDT,0.00015354,28800000
2024-11-29T16:00:00Z,ETHUSDT,0.0001,28800000
2024-11-30T00:00:00Z,ETHUSDT,0.00017097,28800000
2024-11-30T08:00:00Z,ETHUSDT,0.0002474,28800000
2024-11-30T16:00:00Z,ETHUSDT,0.00012425,28800000
2024-12-01T00:00:00Z,ETHUSDT,0.00011863,28800000
2024-12-01T08:00:00Z,ETHUSDT,0.00013737,28800000
2024-12-01T16:00:00Z,ETHUSDT,0.00015064,28800000
2024-12-02T00:00:00Z,ETHUSDT,0.00036131,28800000
2024-12-02T08:00:00Z,ETHUSDT,0.0002931,28800000
2024-12-02T16:00:00Z,ETHUSDT,0.00028383,28800000
2024-12-03T00:00:00Z,ETHUSDT,0.00026464,28800000
2024-12-03T08:00:00Z,ETHUSDT,0.00034689,28800000
2024-12-03T16:00:00Z,ETHUSDT,0.00014297,28800000
2024-12-04T00:00:00Z,ETHUSDT,0.00018732,28800000
2024-12-04T08:00:00Z,ETHUSDT,0.00015899,28800000
2024-12-04T16:00:00Z,ETHUSDT,0.00019842,28800000
2024-12-05T00:00:00Z,ETHUSDT,0.00023652,28800000
2024-12-05T08:00:00Z,ETHUSDT,0.00049482,28800000
2024-12-05T16:00:00Z,ETHUSDT,0.00031177,28800000
2024-12-06T00:00:00Z,ETHUSDT,0.00014294,28800000
2024-12-06T08:00:00Z,ETHUSDT,0.0002554,28800000
2024-12-06T16:00:00Z,ETHUSDT,0.0002635,28800000
2024-12-07T00:00:00Z,ETHUSDT,0.0003059,28800000
2024-12-07T08:00:00Z,ETHUSDT,0.00024299,28800000
2024-12-07T16:00:00Z,ETHUSDT,0.00023099,28800000
2024-12-08T00:00:00Z,ETHUSDT,0.00020864,28800000
2024-12-08T08:00:00Z,ETHUSDT,0.00023941,28800000
2024-12-08T16:00:00Z,ETHUSDT,0.00018574,28800000
2024-12-09T00:00:00Z,ETHUSDT,0.00020272,28800000
2024-12-09T08:00:00Z,ETHUSDT,0.0001,28800000
2024-12-09T16:00:00Z,ETHUSDT,0.00013421,28800000
2024-12-10T00:00:00Z,ETHUSDT,0.0001,28800000
2024-12-10T08:00:00Z,ETHUSDT,0.0001,28800000
2024-12-10T16:00:00Z,ETHUSDT,0.0001,28800000
2024-12-11T00:00:00Z,ETHUSDT,0.0001,28800000
2024-12-11T08:00:00Z,ETHUSDT,0.0001,28800000
2024-12-11T16:00:00Z,ETHUSDT,0.0001,28800000
2024-12-12T00:00:00Z,ETHUSDT,0.0001,28800000
2024-12-12T08:00:00Z,ETHUSDT,0.0001,28800000
2024-12-12T16:00:00Z,ETHUSDT,0.0001,28800000
2024-12-13T00:00:00Z,ETHUSDT,0.0001,28800000
2024-12-13T08:00:00Z,ETHUSDT,0.0001,28800000
2024-12-13T16:00:00Z,ETHUSDT,0.0001,28800000
2024-12-14T00:00:00Z,ETHUSDT,0.0001,28800000
2024-12-14T08:00:00Z,ETHUSDT,0.0001,28800000
2024-12-14T16:00:00Z,ETHUSDT,0.0001,28800000
2024-12-15T00:00:00Z,ETHUSDT,0.0001,28800000
2024-12-15T08:00:00Z,ETHUSDT,0.0001,28800000
2024-12-15T16:00:00Z,ETHUSDT,9.404e-05,28800000
2024-12-16T00:00:00Z,ETHUSDT,8.662e-05,28800000
2024-12-16T08:00:00Z,ETHUSDT,0.0001,28800000
2024-12-16T16:00:00Z,ETHUSDT,0.0001,28800000
2024-12-17T00:00:00Z,ETHUSDT,0.0001,28800000
2024-12-17T08:00:00Z,ETHUSDT,0.0001,28800000
2024-12-17T16:00:00Z,ETHUSDT,0.0001,28800000
2024-12-18T00:00:00Z,ETHUSDT,8.046e-05,28800000
2024-12-18T08:00:00Z,ETHUSDT,0.0001,28800000
2024-12-18T16:00:00Z,ETHUSDT,0.0001,28800000
2024-12-19T00:00:00Z,ETHUSDT,6.104e-05,28800000
2024-12-19T08:00:00Z,ETHUSDT,7.438e-05,28800000
2024-12-19T16:00:00Z,ETHUSDT,7.373e-05,28800000
2024-12-20T00:00:00Z,ETHUSDT,0.0001,28800000
2024-12-20T08:00:00Z,ETHUSDT,0.0001,28800000
2024-12-20T16:00:00Z,ETHUSDT,0.0001,28800000
2024-12-21T00:00:00Z,ETHUSDT,6.352e-05,28800000
2024-12-21T08:00:00Z,ETHUSDT,0.0001,28800000
2024-12-21T16:00:00Z,ETHUSDT,0.0001,28800000
2024-12-22T00:00:00Z,ETHUSDT,0.0001,28800000
2024-12-22T08:00:00Z,ETHUSDT,0.0001,28800000
2024-12-22T16:00:00Z,ETHUSDT,5.37e-05,28800000
2024-12-23T00:00:00Z,ETHUSDT,5.686e-05,28800000
2024-12-23T08:00:00Z,ETHUSDT,5.398e-05,28800000
2024-12-23T16:00:00Z,ETHUSDT,8.674e-05,28800000
2024-12-24T00:00:00Z,ETHUSDT,0.0001,28800000
2024-12-24T08:00:00Z,ETHUSDT,8.121e-05,28800000
2024-12-24T16:00:00Z,ETHUSDT,2.757e-05,28800000
2024-12-25T00:00:00Z,ETHUSDT,4.454e-05,28800000
2024-12-25T08:00:00Z,ETHUSDT,6.55e-05,28800000
2024-12-25T16:00:00Z,ETHUSDT,1.254e-05,28800000
2024-12-26T00:00:00Z,ETHUSDT,0.0001,28800000
2024-12-26T08:00:00Z,ETHUSDT,0.0001,28800000
2024-12-26T16:00:00Z,ETHUSDT,6.305e-05,28800000
2024-12-27T00:00:00Z,ETHUSDT,0.0001,28800000
2024-12-27T08:00:00Z,ETHUSDT,8.428e-05,28800000
2024-12-27T16:00:00Z,ETHUSDT,5.349e-05,28800000
2024-12-28T00:00:00Z,ETHUSDT,0.0001,28800000
2024-12-28T08:00:00Z,ETHUSDT,0.0001,28800000
2024-12-28T16:00:00Z,ETHUSDT,9.336e-05,28800000
2024-12-29T00:00:00Z,ETHUSDT,5.941e-05,28800000
2024-12-29T08:00:00Z,ETHUSDT,5.146e-05,28800000
2024-12-29T16:00:00Z,ETHUSDT,9.485e-05,28800000
2024-12-30T00:00:00Z,ETHUSDT,0.0001,28800000
2024-12-30T08:00:00Z,ETHUSDT,0.0001,28800000
2024-12-30T16:00:00Z,ETHUSDT,0.0001,28800000
2024-12-31T00:00:00Z,ETHUSDT,0.0001,28800000
2024-12-31T08:00:00Z,ETHUSDT,8.514e-05,28800000
2024-12-31T16:00:00Z,ETHUSDT,0.0001,28800000
2025-01-01T00:00:00Z,ETHUSDT,0.0001,28800000
2025-01-01T08:00:00Z,ETHUSDT,0.0001,28800000
2025-01-01T16:00:00Z,ETHUSDT,0.0001,28800000
2025-01-02T00:00:00Z,ETHUSDT,0.0001,28800000
2025-01-02T08:00:00Z,ETHUSDT,0.0001,28800000
2025-01-02T16:00:00Z,ETHUSDT,0.0001,28800000
2025-01-03T00:00:00Z,ETHUSDT,0.0001,28800000
2025-01-03T08:00:00Z,ETHUSDT,0.0001,28800000
2025-01-03T16:00:00Z,ETHUSDT,0.0001,28800000
2025-01-04T00:00:00Z,ETHUSDT,0.0001,28800000
2025-01-04T08:00:00Z,ETHUSDT,0.0001,28800000
2025-01-04T16:00:00Z,ETHUSDT,0.0001,28800000
2025-01-05T00:00:00Z,ETHUSDT,0.0001,28800000
2025-01-05T08:00:00Z,ETHUSDT,0.0001,28800000
2025-01-05T16:00:00Z,ETHUSDT,0.0001,28800000
2025-01-06T00:00:00Z,ETHUSDT,0.0001,28800000
2025-01-06T08:00:00Z,ETHUSDT,0.0001,28800000
2025-01-06T16:00:00Z,ETHUSDT,0.0001,28800000
2025-01-07T00:00:00Z,ETHUSDT,0.0001,28800000
2025-01-07T08:00:00Z,ETHUSDT,0.0001,28800000
2025-01-07T16:00:00Z,ETHUSDT,0.0001,28800000
2025-01-08T00:00:00Z,ETHUSDT,9.658e-05,28800000
2025-01-08T08:00:00Z,ETHUSDT,0.0001,28800000
2025-01-08T16:00:00Z,ETHUSDT,0.0001,28800000
2025-01-09T00:00:00Z,ETHUSDT,6.609e-05,28800000
2025-01-09T08:00:00Z,ETHUSDT,0.0001,28800000
2025-01-09T16:00:00Z,ETHUSDT,0.0001,28800000
2025-01-10T00:00:00Z,ETHUSDT,7.573e-05,28800000
2025-01-10T08:00:00Z,ETHUSDT,6.162e-05,28800000
2025-01-10T16:00:00Z,ETHUSDT,0.0001,28800000
2025-01-11T00:00:00Z,ETHUSDT,6.574e-05,28800000
2025-01-11T08:00:00Z,ETHUSDT,5.65e-05,28800000
2025-01-11T16:00:00Z,ETHUSDT,0.0001,28800000
2025-01-12T00:00:00Z,ETHUSDT,0.0001,28800000
2025-01-12T08:00:00Z,ETHUSDT,0.0001,28800000
2025-01-12T16:00:00Z,ETHUSDT,8.134e-05,28800000
2025-01-13T00:00:00Z,ETHUSDT,0.0001,28800000
2025-01-13T08:00:00Z,ETHUSDT,9.353e-05,28800000
2025-01-13T16:00:00Z,ETHUSDT,3.392e-05,28800000
2025-01-14T00:00:00Z,ETHUSDT,5.423e-05,28800000
2025-01-14T08:00:00Z,ETHUSDT,7.452e-05,28800000
2025-01-14T16:00:00Z,ETHUSDT,7.652e-05,28800000
2025-01-15T00:00:00Z,ETHUSDT,4.503e-05,28800000
2025-01-15T08:00:00Z,ETHUSDT,5.924e-05,28800000
2025-01-15T16:00:00Z,ETHUSDT,5.443e-05,28800000
2025-01-16T00:00:00Z,ETHUSDT,0.0001,28800000
2025-01-16T08:00:00Z,ETHUSDT,8.311e-05,28800000
2025-01-16T16:00:00Z,ETHUSDT,5.275e-05,28800000
2025-01-17T00:00:00Z,ETHUSDT,0.0001,28800000
2025-01-17T08:00:00Z,ETHUSDT,0.0001,28800000
2025-01-17T16:00:00Z,ETHUSDT,0.0001,28800000
2025-01-18T00:00:00Z,ETHUSDT,0.0001,28800000
2025-01-18T08:00:00Z,ETHUSDT,0.0001,28800000
2025-01-18T16:00:00Z,ETHUSDT,0.0001,28800000
2025-01-19T00:00:00Z,ETHUSDT,0.0001,28800000
2025-01-19T08:00:00Z,ETHUSDT,0.0001,28800000
2025-01-19T16:00:00Z,ETHUSDT,0.0001,28800000
2025-01-20T00:00:00Z,ETHUSDT,0.0001,28800000
2025-01-20T08:00:00Z,ETHUSDT,0.0001,28800000
2025-01-20T16:00:00Z,ETHUSDT,0.0001,28800000
2025-01-21T00:00:00Z,ETHUSDT,0.0001,28800000
2025-01-21T08:00:00Z,ETHUSDT,0.0001,28800000
2025-01-21T16:00:00Z,ETHUSDT,0.0001,28800000
2025-01-22T00:00:00Z,ETHUSDT,0.0001,28800000
2025-01-22T08:00:00Z,ETHUSDT,0.0001,28800000
2025-01-22T16:00:00Z,ETHUSDT,0.0001,28800000
2025-01-23T00:00:00Z,ETHUSDT,0.0001,28800000
2025-01-23T08:00:00Z,ETHUSDT,0.0001,28800000
2025-01-23T16:00:00Z,ETHUSDT,0.0001,28800000
2025-01-24T00:00:00Z,ETHUSDT,0.0001,28800000
2025-01-24T08:00:00Z,ETHUSDT,0.0001,28800000
2025-01-24T16:00:00Z,ETHUSDT,0.0001,28800000
2025-01-25T00:00:00Z,ETHUSDT,6.904e-05,28800000
2025-01-25T08:00:00Z,ETHUSDT,7.065e-05,28800000
2025-01-25T16:00:00Z,ETHUSDT,8.41e-05,28800000
2025-01-26T00:00:00Z,ETHUSDT,9.663e-05,28800000
2025-01-26T08:00:00Z,ETHUSDT,9.725e-05,28800000
2025-01-26T16:00:00Z,ETHUSDT,3.849e-05,28800000
2025-01-27T00:00:00Z,ETHUSDT,-2.76e-06,28800000
2025-01-27T08:00:00Z,ETHUSDT,3.922e-05,28800000
2025-01-27T16:00:00Z,ETHUSDT,3.069e-05,28800000
2025-01-28T00:00:00Z,ETHUSDT,0.0001,28800000
2025-01-28T08:00:00Z,ETHUSDT,4.046e-05,28800000
2025-01-28T16:00:00Z,ETHUSDT,5.904e-05,28800000
2025-01-29T00:00:00Z,ETHUSDT,0.0001,28800000
2025-01-29T08:00:00Z,ETHUSDT,6.567e-05,28800000
2025-01-29T16:00:00Z,ETHUSDT,8.686e-05,28800000
2025-01-30T00:00:00Z,ETHUSDT,2.287e-05,28800000
2025-01-30T08:00:00Z,ETHUSDT,0.0001,28800000
2025-01-30T16:00:00Z,ETHUSDT,7.055e-05,28800000
2025-01-31T00:00:00Z,ETHUSDT,9.386e-05,28800000
2025-01-31T08:00:00Z,ETHUSDT,7.998e-05,28800000
2025-01-31T16:00:00Z,ETHUSDT,0.0001,28800000
2025-02-01T00:00:00Z,ETHUSDT,8.432e-05,28800000
2025-02-01T08:00:00Z,ETHUSDT,9.742e-05,28800000
2025-02-01T16:00:00Z,ETHUSDT,3.573e-05,28800000
2025-02-02T00:00:00Z,ETHUSDT,7.609e-05,28800000
2025-02-02T08:00:00Z,ETHUSDT,0.0001,28800000
2025-02-02T16:00:00Z,ETHUSDT,2.6e-05,28800000
2025-02-03T00:00:00Z,ETHUSDT,3.237e-05,28800000
2025-02-03T08:00:00Z,ETHUSDT,-0.00016657,28800000
2025-02-03T16:00:00Z,ETHUSDT,-0.00025121,28800000
2025-02-04T00:00:00Z,ETHUSDT,-0.00010653,28800000
2025-02-04T08:00:00Z,ETHUSDT,1.07e-05,28800000
2025-02-04T16:00:00Z,ETHUSDT,-8.177e-05,28800000
2025-02-05T00:00:00Z,ETHUSDT,-8.329e-05,28800000
2025-02-05T08:00:00Z,ETHUSDT,5.754e-05,28800000
2025-02-05T16:00:00Z,ETHUSDT,-2.404e-05,28800000
2025-02-06T00:00:00Z,ETHUSDT,4.939e-05,28800000
2025-02-06T08:00:00Z,ETHUSDT,-5.35e-06,28800000
2025-02-06T16:00:00Z,ETHUSDT,-7.747e-05,28800000
2025-02-07T00:00:00Z,ETHUSDT,2.439e-05,28800000
2025-02-07T08:00:00Z,ETHUSDT,2.905e-05,28800000
2025-02-07T16:00:00Z,ETHUSDT,-1.197e-05,28800000
2025-02-08T00:00:00Z,ETHUSDT,-1.894e-05,28800000
2025-02-08T08:00:00Z,ETHUSDT,9.532e-05,28800000
2025-02-08T16:00:00Z,ETHUSDT,6.93e-05,28800000
2025-02-09T00:00:00Z,ETHUSDT,-3.64e-06,28800000
2025-02-09T08:00:00Z,ETHUSDT,5.479e-05,28800000
2025-02-09T16:00:00Z,ETHUSDT,5.02e-05,28800000
2025-02-10T00:00:00Z,ETHUSDT,9.11e-06,28800000
2025-02-10T08:00:00Z,ETHUSDT,7.074e-05,28800000
2025-02-10T16:00:00Z,ETHUSDT,5.396e-05,28800000
2025-02-11T00:00:00Z,ETHUSDT,-5.72e-06,28800000
2025-02-11T08:00:00Z,ETHUSDT,4.26e-05,28800000
2025-02-11T16:00:00Z,ETHUSDT,-1.236e-05,28800000
2025-02-12T00:00:00Z,ETHUSDT,6.151e-05,28800000
2025-02-12T08:00:00Z,ETHUSDT,3.35e-05,28800000
2025-02-12T16:00:00Z,ETHUSDT,8.407e-05,28800000
2025-02-13T00:00:00Z,ETHUSDT,9.54e-05,28800000
2025-02-13T08:00:00Z,ETHUSDT,0.0001,28800000
2025-02-13T16:00:00Z,ETHUSDT,1.027e-05,28800000
2025-02-14T00:00:00Z,ETHUSDT,2.39e-06,28800000
2025-02-14T08:00:00Z,ETHUSDT,8.242e-05,28800000
2025-02-14T16:00:00Z,ETHUSDT,7.834e-05,28800000
2025-02-15T00:00:00Z,ETHUSDT,4.385e-05,28800000
2025-02-15T08:00:00Z,ETHUSDT,3.822e-05,28800000
2025-02-15T16:00:00Z,ETHUSDT,8.44e-06,28800000
2025-02-16T00:00:00Z,ETHUSDT,3.859e-05,28800000
2025-02-16T08:00:00Z,ETHUSDT,5.945e-05,28800000
2025-02-16T16:00:00Z,ETHUSDT,3.775e-05,28800000
2025-02-17T00:00:00Z,ETHUSDT,3.649e-05,28800000
2025-02-17T08:00:00Z,ETHUSDT,5.61e-05,28800000
2025-02-17T16:00:00Z,ETHUSDT,0.0001,28800000
2025-02-18T00:00:00Z,ETHUSDT,4.742e-05,28800000
2025-02-18T08:00:00Z,ETHUSDT,-1.595e-05,28800000
2025-02-18T16:00:00Z,ETHUSDT,5.441e-05,28800000
2025-02-19T00:00:00Z,ETHUSDT,4.964e-05,28800000
2025-02-19T08:00:00Z,ETHUSDT,7.273e-05,28800000
2025-02-19T16:00:00Z,ETHUSDT,3.185e-05,28800000
2025-02-20T00:00:00Z,ETHUSDT,-2.07e-06,28800000
2025-02-20T08:00:00Z,ETHUSDT,5.629e-05,28800000
2025-02-20T16:00:00Z,ETHUSDT,6.405e-05,28800000
2025-02-21T00:00:00Z,ETHUSDT,3.574e-05,28800000
2025-02-21T08:00:00Z,ETHUSDT,6.624e-05,28800000
2025-02-21T16:00:00Z,ETHUSDT,4.228e-05,28800000
2025-02-22T00:00:00Z,ETHUSDT,3.254e-05,28800000
2025-02-22T08:00:00Z,ETHUSDT,-1.427e-05,28800000
2025-02-22T16:00:00Z,ETHUSDT,3.41e-05,28800000
2025-02-23T00:00:00Z,ETHUSDT,9.726e-05,28800000
2025-02-23T08:00:00Z,ETHUSDT,3.796e-05,28800000
2025-02-23T16:00:00Z,ETHUSDT,2.13e-06,28800000
2025-02-24T00:00:00Z,ETHUSDT,7.127e-05,28800000
2025-02-24T08:00:00Z,ETHUSDT,9.24e-06,28800000
2025-02-24T16:00:00Z,ETHUSDT,3.082e-05,28800000
2025-02-25T00:00:00Z,ETHUSDT,-3.589e-05,28800000
2025-02-25T08:00:00Z,ETHUSDT,4.71e-06,28800000
2025-02-25T16:00:00Z,ETHUSDT,2.913e-05,28800000
2025-02-26T00:00:00Z,ETHUSDT,1.86e-05,28800000
2025-02-26T08:00:00Z,ETHUSDT,6.103e-05,28800000
2025-02-26T16:00:00Z,ETHUSDT,3.433e-05,28800000
2025-02-27T00:00:00Z,ETHUSDT,8.515e-05,28800000
2025-02-27T08:00:00Z,ETHUSDT,0.0001,28800000
2025-02-27T16:00:00Z,ETHUSDT,5.027e-05,28800000
2025-02-28T00:00:00Z,ETHUSDT,4.097e-05,28800000
2025-02-28T08:00:00Z,ETHUSDT,1.219e-05,28800000
2025-02-28T16:00:00Z,ETHUSDT,1.248e-05,28800000
2025-03-01T00:00:00Z,ETHUSDT,4.855e-05,28800000
2025-03-01T08:00:00Z,ETHUSDT,-1.061e-05,28800000
2025-03-01T16:00:00Z,ETHUSDT,-9.31e-06,28800000
2025-03-02T00:00:00Z,ETHUSDT,3.173e-05,28800000
2025-03-02T08:00:00Z,ETHUSDT,6.221e-05,28800000
2025-03-02T16:00:00Z,ETHUSDT,6.102e-05,28800000
2025-03-03T00:00:00Z,ETHUSDT,-7.88e-06,28800000
2025-03-03T08:00:00Z,ETHUSDT,3.061e-05,28800000
2025-03-03T16:00:00Z,ETHUSDT,6.25e-06,28800000
2025-03-04T00:00:00Z,ETHUSDT,-4.308e-05,28800000
2025-03-04T08:00:00Z,ETHUSDT,-3.762e-05,28800000
2025-03-04T16:00:00Z,ETHUSDT,2.04e-06,28800000
2025-03-05T00:00:00Z,ETHUSDT,6.417e-05,28800000
2025-03-05T08:00:00Z,ETHUSDT,7.146e-05,28800000
2025-03-05T16:00:00Z,ETHUSDT,2.539e-05,28800000
2025-03-06T00:00:00Z,ETHUSDT,-1.037e-05,28800000
2025-03-06T08:00:00Z,ETHUSDT,1.125e-05,28800000
2025-03-06T16:00:00Z,ETHUSDT,2.685e-05,28800000
2025-03-07T00:00:00Z,ETHUSDT,-2.474e-05,28800000
2025-03-07T08:00:00Z,ETHUSDT,2.874e-05,28800000
2025-03-07T16:00:00Z,ETHUSDT,5.628e-05,28800000
2025-03-08T00:00:00Z,ETHUSDT,3.124e-05,28800000
2025-03-08T08:00:00Z,ETHUSDT,3.76e-05,28800000
2025-03-08T16:00:00Z,ETHUSDT,6.837e-05,28800000
2025-03-09T00:00:00Z,ETHUSDT,6.871e-05,28800000
2025-03-09T08:00:00Z,ETHUSDT,3.637e-05,28800000
2025-03-09T16:00:00Z,ETHUSDT,-1.3e-07,28800000
2025-03-10T00:00:00Z,ETHUSDT,-4.249e-05,28800000
2025-03-10T08:00:00Z,ETHUSDT,2.575e-05,28800000
2025-03-10T16:00:00Z,ETHUSDT,3.433e-05,28800000
2025-03-11T00:00:00Z,ETHUSDT,-4.045e-05,28800000
2025-03-11T08:00:00Z,ETHUSDT,2.173e-05,28800000
2025-03-11T16:00:00Z,ETHUSDT,7.553e-05,28800000
2025-03-12T00:00:00Z,ETHUSDT,1.672e-05,28800000
2025-03-12T08:00:00Z,ETHUSDT,1.107e-05,28800000
2025-03-12T16:00:00Z,ETHUSDT,-3.413e-05,28800000
2025-03-13T00:00:00Z,ETHUSDT,2.931e-05,28800000
2025-03-13T08:00:00Z,ETHUSDT,-5e-08,28800000
2025-03-13T16:00:00Z,ETHUSDT,4.218e-05,28800000
2025-03-14T00:00:00Z,ETHUSDT,2.744e-05,28800000
2025-03-14T08:00:00Z,ETHUSDT,7.681e-05,28800000
2025-03-14T16:00:00Z,ETHUSDT,5.537e-05,28800000
2025-03-15T00:00:00Z,ETHUSDT,2.924e-05,28800000
2025-03-15T08:00:00Z,ETHUSDT,5.445e-05,28800000
2025-03-15T16:00:00Z,ETHUSDT,1.25e-05,28800000
2025-03-16T00:00:00Z,ETHUSDT,-3.041e-05,28800000
2025-03-16T08:00:00Z,ETHUSDT,-2.357e-05,28800000
2025-03-16T16:00:00Z,ETHUSDT,-2.967e-05,28800000
2025-03-17T00:00:00Z,ETHUSDT,2.057e-05,28800000
2025-03-17T08:00:00Z,ETHUSDT,5.669e-05,28800000
2025-03-17T16:00:00Z,ETHUSDT,3.697e-05,28800000
2025-03-18T00:00:00Z,ETHUSDT,5.319e-05,28800000
2025-03-18T08:00:00Z,ETHUSDT,4.099e-05,28800000
2025-03-18T16:00:00Z,ETHUSDT,1.465e-05,28800000
2025-03-19T00:00:00Z,ETHUSDT,5.983e-05,28800000
2025-03-19T08:00:00Z,ETHUSDT,8.986e-05,28800000
2025-03-19T16:00:00Z,ETHUSDT,6.676e-05,28800000
2025-03-20T00:00:00Z,ETHUSDT,-1.704e-05,28800000
2025-03-20T08:00:00Z,ETHUSDT,1.553e-05,28800000
2025-03-20T16:00:00Z,ETHUSDT,-8.57e-06,28800000
2025-03-21T00:00:00Z,ETHUSDT,5.235e-05,28800000
2025-03-21T08:00:00Z,ETHUSDT,6.749e-05,28800000
2025-03-21T16:00:00Z,ETHUSDT,2.613e-05,28800000
2025-03-22T00:00:00Z,ETHUSDT,-1.402e-05,28800000
2025-03-22T08:00:00Z,ETHUSDT,-2.617e-05,28800000
2025-03-22T16:00:00Z,ETHUSDT,2.587e-05,28800000
2025-03-23T00:00:00Z,ETHUSDT,1.553e-05,28800000
2025-03-23T08:00:00Z,ETHUSDT,6.053e-05,28800000
2025-03-23T16:00:00Z,ETHUSDT,-3.36e-06,28800000
2025-03-24T00:00:00Z,ETHUSDT,-1.29e-05,28800000
2025-03-24T08:00:00Z,ETHUSDT,9.456e-05,28800000
2025-03-24T16:00:00Z,ETHUSDT,3.069e-05,28800000
2025-03-25T00:00:00Z,ETHUSDT,6.736e-05,28800000
2025-03-25T08:00:00Z,ETHUSDT,1.456e-05,28800000
2025-03-25T16:00:00Z,ETHUSDT,-4.75e-06,28800000
2025-03-26T00:00:00Z,ETHUSDT,2.976e-05,28800000
2025-03-26T08:00:00Z,ETHUSDT,1.074e-05,28800000
2025-03-26T16:00:00Z,ETHUSDT,-2.235e-05,28800000
2025-03-27T00:00:00Z,ETHUSDT,4.542e-05,28800000
2025-03-27T08:00:00Z,ETHUSDT,7.427e-05,28800000
2025-03-27T16:00:00Z,ETHUSDT,3.127e-05,28800000
2025-03-28T00:00:00Z,ETHUSDT,6.551e-05,28800000
2025-03-28T08:00:00Z,ETHUSDT,-2.896e-05,28800000
2025-03-28T16:00:00Z,ETHUSDT,-1.109e-05,28800000
2025-03-29T00:00:00Z,ETHUSDT,3.56e-06,28800000
2025-03-29T08:00:00Z,ETHUSDT,4.498e-05,28800000
2025-03-29T16:00:00Z,ETHUSDT,3.469e-05,28800000
2025-03-30T00:00:00Z,ETHUSDT,-1.072e-05,28800000
2025-03-30T08:00:00Z,ETHUSDT,-1.999e-05,28800000
2025-03-30T16:00:00Z,ETHUSDT,1.191e-05,28800000
2025-03-31T00:00:00Z,ETHUSDT,-3.26e-06,28800000
2025-03-31T08:00:00Z,ETHUSDT,2.663e-05,28800000
2025-03-31T16:00:00Z,ETHUSDT,2.009e-05,28800000
2025-04-01T00:00:00Z,ETHUSDT,-6.52e-06,28800000
2025-04-01T08:00:00Z,ETHUSDT,2.877e-05,28800000
2025-04-01T16:00:00Z,ETHUSDT,3.314e-05,28800000
2025-04-02T00:00:00Z,ETHUSDT,3.676e-05,28800000
2025-04-02T08:00:00Z,ETHUSDT,-4.5e-07,28800000
2025-04-02T16:00:00Z,ETHUSDT,4.262e-05,28800000
2025-04-03T00:00:00Z,ETHUSDT,-6.39e-06,28800000
2025-04-03T08:00:00Z,ETHUSDT,6.39e-05,28800000
2025-04-03T16:00:00Z,ETHUSDT,-6.15e-06,28800000
2025-04-04T00:00:00Z,ETHUSDT,6.701e-05,28800000
2025-04-04T08:00:00Z,ETHUSDT,-2.093e-05,28800000
2025-04-04T16:00:00Z,ETHUSDT,3.78e-05,28800000
2025-04-05T00:00:00Z,ETHUSDT,2.181e-05,28800000
2025-04-05T08:00:00Z,ETHUSDT,5.939e-05,28800000
2025-04-05T16:00:00Z,ETHUSDT,-7.82e-06,28800000
2025-04-06T00:00:00Z,ETHUSDT,2.389e-05,28800000
2025-04-06T08:00:00Z,ETHUSDT,5.41e-05,28800000
2025-04-06T16:00:00Z,ETHUSDT,-2.372e-05,28800000
2025-04-07T00:00:00Z,ETHUSDT,-3.784e-05,28800000
2025-04-07T08:00:00Z,ETHUSDT,-9.65e-06,28800000
2025-04-07T16:00:00Z,ETHUSDT,-3.451e-05,28800000
2025-04-08T00:00:00Z,ETHUSDT,-4.38e-06,28800000
2025-04-08T08:00:00Z,ETHUSDT,1.155e-05,28800000
2025-04-08T16:00:00Z,ETHUSDT,-1.429e-05,28800000
2025-04-09T00:00:00Z,ETHUSDT,-4.82e-05,28800000
2025-04-09T08:00:00Z,ETHUSDT,-6.596e-05,28800000
2025-04-09T16:00:00Z,ETHUSDT,1.591e-05,28800000
2025-04-10T00:00:00Z,ETHUSDT,0.0001,28800000
2025-04-10T08:00:00Z,ETHUSDT,3.042e-05,28800000
2025-04-10T16:00:00Z,ETHUSDT,-7.8e-07,28800000
2025-04-11T00:00:00Z,ETHUSDT,-9.18e-06,28800000
2025-04-11T08:00:00Z,ETHUSDT,-5.857e-05,28800000
2025-04-11T16:00:00Z,ETHUSDT,-4.61e-06,28800000
2025-04-12T00:00:00Z,ETHUSDT,2.511e-05,28800000
2025-04-12T08:00:00Z,ETHUSDT,-6e-06,28800000
2025-04-12T16:00:00Z,ETHUSDT,2.416e-05,28800000
2025-04-13T00:00:00Z,ETHUSDT,7.676e-05,28800000
2025-04-13T08:00:00Z,ETHUSDT,5.203e-05,28800000
2025-04-13T16:00:00Z,ETHUSDT,5.299e-05,28800000
2025-04-14T00:00:00Z,ETHUSDT,7.387e-05,28800000
2025-04-14T08:00:00Z,ETHUSDT,5.913e-05,28800000
2025-04-14T16:00:00Z,ETHUSDT,5.384e-05,28800000
2025-04-15T00:00:00Z,ETHUSDT,2.56e-05,28800000
2025-04-15T08:00:00Z,ETHUSDT,1.812e-05,28800000
2025-04-15T16:00:00Z,ETHUSDT,3.35e-06,28800000
2025-04-16T00:00:00Z,ETHUSDT,4.294e-05,28800000
2025-04-16T08:00:00Z,ETHUSDT,-2.96e-05,28800000
2025-04-16T16:00:00Z,ETHUSDT,-2.514e-05,28800000
2025-04-17T00:00:00Z,ETHUSDT,4.479e-05,28800000
2025-04-17T08:00:00Z,ETHUSDT,5.184e-05,28800000
2025-04-17T16:00:00Z,ETHUSDT,-1.791e-05,28800000
2025-04-18T00:00:00Z,ETHUSDT,-3.125e-05,28800000
2025-04-18T08:00:00Z,ETHUSDT,2.747e-05,28800000
2025-04-18T16:00:00Z,ETHUSDT,-1.492e-05,28800000
2025-04-19T00:00:00Z,ETHUSDT,-2.388e-05,28800000
2025-04-19T08:00:00Z,ETHUSDT,8.846e-05,28800000
2025-04-19T16:00:00Z,ETHUSDT,7.189e-05,28800000
2025-04-20T00:00:00Z,ETHUSDT,5.765e-05,28800000
2025-04-20T08:00:00Z,ETHUSDT,7.724e-05,28800000
2025-04-20T16:00:00Z,ETHUSDT,-5.358e-05,28800000
2025-04-21T00:00:00Z,ETHUSDT,-1.24e-06,28800000
2025-04-21T08:00:00Z,ETHUSDT,0.0001,28800000
2025-04-21T16:00:00Z,ETHUSDT,8.017e-05,28800000
2025-04-22T00:00:00Z,ETHUSDT,-3.6e-05,28800000
2025-04-22T08:00:00Z,ETHUSDT,2.2e-07,28800000
2025-04-22T16:00:00Z,ETHUSDT,8.105e-05,28800000
2025-04-23T00:00:00Z,ETHUSDT,6.679e-05,28800000
2025-04-23T08:00:00Z,ETHUSDT,9.616e-05,28800000
2025-04-23T16:00:00Z,ETHUSDT,0.0001,28800000
2025-04-24T00:00:00Z,ETHUSDT,0.0001,28800000
2025-04-24T08:00:00Z,ETHUSDT,7.229e-05,28800000
2025-04-24T16:00:00Z,ETHUSDT,6.2e-06,28800000
2025-04-25T00:00:00Z,ETHUSDT,5.922e-05,28800000
2025-04-25T08:00:00Z,ETHUSDT,7.829e-05,28800000
2025-04-25T16:00:00Z,ETHUSDT,-9.65e-06,28800000
2025-04-26T00:00:00Z,ETHUSDT,8.3e-06,28800000
2025-04-26T08:00:00Z,ETHUSDT,-2.999e-05,28800000
2025-04-26T16:00:00Z,ETHUSDT,7.28e-06,28800000
2025-04-27T00:00:00Z,ETHUSDT,5.635e-05,28800000
2025-04-27T08:00:00Z,ETHUSDT,-6.737e-05,28800000
2025-04-27T16:00:00Z,ETHUSDT,-3.852e-05,28800000
2025-04-28T00:00:00Z,ETHUSDT,1.32e-06,28800000
2025-04-28T08:00:00Z,ETHUSDT,-4.703e-05,28800000
2025-04-28T16:00:00Z,ETHUSDT,-8.681e-05,28800000
2025-04-29T00:00:00Z,ETHUSDT,8.281e-05,28800000
2025-04-29T08:00:00Z,ETHUSDT,5.79e-05,28800000
2025-04-29T16:00:00Z,ETHUSDT,-1.396e-05,28800000
2025-04-30T00:00:00Z,ETHUSDT,-7.371e-05,28800000
2025-04-30T08:00:00Z,ETHUSDT,9.04e-06,28800000
2025-04-30T16:00:00Z,ETHUSDT,-6.069e-05,28800000
2025-05-01T00:00:00Z,ETHUSDT,5.43e-05,28800000
2025-05-01T08:00:00Z,ETHUSDT,4.5e-05,28800000
2025-05-01T16:00:00Z,ETHUSDT,7.23e-06,28800000
2025-05-02T00:00:00Z,ETHUSDT,-5.91e-06,28800000
2025-05-02T08:00:00Z,ETHUSDT,-5.797e-05,28800000
2025-05-02T16:00:00Z,ETHUSDT,-5.88e-06,28800000
2025-05-03T00:00:00Z,ETHUSDT,4.901e-05,28800000
2025-05-03T08:00:00Z,ETHUSDT,1.565e-05,28800000
2025-05-03T16:00:00Z,ETHUSDT,2.092e-05,28800000
2025-05-04T00:00:00Z,ETHUSDT,6.708e-05,28800000
2025-05-04T08:00:00Z,ETHUSDT,3.289e-05,28800000
2025-05-04T16:00:00Z,ETHUSDT,-2.67e-05,28800000
2025-05-05T00:00:00Z,ETHUSDT,1.81e-06,28800000
2025-05-05T08:00:00Z,ETHUSDT,1.998e-05,28800000
2025-05-05T16:00:00Z,ETHUSDT,1.194e-05,28800000
2025-05-06T00:00:00Z,ETHUSDT,6.899e-05,28800000
2025-05-06T08:00:00Z,ETHUSDT,-1.836e-05,28800000
2025-05-06T16:00:00Z,ETHUSDT,-3.589e-05,28800000
2025-05-07T00:00:00Z,ETHUSDT,3.273e-05,28800000
2025-05-07T08:00:00Z,ETHUSDT,8.548e-05,28800000
2025-05-07T16:00:00Z,ETHUSDT,-6.48e-06,28800000
2025-05-08T00:00:00Z,ETHUSDT,4.564e-05,28800000
2025-05-08T08:00:00Z,ETHUSDT,0.0001,28800000
2025-05-08T16:00:00Z,ETHUSDT,8.717e-05,28800000
2025-05-09T00:00:00Z,ETHUSDT,0.0001,28800000
2025-05-09T08:00:00Z,ETHUSDT,0.0001,28800000
2025-05-09T16:00:00Z,ETHUSDT,0.0001,28800000
2025-05-10T00:00:00Z,ETHUSDT,0.0001,28800000
2025-05-10T08:00:00Z,ETHUSDT,9.797e-05,28800000
2025-05-10T16:00:00Z,ETHUSDT,9.016e-05,28800000
2025-05-11T00:00:00Z,ETHUSDT,0.0001,28800000
2025-05-11T08:00:00Z,ETHUSDT,7.363e-05,28800000
2025-05-11T16:00:00Z,ETHUSDT,2.438e-05,28800000
2025-05-12T00:00:00Z,ETHUSDT,7.088e-05,28800000
2025-05-12T08:00:00Z,ETHUSDT,0.0001,28800000
2025-05-12T16:00:00Z,ETHUSDT,5.717e-05,28800000
2025-05-13T00:00:00Z,ETHUSDT,6.233e-05,28800000
2025-05-13T08:00:00Z,ETHUSDT,0.0001,28800000
2025-05-13T16:00:00Z,ETHUSDT,0.0001,28800000
2025-05-14T00:00:00Z,ETHUSDT,0.0001,28800000
2025-05-14T08:00:00Z,ETHUSDT,5.48e-05,28800000
2025-05-14T16:00:00Z,ETHUSDT,4.737e-05,28800000
2025-05-15T00:00:00Z,ETHUSDT,0.0001,28800000
2025-05-15T08:00:00Z,ETHUSDT,0.0001,28800000
2025-05-15T16:00:00Z,ETHUSDT,5.698e-05,28800000
2025-05-16T00:00:00Z,ETHUSDT,6.801e-05,28800000
2025-05-16T08:00:00Z,ETHUSDT,0.0001,28800000
2025-05-16T16:00:00Z,ETHUSDT,7.202e-05,28800000
2025-05-17T00:00:00Z,ETHUSDT,2.543e-05,28800000
2025-05-17T08:00:00Z,ETHUSDT,-1.883e-05,28800000
2025-05-17T16:00:00Z,ETHUSDT,2.339e-05,28800000
2025-05-18T00:00:00Z,ETHUSDT,5.366e-05,28800000
2025-05-18T08:00:00Z,ETHUSDT,4.909e-05,28800000
2025-05-18T16:00:00Z,ETHUSDT,1.3e-06,28800000
2025-05-19T00:00:00Z,ETHUSDT,-4.925e-05,28800000
2025-05-19T08:00:00Z,ETHUSDT,6.531e-05,28800000
2025-05-19T16:00:00Z,ETHUSDT,9.181e-05,28800000
2025-05-20T00:00:00Z,ETHUSDT,8.013e-05,28800000
2025-05-20T08:00:00Z,ETHUSDT,6.807e-05,28800000
2025-05-20T16:00:00Z,ETHUSDT,1.174e-05,28800000
2025-05-21T00:00:00Z,ETHUSDT,3.663e-05,28800000
2025-05-21T08:00:00Z,ETHUSDT,9.338e-05,28800000
2025-05-21T16:00:00Z,ETHUSDT,6.47e-06,28800000
2025-05-22T00:00:00Z,ETHUSDT,1.141e-05,28800000
2025-05-22T08:00:00Z,ETHUSDT,0.0001,28800000
2025-05-22T16:00:00Z,ETHUSDT,0.0001,28800000
2025-05-23T00:00:00Z,ETHUSDT,0.0001,28800000
2025-05-23T08:00:00Z,ETHUSDT,0.0001,28800000
2025-05-23T16:00:00Z,ETHUSDT,-7.26e-06,28800000
2025-05-24T00:00:00Z,ETHUSDT,0.0001,28800000
2025-05-24T08:00:00Z,ETHUSDT,4.033e-05,28800000
2025-05-24T16:00:00Z,ETHUSDT,2.114e-05,28800000
2025-05-25T00:00:00Z,ETHUSDT,6.041e-05,28800000
2025-05-25T08:00:00Z,ETHUSDT,3.75e-05,28800000
2025-05-25T16:00:00Z,ETHUSDT,8.487e-05,28800000
2025-05-26T00:00:00Z,ETHUSDT,3.85e-06,28800000
2025-05-26T08:00:00Z,ETHUSDT,8.047e-05,28800000
2025-05-26T16:00:00Z,ETHUSDT,4.711e-05,28800000
2025-05-27T00:00:00Z,ETHUSDT,4.026e-05,28800000
2025-05-27T08:00:00Z,ETHUSDT,0.0001,28800000
2025-05-27T16:00:00Z,ETHUSDT,0.0001,28800000
2025-05-28T00:00:00Z,ETHUSDT,0.0001,28800000
2025-05-28T08:00:00Z,ETHUSDT,0.0001,28800000
2025-05-28T16:00:00Z,ETHUSDT,0.0001,28800000
2025-05-29T00:00:00Z,ETHUSDT,0.0001,28800000
2025-05-29T08:00:00Z,ETHUSDT,0.0001,28800000
2025-05-29T16:00:00Z,ETHUSDT,8.321e-05,28800000
2025-05-30T00:00:00Z,ETHUSDT,7.477e-05,28800000
2025-05-30T08:00:00Z,ETHUSDT,0.0001,28800000
2025-05-30T16:00:00Z,ETHUSDT,5.699e-05,28800000
2025-05-31T00:00:00Z,ETHUSDT,3.389e-05,28800000
2025-05-31T08:00:00Z,ETHUSDT,8.054e-05,28800000
2025-05-31T16:00:00Z,ETHUSDT,2.739e-05,28800000
2025-06-01T00:00:00Z,ETHUSDT,7.52e-05,28800000
2025-06-01T08:00:00Z,ETHUSDT,3.946e-05,28800000
2025-06-01T16:00:00Z,ETHUSDT,3.37e-05,28800000
2025-06-02T00:00:00Z,ETHUSDT,1.586e-05,28800000
2025-06-02T08:00:00Z,ETHUSDT,5.378e-05,28800000
2025-06-02T16:00:00Z,ETHUSDT,8.588e-05,28800000
2025-06-03T00:00:00Z,ETHUSDT,3.263e-05,28800000
2025-06-03T08:00:00Z,ETHUSDT,6.067e-05,28800000
2025-06-03T16:00:00Z,ETHUSDT,5.397e-05,28800000
2025-06-04T00:00:00Z,ETHUSDT,4.39e-05,28800000
2025-06-04T08:00:00Z,ETHUSDT,7.623e-05,28800000
2025-06-04T16:00:00Z,ETHUSDT,7.897e-05,28800000
2025-06-05T00:00:00Z,ETHUSDT,2.359e-05,28800000
2025-06-05T08:00:00Z,ETHUSDT,8.508e-05,28800000
2025-06-05T16:00:00Z,ETHUSDT,6.396e-05,28800000
2025-06-06T00:00:00Z,ETHUSDT,-1.147e-05,28800000
2025-06-06T08:00:00Z,ETHUSDT,2.643e-05,28800000
2025-06-06T16:00:00Z,ETHUSDT,2.684e-05,28800000
2025-06-07T00:00:00Z,ETHUSDT,8.699e-05,28800000
2025-06-07T08:00:00Z,ETHUSDT,5.456e-05,28800000
2025-06-07T16:00:00Z,ETHUSDT,6.753e-05,28800000
2025-06-08T00:00:00Z,ETHUSDT,0.0001,28800000
2025-06-08T08:00:00Z,ETHUSDT,9.522e-05,28800000
2025-06-08T16:00:00Z,ETHUSDT,4.695e-05,28800000
2025-06-09T00:00:00Z,ETHUSDT,2.206e-05,28800000
2025-06-09T08:00:00Z,ETHUSDT,1.95e-05,28800000
2025-06-09T16:00:00Z,ETHUSDT,8.643e-05,28800000
2025-06-10T00:00:00Z,ETHUSDT,0.0001,28800000
2025-06-10T08:00:00Z,ETHUSDT,0.0001,28800000
2025-06-10T16:00:00Z,ETHUSDT,0.0001,28800000
2025-06-11T00:00:00Z,ETHUSDT,0.0001,28800000
2025-06-11T08:00:00Z,ETHUSDT,0.0001,28800000
2025-06-11T16:00:00Z,ETHUSDT,0.0001,28800000
2025-06-12T00:00:00Z,ETHUSDT,6.036e-05,28800000
2025-06-12T08:00:00Z,ETHUSDT,0.0001,28800000
2025-06-12T16:00:00Z,ETHUSDT,5.333e-05,28800000
2025-06-13T00:00:00Z,ETHUSDT,-1.372e-05,28800000
2025-06-13T08:00:00Z,ETHUSDT,-1.069e-05,28800000
2025-06-13T16:00:00Z,ETHUSDT,2.083e-05,28800000
2025-06-14T00:00:00Z,ETHUSDT,4.572e-05,28800000
2025-06-14T08:00:00Z,ETHUSDT,1.962e-05,28800000
2025-06-14T16:00:00Z,ETHUSDT,4.4e-06,28800000
2025-06-15T00:00:00Z,ETHUSDT,1.767e-05,28800000
2025-06-15T08:00:00Z,ETHUSDT,8.487e-05,28800000
2025-06-15T16:00:00Z,ETHUSDT,7.131e-05,28800000
2025-06-16T00:00:00Z,ETHUSDT,4.573e-05,28800000
2025-06-16T08:00:00Z,ETHUSDT,9.06e-05,28800000
2025-06-16T16:00:00Z,ETHUSDT,3.96e-05,28800000
2025-06-17T00:00:00Z,ETHUSDT,-9.06e-06,28800000
2025-06-17T08:00:00Z,ETHUSDT,0.0001,28800000
2025-06-17T16:00:00Z,ETHUSDT,5.558e-05,28800000
2025-06-18T00:00:00Z,ETHUSDT,5.83e-05,28800000
2025-06-18T08:00:00Z,ETHUSDT,6.782e-05,28800000
2025-06-18T16:00:00Z,ETHUSDT,2.338e-05,28800000
2025-06-19T00:00:00Z,ETHUSDT,5.403e-05,28800000
2025-06-19T08:00:00Z,ETHUSDT,4.793e-05,28800000
2025-06-19T16:00:00Z,ETHUSDT,4.883e-05,28800000
2025-06-20T00:00:00Z,ETHUSDT,8.145e-05,28800000
2025-06-20T08:00:00Z,ETHUSDT,8.963e-05,28800000
2025-06-20T16:00:00Z,ETHUSDT,2.59e-05,28800000
2025-06-21T00:00:00Z,ETHUSDT,-4.99e-05,28800000
2025-06-21T08:00:00Z,ETHUSDT,-1.379e-05,28800000
2025-06-21T16:00:00Z,ETHUSDT,5.011e-05,28800000
2025-06-22T00:00:00Z,ETHUSDT,-7.98e-06,28800000
2025-06-22T08:00:00Z,ETHUSDT,-1.761e-05,28800000
2025-06-22T16:00:00Z,ETHUSDT,4.714e-05,28800000
2025-06-23T00:00:00Z,ETHUSDT,2.289e-05,28800000
2025-06-23T08:00:00Z,ETHUSDT,-1.401e-05,28800000
2025-06-23T16:00:00Z,ETHUSDT,1.3e-06,28800000
2025-06-24T00:00:00Z,ETHUSDT,2.127e-05,28800000
2025-06-24T08:00:00Z,ETHUSDT,1.201e-05,28800000
2025-06-24T16:00:00Z,ETHUSDT,4.46e-06,28800000
2025-06-25T00:00:00Z,ETHUSDT,-8.33e-06,28800000
2025-06-25T08:00:00Z,ETHUSDT,-2.6e-07,28800000
2025-06-25T16:00:00Z,ETHUSDT,1.198e-05,28800000
2025-06-26T00:00:00Z,ETHUSDT,2.757e-05,28800000
2025-06-26T08:00:00Z,ETHUSDT,8.057e-05,28800000
2025-06-26T16:00:00Z,ETHUSDT,9.06e-06,28800000
2025-06-27T00:00:00Z,ETHUSDT,3.79e-06,28800000
2025-06-27T08:00:00Z,ETHUSDT,5.06e-06,28800000
2025-06-27T16:00:00Z,ETHUSDT,5.546e-05,28800000
2025-06-28T00:00:00Z,ETHUSDT,8.436e-05,28800000
2025-06-28T08:00:00Z,ETHUSDT,6.58e-06,28800000
2025-06-28T16:00:00Z,ETHUSDT,4.011e-05,28800000
2025-06-29T00:00:00Z,ETHUSDT,6.176e-05,28800000
2025-06-29T08:00:00Z,ETHUSDT,8.777e-05,28800000
2025-06-29T16:00:00Z,ETHUSDT,4.2e-07,28800000
2025-06-30T00:00:00Z,ETHUSDT,5.102e-05,28800000
2025-06-30T08:00:00Z,ETHUSDT,9.119e-05,28800000
2025-06-30T16:00:00Z,ETHUSDT,3.94e-06,28800000
2025-07-01T00:00:00Z,ETHUSDT,8.191e-05,28800000
2025-07-01T08:00:00Z,ETHUSDT,1.541e-05,28800000
2025-07-01T16:00:00Z,ETHUSDT,-1.429e-05,28800000
2025-07-02T00:00:00Z,ETHUSDT,1.952e-05,28800000
2025-07-02T08:00:00Z,ETHUSDT,4.864e-05,28800000
2025-07-02T16:00:00Z,ETHUSDT,5.236e-05,28800000
2025-07-03T00:00:00Z,ETHUSDT,0.0001,28800000
2025-07-03T08:00:00Z,ETHUSDT,9.82e-05,28800000
2025-07-03T16:00:00Z,ETHUSDT,4.398e-05,28800000
2025-07-04T00:00:00Z,ETHUSDT,1.353e-05,28800000
2025-07-04T08:00:00Z,ETHUSDT,6.619e-05,28800000
2025-07-04T16:00:00Z,ETHUSDT,2.691e-05,28800000
2025-07-05T00:00:00Z,ETHUSDT,1.406e-05,28800000
2025-07-05T08:00:00Z,ETHUSDT,3.958e-05,28800000
2025-07-05T16:00:00Z,ETHUSDT,5.542e-05,28800000
2025-07-06T00:00:00Z,ETHUSDT,3.909e-05,28800000
2025-07-06T08:00:00Z,ETHUSDT,6.583e-05,28800000
2025-07-06T16:00:00Z,ETHUSDT,8.149e-05,28800000
2025-07-07T00:00:00Z,ETHUSDT,0.0001,28800000
2025-07-07T08:00:00Z,ETHUSDT,0.0001,28800000
2025-07-07T16:00:00Z,ETHUSDT,-3.011e-05,28800000
2025-07-08T00:00:00Z,ETHUSDT,7.589e-05,28800000
2025-07-08T08:00:00Z,ETHUSDT,2.787e-05,28800000
2025-07-08T16:00:00Z,ETHUSDT,6.466e-05,28800000
2025-07-09T00:00:00Z,ETHUSDT,4.903e-05,28800000
2025-07-09T08:00:00Z,ETHUSDT,6.771e-05,28800000
2025-07-09T16:00:00Z,ETHUSDT,6.268e-05,28800000
2025-07-10T00:00:00Z,ETHUSDT,0.0001,28800000
2025-07-10T08:00:00Z,ETHUSDT,2.808e-05,28800000
2025-07-10T16:00:00Z,ETHUSDT,3.187e-05,28800000
2025-07-11T00:00:00Z,ETHUSDT,0.0001,28800000
2025-07-11T08:00:00Z,ETHUSDT,0.0001,28800000
2025-07-11T16:00:00Z,ETHUSDT,0.0001,28800000
2025-07-12T00:00:00Z,ETHUSDT,8.032e-05,28800000
2025-07-12T08:00:00Z,ETHUSDT,7.671e-05,28800000
2025-07-12T16:00:00Z,ETHUSDT,6.119e-05,28800000
2025-07-13T00:00:00Z,ETHUSDT,4.151e-05,28800000
2025-07-13T08:00:00Z,ETHUSDT,4.407e-05,28800000
2025-07-13T16:00:00Z,ETHUSDT,7.205e-05,28800000
2025-07-14T00:00:00Z,ETHUSDT,9.98e-06,28800000
2025-07-14T08:00:00Z,ETHUSDT,0.0001,28800000
2025-07-14T16:00:00Z,ETHUSDT,0.0001,28800000
2025-07-15T00:00:00Z,ETHUSDT,6.134e-05,28800000
2025-07-15T08:00:00Z,ETHUSDT,0.0001,28800000
2025-07-15T16:00:00Z,ETHUSDT,0.0001,28800000
2025-07-16T00:00:00Z,ETHUSDT,0.0001,28800000
2025-07-16T08:00:00Z,ETHUSDT,0.0001,28800000
2025-07-16T16:00:00Z,ETHUSDT,0.0001,28800000
2025-07-17T00:00:00Z,ETHUSDT,0.0001,28800000
2025-07-17T08:00:00Z,ETHUSDT,0.0001,28800000
2025-07-17T16:00:00Z,ETHUSDT,0.0001,28800000
2025-07-18T00:00:00Z,ETHUSDT,0.0001,28800000
2025-07-18T08:00:00Z,ETHUSDT,0.0001,28800000
2025-07-18T16:00:00Z,ETHUSDT,0.0001,28800000
2025-07-19T00:00:00Z,ETHUSDT,0.0001,28800000
2025-07-19T08:00:00Z,ETHUSDT,0.0001,28800000
2025-07-19T16:00:00Z,ETHUSDT,0.0001,28800000
2025-07-20T00:00:00Z,ETHUSDT,0.0001,28800000
2025-07-20T08:00:00Z,ETHUSDT,0.0001,28800000
2025-07-20T16:00:00Z,ETHUSDT,0.0001,28800000
2025-07-21T00:00:00Z,ETHUSDT,0.0001,28800000
2025-07-21T08:00:00Z,ETHUSDT,0.0001,28800000
2025-07-21T16:00:00Z,ETHUSDT,0.0001,28800000
2025-07-22T00:00:00Z,ETHUSDT,0.0001,28800000
2025-07-22T08:00:00Z,ETHUSDT,0.0001,28800000
2025-07-22T16:00:00Z,ETHUSDT,0.0001,28800000
2025-07-23T00:00:00Z,ETHUSDT,0.0001,28800000
2025-07-23T08:00:00Z,ETHUSDT,0.0001,28800000
2025-07-23T16:00:00Z,ETHUSDT,0.0001,28800000
2025-07-24T00:00:00Z,ETHUSDT,0.0001,28800000
2025-07-24T08:00:00Z,ETHUSDT,0.0001,28800000
2025-07-24T16:00:00Z,ETHUSDT,0.0001,28800000
2025-07-25T00:00:00Z,ETHUSDT,0.0001,28800000
2025-07-25T08:00:00Z,ETHUSDT,0.0001,28800000
2025-07-25T16:00:00Z,ETHUSDT,0.0001,28800000
2025-07-26T00:00:00Z,ETHUSDT,0.0001,28800000
2025-07-26T08:00:00Z,ETHUSDT,0.0001,28800000
2025-07-26T16:00:00Z,ETHUSDT,0.0001,28800000
2025-07-27T00:00:00Z,ETHUSDT,9.322e-05,28800000
2025-07-27T08:00:00Z,ETHUSDT,8.879e-05,28800000
2025-07-27T16:00:00Z,ETHUSDT,0.0001,28800000
2025-07-28T00:00:00Z,ETHUSDT,0.0001,28800000
2025-07-28T08:00:00Z,ETHUSDT,0.0001,28800000
2025-07-28T16:00:00Z,ETHUSDT,0.0001,28800000
2025-07-29T00:00:00Z,ETHUSDT,4.494e-05,28800000
2025-07-29T08:00:00Z,ETHUSDT,0.0001,28800000
2025-07-29T16:00:00Z,ETHUSDT,0.0001,28800000
2025-07-30T00:00:00Z,ETHUSDT,2.488e-05,28800000
2025-07-30T08:00:00Z,ETHUSDT,5.083e-05,28800000
2025-07-30T16:00:00Z,ETHUSDT,1.54e-05,28800000
2025-07-31T00:00:00Z,ETHUSDT,5.162e-05,28800000
2025-07-31T08:00:00Z,ETHUSDT,0.0001,28800000
2025-07-31T16:00:00Z,ETHUSDT,-1.18e-05,28800000
2025-08-01T00:00:00Z,ETHUSDT,-3.749e-05,28800000
2025-08-01T08:00:00Z,ETHUSDT,1.113e-05,28800000
2025-08-01T16:00:00Z,ETHUSDT,4.859e-05,28800000
2025-08-02T00:00:00Z,ETHUSDT,5.795e-05,28800000
2025-08-02T08:00:00Z,ETHUSDT,6.57e-06,28800000
2025-08-02T16:00:00Z,ETHUSDT,7.965e-05,28800000
2025-08-03T00:00:00Z,ETHUSDT,6.733e-05,28800000
2025-08-03T08:00:00Z,ETHUSDT,5.752e-05,28800000
2025-08-03T16:00:00Z,ETHUSDT,3.767e-05,28800000
2025-08-04T00:00:00Z,ETHUSDT,1.719e-05,28800000
2025-08-04T08:00:00Z,ETHUSDT,1.113e-05,28800000
2025-08-04T16:00:00Z,ETHUSDT,3.611e-05,28800000
2025-08-05T00:00:00Z,ETHUSDT,1.47e-06,28800000
2025-08-05T08:00:00Z,ETHUSDT,3.116e-05,28800000
2025-08-05T16:00:00Z,ETHUSDT,1.37e-05,28800000
2025-08-06T00:00:00Z,ETHUSDT,2.413e-05,28800000
2025-08-06T08:00:00Z,ETHUSDT,8.2e-05,28800000
2025-08-06T16:00:00Z,ETHUSDT,6.246e-05,28800000
2025-08-07T00:00:00Z,ETHUSDT,6.227e-05,28800000
2025-08-07T08:00:00Z,ETHUSDT,4.285e-05,28800000
2025-08-07T16:00:00Z,ETHUSDT,0.0001,28800000
2025-08-08T00:00:00Z,ETHUSDT,4.26e-05,28800000
2025-08-08T08:00:00Z,ETHUSDT,0.0001,28800000
2025-08-08T16:00:00Z,ETHUSDT,0.0001,28800000
2025-08-09T00:00:00Z,ETHUSDT,0.0001,28800000
2025-08-09T08:00:00Z,ETHUSDT,0.0001,28800000
2025-08-09T16:00:00Z,ETHUSDT,0.0001,28800000
2025-08-10T00:00:00Z,ETHUSDT,9.916e-05,28800000
2025-08-10T08:00:00Z,ETHUSDT,0.0001,28800000
2025-08-10T16:00:00Z,ETHUSDT,0.0001,28800000
2025-08-11T00:00:00Z,ETHUSDT,8.873e-05,28800000
2025-08-11T08:00:00Z,ETHUSDT,9.354e-05,28800000
2025-08-11T16:00:00Z,ETHUSDT,0.0001,28800000
2025-08-12T00:00:00Z,ETHUSDT,3.659e-05,28800000
2025-08-12T08:00:00Z,ETHUSDT,0.0001,28800000
2025-08-12T16:00:00Z,ETHUSDT,0.0001,28800000
2025-08-13T00:00:00Z,ETHUSDT,0.0001,28800000
2025-08-13T08:00:00Z,ETHUSDT,0.0001,28800000
2025-08-13T16:00:00Z,ETHUSDT,0.0001,28800000
2025-08-14T00:00:00Z,ETHUSDT,0.0001,28800000
2025-08-14T08:00:00Z,ETHUSDT,0.0001,28800000
2025-08-14T16:00:00Z,ETHUSDT,0.0001,28800000
2025-08-15T00:00:00Z,ETHUSDT,0.0001,28800000
2025-08-15T08:00:00Z,ETHUSDT,9.765e-05,28800000
2025-08-15T16:00:00Z,ETHUSDT,6.474e-05,28800000
2025-08-16T00:00:00Z,ETHUSDT,5.967e-05,28800000
2025-08-16T08:00:00Z,ETHUSDT,8.99e-05,28800000
2025-08-16T16:00:00Z,ETHUSDT,1.968e-05,28800000
2025-08-17T00:00:00Z,ETHUSDT,4.669e-05,28800000
2025-08-17T08:00:00Z,ETHUSDT,-6.68e-06,28800000
2025-08-17T16:00:00Z,ETHUSDT,5.334e-05,28800000
2025-08-18T00:00:00Z,ETHUSDT,6.32e-06,28800000
2025-08-18T08:00:00Z,ETHUSDT,9.191e-05,28800000
2025-08-18T16:00:00Z,ETHUSDT,8.959e-05,28800000
2025-08-19T00:00:00Z,ETHUSDT,0.0001,28800000
2025-08-19T08:00:00Z,ETHUSDT,0.0001,28800000
2025-08-19T16:00:00Z,ETHUSDT,0.0001,28800000
2025-08-20T00:00:00Z,ETHUSDT,0.0001,28800000
2025-08-20T08:00:00Z,ETHUSDT,3.18e-06,28800000
2025-08-20T16:00:00Z,ETHUSDT,9.07e-05,28800000
2025-08-21T00:00:00Z,ETHUSDT,6.232e-05,28800000
2025-08-21T08:00:00Z,ETHUSDT,5.834e-05,28800000
2025-08-21T16:00:00Z,ETHUSDT,2.689e-05,28800000
2025-08-22T00:00:00Z,ETHUSDT,6.376e-05,28800000
2025-08-22T08:00:00Z,ETHUSDT,6.67e-05,28800000
2025-08-22T16:00:00Z,ETHUSDT,6.004e-05,28800000
2025-08-23T00:00:00Z,ETHUSDT,0.0001,28800000
2025-08-23T08:00:00Z,ETHUSDT,0.0001,28800000
2025-08-23T16:00:00Z,ETHUSDT,0.0001,28800000
2025-08-24T00:00:00Z,ETHUSDT,0.0001,28800000
2025-08-24T08:00:00Z,ETHUSDT,0.0001,28800000
2025-08-24T16:00:00Z,ETHUSDT,0.0001,28800000
2025-08-25T00:00:00Z,ETHUSDT,4.932e-05,28800000
2025-08-25T08:00:00Z,ETHUSDT,4.567e-05,28800000
2025-08-25T16:00:00Z,ETHUSDT,1.732e-05,28800000
2025-08-26T00:00:00Z,ETHUSDT,-7.39e-06,28800000
2025-08-26T08:00:00Z,ETHUSDT,1.08e-05,28800000
2025-08-26T16:00:00Z,ETHUSDT,1.029e-05,28800000
2025-08-27T00:00:00Z,ETHUSDT,-8.19e-06,28800000
2025-08-27T08:00:00Z,ETHUSDT,1.933e-05,28800000
2025-08-27T16:00:00Z,ETHUSDT,4.152e-05,28800000
2025-08-28T00:00:00Z,ETHUSDT,5.965e-05,28800000
2025-08-28T08:00:00Z,ETHUSDT,2.643e-05,28800000
2025-08-28T16:00:00Z,ETHUSDT,2.175e-05,28800000
2025-08-29T00:00:00Z,ETHUSDT,1.728e-05,28800000
2025-08-29T08:00:00Z,ETHUSDT,4.981e-05,28800000
2025-08-29T16:00:00Z,ETHUSDT,1.496e-05,28800000
2025-08-30T00:00:00Z,ETHUSDT,4.162e-05,28800000
2025-08-30T08:00:00Z,ETHUSDT,-1.108e-05,28800000
2025-08-30T16:00:00Z,ETHUSDT,4.057e-05,28800000
2025-08-31T00:00:00Z,ETHUSDT,-1.39e-05,28800000
2025-08-31T08:00:00Z,ETHUSDT,5.543e-05,28800000
2025-08-31T16:00:00Z,ETHUSDT,-1.154e-05,28800000
2025-09-01T00:00:00Z,ETHUSDT,-2.114e-05,28800000
2025-09-01T08:00:00Z,ETHUSDT,-1.3e-05,28800000
2025-09-01T16:00:00Z,ETHUSDT,1.22e-06,28800000
2025-09-02T00:00:00Z,ETHUSDT,4.06e-06,28800000
2025-09-02T08:00:00Z,ETHUSDT,5.513e-05,28800000
2025-09-02T16:00:00Z,ETHUSDT,3.026e-05,28800000
2025-09-03T00:00:00Z,ETHUSDT,1.812e-05,28800000
2025-09-03T08:00:00Z,ETHUSDT,-1.11e-06,28800000
2025-09-03T16:00:00Z,ETHUSDT,3.174e-05,28800000
2025-09-04T00:00:00Z,ETHUSDT,2.311e-05,28800000
2025-09-04T08:00:00Z,ETHUSDT,-2.012e-05,28800000
2025-09-04T16:00:00Z,ETHUSDT,-2.527e-05,28800000
2025-09-05T00:00:00Z,ETHUSDT,-5.54e-05,28800000
2025-09-05T08:00:00Z,ETHUSDT,-3.456e-05,28800000
2025-09-05T16:00:00Z,ETHUSDT,2.866e-05,28800000
2025-09-06T00:00:00Z,ETHUSDT,-2.104e-05,28800000
2025-09-06T08:00:00Z,ETHUSDT,3.956e-05,28800000
2025-09-06T16:00:00Z,ETHUSDT,4.06e-05,28800000
2025-09-07T00:00:00Z,ETHUSDT,5.946e-05,28800000
2025-09-07T08:00:00Z,ETHUSDT,8.938e-05,28800000
2025-09-07T16:00:00Z,ETHUSDT,3.335e-05,28800000
2025-09-08T00:00:00Z,ETHUSDT,2.556e-05,28800000
2025-09-08T08:00:00Z,ETHUSDT,2.063e-05,28800000
2025-09-08T16:00:00Z,ETHUSDT,9.082e-05,28800000
2025-09-09T00:00:00Z,ETHUSDT,4.706e-05,28800000
2025-09-09T08:00:00Z,ETHUSDT,0.0001,28800000
2025-09-09T16:00:00Z,ETHUSDT,6.645e-05,28800000
2025-09-10T00:00:00Z,ETHUSDT,6.156e-05,28800000
2025-09-10T08:00:00Z,ETHUSDT,8.82e-05,28800000
2025-09-10T16:00:00Z,ETHUSDT,0.0001,28800000
2025-09-11T00:00:00Z,ETHUSDT,1.341e-05,28800000
2025-09-11T08:00:00Z,ETHUSDT,0.0001,28800000
2025-09-11T16:00:00Z,ETHUSDT,8.501e-05,28800000
2025-09-12T00:00:00Z,ETHUSDT,4.858e-05,28800000
2025-09-12T08:00:00Z,ETHUSDT,0.0001,28800000
2025-09-12T16:00:00Z,ETHUSDT,0.0001,28800000
2025-09-13T00:00:00Z,ETHUSDT,0.0001,28800000
2025-09-13T08:00:00Z,ETHUSDT,9.815e-05,28800000
2025-09-13T16:00:00Z,ETHUSDT,0.0001,28800000
2025-09-14T00:00:00Z,ETHUSDT,3.75e-06,28800000
2025-09-14T08:00:00Z,ETHUSDT,8.307e-05,28800000
2025-09-14T16:00:00Z,ETHUSDT,5.553e-05,28800000
2025-09-15T00:00:00Z,ETHUSDT,7.366e-05,28800000
2025-09-15T08:00:00Z,ETHUSDT,6.603e-05,28800000
2025-09-15T16:00:00Z,ETHUSDT,3.563e-05,28800000
2025-09-16T00:00:00Z,ETHUSDT,4.54e-05,28800000
2025-09-16T08:00:00Z,ETHUSDT,4.526e-05,28800000
2025-09-16T16:00:00Z,ETHUSDT,2.037e-05,28800000
2025-09-17T00:00:00Z,ETHUSDT,2.419e-05,28800000
2025-09-17T08:00:00Z,ETHUSDT,5.358e-05,28800000
2025-09-17T16:00:00Z,ETHUSDT,4.406e-05,28800000
2025-09-18T00:00:00Z,ETHUSDT,5.15e-05,28800000
2025-09-18T08:00:00Z,ETHUSDT,4.292e-05,28800000
2025-09-18T16:00:00Z,ETHUSDT,1.971e-05,28800000
2025-09-19T00:00:00Z,ETHUSDT,5.745e-05,28800000
2025-09-19T08:00:00Z,ETHUSDT,-9.04e-06,28800000
2025-09-19T16:00:00Z,ETHUSDT,-4.324e-05,28800000
2025-09-20T00:00:00Z,ETHUSDT,-4.366e-05,28800000
2025-09-20T08:00:00Z,ETHUSDT,-5.97e-06,28800000
2025-09-20T16:00:00Z,ETHUSDT,4.189e-05,28800000
2025-09-21T00:00:00Z,ETHUSDT,-2.372e-05,28800000
2025-09-21T08:00:00Z,ETHUSDT,4.828e-05,28800000
2025-09-21T16:00:00Z,ETHUSDT,3.039e-05,28800000
2025-09-22T00:00:00Z,ETHUSDT,-2.051e-05,28800000
2025-09-22T08:00:00Z,ETHUSDT,-5.18e-06,28800000
2025-09-22T16:00:00Z,ETHUSDT,5.08e-06,28800000
2025-09-23T00:00:00Z,ETHUSDT,-1.93e-06,28800000
2025-09-23T08:00:00Z,ETHUSDT,5.594e-05,28800000
2025-09-23T16:00:00Z,ETHUSDT,-2.189e-05,28800000
2025-09-24T00:00:00Z,ETHUSDT,9.73e-06,28800000
2025-09-24T08:00:00Z,ETHUSDT,7.19e-06,28800000
2025-09-24T16:00:00Z,ETHUSDT,-3.616e-05,28800000
2025-09-25T00:00:00Z,ETHUSDT,-8.602e-05,28800000
2025-09-25T08:00:00Z,ETHUSDT,-8.11e-05,28800000
2025-09-25T16:00:00Z,ETHUSDT,0.0001,28800000
2025-09-26T00:00:00Z,ETHUSDT,8.976e-05,28800000
2025-09-26T08:00:00Z,ETHUSDT,3.202e-05,28800000
2025-09-26T16:00:00Z,ETHUSDT,4.775e-05,28800000
2025-09-27T00:00:00Z,ETHUSDT,-1.608e-05,28800000
2025-09-27T08:00:00Z,ETHUSDT,4.387e-05,28800000
2025-09-27T16:00:00Z,ETHUSDT,0.0001,28800000
2025-09-28T00:00:00Z,ETHUSDT,7.975e-05,28800000
2025-09-28T08:00:00Z,ETHUSDT,4.229e-05,28800000
2025-09-28T16:00:00Z,ETHUSDT,8.2e-05,28800000
2025-09-29T00:00:00Z,ETHUSDT,3.512e-05,28800000
2025-09-29T08:00:00Z,ETHUSDT,3.842e-05,28800000
2025-09-29T16:00:00Z,ETHUSDT,-3.49e-05,28800000
2025-09-30T00:00:00Z,ETHUSDT,9.16e-06,28800000
2025-09-30T08:00:00Z,ETHUSDT,-1.307e-05,28800000
2025-09-30T16:00:00Z,ETHUSDT,4.72e-06,28800000
2025-10-01T00:00:00Z,ETHUSDT,-1.572e-05,28800000
2025-10-01T08:00:00Z,ETHUSDT,2.569e-05,28800000
2025-10-01T16:00:00Z,ETHUSDT,-7.44e-06,28800000
2025-10-02T00:00:00Z,ETHUSDT,1.487e-05,28800000
2025-10-02T08:00:00Z,ETHUSDT,3.033e-05,28800000
2025-10-02T16:00:00Z,ETHUSDT,3.733e-05,28800000
2025-10-03T00:00:00Z,ETHUSDT,1.312e-05,28800000
2025-10-03T08:00:00Z,ETHUSDT,7.933e-05,28800000
2025-10-03T16:00:00Z,ETHUSDT,5.593e-05,28800000
2025-10-04T00:00:00Z,ETHUSDT,5.57e-05,28800000
2025-10-04T08:00:00Z,ETHUSDT,7.25e-06,28800000
2025-10-04T16:00:00Z,ETHUSDT,4.8e-05,28800000
2025-10-05T00:00:00Z,ETHUSDT,5.761e-05,28800000
2025-10-05T08:00:00Z,ETHUSDT,0.0001,28800000
2025-10-05T16:00:00Z,ETHUSDT,9.708e-05,28800000
2025-10-06T00:00:00Z,ETHUSDT,7.894e-05,28800000
2025-10-06T08:00:00Z,ETHUSDT,0.0001,28800000
2025-10-06T16:00:00Z,ETHUSDT,0.0001,28800000
2025-10-07T00:00:00Z,ETHUSDT,0.0001,28800000
2025-10-07T08:00:00Z,ETHUSDT,0.0001,28800000
2025-10-07T16:00:00Z,ETHUSDT,0.0001,28800000
2025-10-08T00:00:00Z,ETHUSDT,1.254e-05,28800000
2025-10-08T08:00:00Z,ETHUSDT,6.038e-05,28800000
2025-10-08T16:00:00Z,ETHUSDT,1.261e-05,28800000
2025-10-09T00:00:00Z,ETHUSDT,3.613e-05,28800000
2025-10-09T08:00:00Z,ETHUSDT,-2.26e-06,28800000
2025-10-09T16:00:00Z,ETHUSDT,5.752e-05,28800000
2025-10-10T00:00:00Z,ETHUSDT,2.565e-05,28800000
2025-10-10T08:00:00Z,ETHUSDT,2.511e-05,28800000
2025-10-10T16:00:00Z,ETHUSDT,-5.147e-05,28800000
2025-10-11T00:00:00Z,ETHUSDT,0.0001,28800000
2025-10-11T08:00:00Z,ETHUSDT,-0.00013094,28800000
2025-10-11T16:00:00Z,ETHUSDT,-1.73e-06,28800000
2025-10-12T00:00:00Z,ETHUSDT,-6.965e-05,28800000
2025-10-12T08:00:00Z,ETHUSDT,8.39e-06,28800000
2025-10-12T16:00:00Z,ETHUSDT,-4.563e-05,28800000
2025-10-13T00:00:00Z,ETHUSDT,-2.591e-05,28800000
2025-10-13T08:00:00Z,ETHUSDT,5.255e-05,28800000
2025-10-13T16:00:00Z,ETHUSDT,5.202e-05,28800000
2025-10-14T00:00:00Z,ETHUSDT,5.602e-05,28800000
2025-10-14T08:00:00Z,ETHUSDT,3.52e-06,28800000
2025-10-14T16:00:00Z,ETHUSDT,2.693e-05,28800000
2025-10-15T00:00:00Z,ETHUSDT,1.42e-05,28800000
2025-10-15T08:00:00Z,ETHUSDT,4.258e-05,28800000
2025-10-15T16:00:00Z,ETHUSDT,2.5e-05,28800000
2025-10-16T00:00:00Z,ETHUSDT,-4.99e-06,28800000
2025-10-16T08:00:00Z,ETHUSDT,7.65e-06,28800000
2025-10-16T16:00:00Z,ETHUSDT,6.18e-06,28800000
2025-10-17T00:00:00Z,ETHUSDT,3.354e-05,28800000
2025-10-17T08:00:00Z,ETHUSDT,5.63e-05,28800000
2025-10-17T16:00:00Z,ETHUSDT,2.963e-05,28800000
2025-10-18T00:00:00Z,ETHUSDT,1.423e-05,28800000
2025-10-18T08:00:00Z,ETHUSDT,1.51e-05,28800000
2025-10-18T16:00:00Z,ETHUSDT,6.086e-05,28800000
2025-10-19T00:00:00Z,ETHUSDT,6.239e-05,28800000
2025-10-19T08:00:00Z,ETHUSDT,2.101e-05,28800000
2025-10-19T16:00:00Z,ETHUSDT,3.514e-05,28800000
2025-10-20T00:00:00Z,ETHUSDT,2.481e-05,28800000
2025-10-20T08:00:00Z,ETHUSDT,5.413e-05,28800000
2025-10-20T16:00:00Z,ETHUSDT,5.999e-05,28800000
2025-10-21T00:00:00Z,ETHUSDT,3.53e-05,28800000
2025-10-21T08:00:00Z,ETHUSDT,4.7e-07,28800000
2025-10-21T16:00:00Z,ETHUSDT,7.724e-05,28800000
2025-10-22T00:00:00Z,ETHUSDT,-2.491e-05,28800000
2025-10-22T08:00:00Z,ETHUSDT,2.192e-05,28800000
2025-10-22T16:00:00Z,ETHUSDT,2.392e-05,28800000
2025-10-23T00:00:00Z,ETHUSDT,5.29e-06,28800000
2025-10-23T08:00:00Z,ETHUSDT,4.173e-05,28800000
2025-10-23T16:00:00Z,ETHUSDT,5.185e-05,28800000
2025-10-24T00:00:00Z,ETHUSDT,8.88e-06,28800000
2025-10-24T08:00:00Z,ETHUSDT,9.418e-05,28800000
2025-10-24T16:00:00Z,ETHUSDT,3.074e-05,28800000
2025-10-25T00:00:00Z,ETHUSDT,1.282e-05,28800000
2025-10-25T08:00:00Z,ETHUSDT,1.546e-05,28800000
2025-10-25T16:00:00Z,ETHUSDT,6.413e-05,28800000
2025-10-26T00:00:00Z,ETHUSDT,0.0001,28800000
2025-10-26T08:00:00Z,ETHUSDT,2.079e-05,28800000
2025-10-26T16:00:00Z,ETHUSDT,0.0001,28800000
2025-10-27T00:00:00Z,ETHUSDT,0.0001,28800000
2025-10-27T08:00:00Z,ETHUSDT,0.0001,28800000
2025-10-27T16:00:00Z,ETHUSDT,7.827e-05,28800000
2025-10-28T00:00:00Z,ETHUSDT,3.936e-05,28800000
2025-10-28T08:00:00Z,ETHUSDT,4.615e-05,28800000
2025-10-28T16:00:00Z,ETHUSDT,1.796e-05,28800000
2025-10-29T00:00:00Z,ETHUSDT,-5.159e-05,28800000
2025-10-29T08:00:00Z,ETHUSDT,-1.008e-05,28800000
2025-10-29T16:00:00Z,ETHUSDT,3.915e-05,28800000
2025-10-30T00:00:00Z,ETHUSDT,-3.389e-05,28800000
2025-10-30T08:00:00Z,ETHUSDT,-2.243e-05,28800000
2025-10-30T16:00:00Z,ETHUSDT,-6.394e-05,28800000
2025-10-31T00:00:00Z,ETHUSDT,3.219e-05,28800000
2025-10-31T08:00:00Z,ETHUSDT,7.777e-05,28800000
2025-10-31T16:00:00Z,ETHUSDT,-1.283e-05,28800000
2025-11-01T00:00:00Z,ETHUSDT,6.032e-05,28800000
2025-11-01T08:00:00Z,ETHUSDT,7.748e-05,28800000
2025-11-01T16:00:00Z,ETHUSDT,0.0001,28800000
2025-11-02T00:00:00Z,ETHUSDT,6.688e-05,28800000
2025-11-02T08:00:00Z,ETHUSDT,9.258e-05,28800000
2025-11-02T16:00:00Z,ETHUSDT,3.269e-05,28800000
2025-11-03T00:00:00Z,ETHUSDT,8.937e-05,28800000
2025-11-03T08:00:00Z,ETHUSDT,2.373e-05,28800000
2025-11-03T16:00:00Z,ETHUSDT,5.24e-06,28800000
2025-11-04T00:00:00Z,ETHUSDT,7.89e-05,28800000
2025-11-04T08:00:00Z,ETHUSDT,8.984e-05,28800000
2025-11-04T16:00:00Z,ETHUSDT,4.875e-05,28800000
2025-11-05T00:00:00Z,ETHUSDT,1.174e-05,28800000
2025-11-05T08:00:00Z,ETHUSDT,6.56e-06,28800000
2025-11-05T16:00:00Z,ETHUSDT,4.337e-05,28800000
2025-11-06T00:00:00Z,ETHUSDT,4.919e-05,28800000
2025-11-06T08:00:00Z,ETHUSDT,4.986e-05,28800000
2025-11-06T16:00:00Z,ETHUSDT,7.1e-07,28800000
2025-11-07T00:00:00Z,ETHUSDT,7.583e-05,28800000
2025-11-07T08:00:00Z,ETHUSDT,4.78e-05,28800000
2025-11-07T16:00:00Z,ETHUSDT,8.277e-05,28800000
2025-11-08T00:00:00Z,ETHUSDT,7.722e-05,28800000
2025-11-08T08:00:00Z,ETHUSDT,8.414e-05,28800000
2025-11-08T16:00:00Z,ETHUSDT,6.487e-05,28800000
2025-11-09T00:00:00Z,ETHUSDT,1.158e-05,28800000
2025-11-09T08:00:00Z,ETHUSDT,6.622e-05,28800000
2025-11-09T16:00:00Z,ETHUSDT,4.71e-05,28800000
2025-11-10T00:00:00Z,ETHUSDT,3.686e-05,28800000
2025-11-10T08:00:00Z,ETHUSDT,9.099e-05,28800000
2025-11-10T16:00:00Z,ETHUSDT,7.806e-05,28800000
2025-11-11T00:00:00Z,ETHUSDT,2.962e-05,28800000
2025-11-11T08:00:00Z,ETHUSDT,-2.557e-05,28800000
2025-11-11T16:00:00Z,ETHUSDT,2.827e-05,28800000
2025-11-12T00:00:00Z,ETHUSDT,3.618e-05,28800000
2025-11-12T08:00:00Z,ETHUSDT,-3.94e-05,28800000
2025-11-12T16:00:00Z,ETHUSDT,7.04e-05,28800000
2025-11-13T00:00:00Z,ETHUSDT,6.967e-05,28800000
2025-11-13T08:00:00Z,ETHUSDT,0.0001,28800000
2025-11-13T16:00:00Z,ETHUSDT,2.321e-05,28800000
2025-11-14T00:00:00Z,ETHUSDT,-3.82e-06,28800000
2025-11-14T08:00:00Z,ETHUSDT,3.573e-05,28800000
2025-11-14T16:00:00Z,ETHUSDT,7.962e-05,28800000
2025-11-15T00:00:00Z,ETHUSDT,4.979e-05,28800000
2025-11-15T08:00:00Z,ETHUSDT,4.397e-05,28800000
2025-11-15T16:00:00Z,ETHUSDT,4.679e-05,28800000
2025-11-16T00:00:00Z,ETHUSDT,0.0001,28800000
2025-11-16T08:00:00Z,ETHUSDT,0.0001,28800000
2025-11-16T16:00:00Z,ETHUSDT,7.779e-05,28800000
2025-11-17T00:00:00Z,ETHUSDT,0.0001,28800000
2025-11-17T08:00:00Z,ETHUSDT,0.0001,28800000
2025-11-17T16:00:00Z,ETHUSDT,5.992e-05,28800000
2025-11-18T00:00:00Z,ETHUSDT,9.056e-05,28800000
2025-11-18T08:00:00Z,ETHUSDT,0.0001,28800000
2025-11-18T16:00:00Z,ETHUSDT,5.928e-05,28800000
2025-11-19T00:00:00Z,ETHUSDT,0.0001,28800000
2025-11-19T08:00:00Z,ETHUSDT,6.727e-05,28800000
2025-11-19T16:00:00Z,ETHUSDT,3.204e-05,28800000
2025-11-20T00:00:00Z,ETHUSDT,7.097e-05,28800000
2025-11-20T08:00:00Z,ETHUSDT,7.838e-05,28800000
2025-11-20T16:00:00Z,ETHUSDT,6.788e-05,28800000
2025-11-21T00:00:00Z,ETHUSDT,3.335e-05,28800000
2025-11-21T08:00:00Z,ETHUSDT,1.947e-05,28800000
2025-11-21T16:00:00Z,ETHUSDT,5.44e-05,28800000
2025-11-22T00:00:00Z,ETHUSDT,1.859e-05,28800000
2025-11-22T08:00:00Z,ETHUSDT,7.195e-05,28800000
2025-11-22T16:00:00Z,ETHUSDT,4.657e-05,28800000
2025-11-23T00:00:00Z,ETHUSDT,6.445e-05,28800000
2025-11-23T08:00:00Z,ETHUSDT,-2.356e-05,28800000
2025-11-23T16:00:00Z,ETHUSDT,-5.87e-06,28800000
2025-11-24T00:00:00Z,ETHUSDT,-1e-07,28800000
2025-11-24T08:00:00Z,ETHUSDT,7.615e-05,28800000
2025-11-24T16:00:00Z,ETHUSDT,4.931e-05,28800000
2025-11-25T00:00:00Z,ETHUSDT,4.02e-05,28800000
2025-11-25T08:00:00Z,ETHUSDT,3.624e-05,28800000
2025-11-25T16:00:00Z,ETHUSDT,5.56e-06,28800000
2025-11-26T00:00:00Z,ETHUSDT,4.707e-05,28800000
2025-11-26T08:00:00Z,ETHUSDT,-9.2e-06,28800000
2025-11-26T16:00:00Z,ETHUSDT,1.886e-05,28800000
2025-11-27T00:00:00Z,ETHUSDT,2.467e-05,28800000
2025-11-27T08:00:00Z,ETHUSDT,1.646e-05,28800000
2025-11-27T16:00:00Z,ETHUSDT,9.88e-06,28800000
2025-11-28T00:00:00Z,ETHUSDT,-1.45e-06,28800000
2025-11-28T08:00:00Z,ETHUSDT,2.638e-05,28800000
2025-11-28T16:00:00Z,ETHUSDT,-9.03e-06,28800000
2025-11-29T00:00:00Z,ETHUSDT,2.574e-05,28800000
2025-11-29T08:00:00Z,ETHUSDT,5.1e-06,28800000
2025-11-29T16:00:00Z,ETHUSDT,-1.52e-06,28800000
2025-11-30T00:00:00Z,ETHUSDT,7.916e-05,28800000
2025-11-30T08:00:00Z,ETHUSDT,4.019e-05,28800000
2025-11-30T16:00:00Z,ETHUSDT,3.707e-05,28800000
2025-12-01T00:00:00Z,ETHUSDT,5.374e-05,28800000
2025-12-01T08:00:00Z,ETHUSDT,7.757e-05,28800000
2025-12-01T16:00:00Z,ETHUSDT,-2.535e-05,28800000
2025-12-02T00:00:00Z,ETHUSDT,6.949e-05,28800000
2025-12-02T08:00:00Z,ETHUSDT,5.552e-05,28800000
2025-12-02T16:00:00Z,ETHUSDT,4.147e-05,28800000
2025-12-03T00:00:00Z,ETHUSDT,4.698e-05,28800000
2025-12-03T08:00:00Z,ETHUSDT,1.107e-05,28800000
2025-12-03T16:00:00Z,ETHUSDT,5.015e-05,28800000
2025-12-04T00:00:00Z,ETHUSDT,6.305e-05,28800000
2025-12-04T08:00:00Z,ETHUSDT,0.0001,28800000
2025-12-04T16:00:00Z,ETHUSDT,9.628e-05,28800000
2025-12-05T00:00:00Z,ETHUSDT,2.405e-05,28800000
2025-12-05T08:00:00Z,ETHUSDT,9.771e-05,28800000
2025-12-05T16:00:00Z,ETHUSDT,4.884e-05,28800000
2025-12-06T00:00:00Z,ETHUSDT,4.481e-05,28800000
2025-12-06T08:00:00Z,ETHUSDT,4.55e-06,28800000
2025-12-06T16:00:00Z,ETHUSDT,3.188e-05,28800000
2025-12-07T00:00:00Z,ETHUSDT,3.716e-05,28800000
2025-12-07T08:00:00Z,ETHUSDT,-9.74e-06,28800000
2025-12-07T16:00:00Z,ETHUSDT,1.448e-05,28800000
2025-12-08T00:00:00Z,ETHUSDT,2.807e-05,28800000
2025-12-08T08:00:00Z,ETHUSDT,7.24e-05,28800000
2025-12-08T16:00:00Z,ETHUSDT,4.139e-05,28800000
2025-12-09T00:00:00Z,ETHUSDT,5.283e-05,28800000
2025-12-09T08:00:00Z,ETHUSDT,6.214e-05,28800000
2025-12-09T16:00:00Z,ETHUSDT,3.873e-05,28800000
2025-12-10T00:00:00Z,ETHUSDT,0.0001,28800000
2025-12-10T08:00:00Z,ETHUSDT,7.429e-05,28800000
2025-12-10T16:00:00Z,ETHUSDT,3.462e-05,28800000
2025-12-11T00:00:00Z,ETHUSDT,6.92e-05,28800000
2025-12-11T08:00:00Z,ETHUSDT,1.38e-06,28800000
2025-12-11T16:00:00Z,ETHUSDT,2.616e-05,28800000
2025-12-12T00:00:00Z,ETHUSDT,-2.48e-06,28800000
2025-12-12T08:00:00Z,ETHUSDT,3.217e-05,28800000
2025-12-12T16:00:00Z,ETHUSDT,-2.36e-06,28800000
2025-12-13T00:00:00Z,ETHUSDT,1.07e-06,28800000
2025-12-13T08:00:00Z,ETHUSDT,-1.354e-05,28800000
2025-12-13T16:00:00Z,ETHUSDT,3.292e-05,28800000
2025-12-14T00:00:00Z,ETHUSDT,8.266e-05,28800000
2025-12-14T08:00:00Z,ETHUSDT,4.872e-05,28800000
2025-12-14T16:00:00Z,ETHUSDT,8.259e-05,28800000
2025-12-15T00:00:00Z,ETHUSDT,6.154e-05,28800000
2025-12-15T08:00:00Z,ETHUSDT,3.415e-05,28800000
2025-12-15T16:00:00Z,ETHUSDT,2.051e-05,28800000
2025-12-16T00:00:00Z,ETHUSDT,-6.41e-06,28800000
2025-12-16T08:00:00Z,ETHUSDT,2.281e-05,28800000
2025-12-16T16:00:00Z,ETHUSDT,-1.87e-05,28800000
2025-12-17T00:00:00Z,ETHUSDT,3.52e-06,28800000
2025-12-17T08:00:00Z,ETHUSDT,3.718e-05,28800000
2025-12-17T16:00:00Z,ETHUSDT,8.6e-07,28800000
2025-12-18T00:00:00Z,ETHUSDT,-1.833e-05,28800000
2025-12-18T08:00:00Z,ETHUSDT,-3.186e-05,28800000
2025-12-18T16:00:00Z,ETHUSDT,5.89e-05,28800000
2025-12-19T00:00:00Z,ETHUSDT,5.783e-05,28800000
2025-12-19T08:00:00Z,ETHUSDT,7.285e-05,28800000
2025-12-19T16:00:00Z,ETHUSDT,9.196e-05,28800000
2025-12-20T00:00:00Z,ETHUSDT,1.997e-05,28800000
2025-12-20T08:00:00Z,ETHUSDT,1.909e-05,28800000
2025-12-20T16:00:00Z,ETHUSDT,9.03e-06,28800000
2025-12-21T00:00:00Z,ETHUSDT,1.836e-05,28800000
2025-12-21T08:00:00Z,ETHUSDT,4.198e-05,28800000
2025-12-21T16:00:00Z,ETHUSDT,3.37e-06,28800000
2025-12-22T00:00:00Z,ETHUSDT,-2.332e-05,28800000
2025-12-22T08:00:00Z,ETHUSDT,5.76e-06,28800000
2025-12-22T16:00:00Z,ETHUSDT,-5.69e-06,28800000
2025-12-23T00:00:00Z,ETHUSDT,3.812e-05,28800000
2025-12-23T08:00:00Z,ETHUSDT,6.79e-05,28800000
2025-12-23T16:00:00Z,ETHUSDT,2.64e-05,28800000
2025-12-24T00:00:00Z,ETHUSDT,2.584e-05,28800000
2025-12-24T08:00:00Z,ETHUSDT,6.186e-05,28800000
2025-12-24T16:00:00Z,ETHUSDT,5.629e-05,28800000
2025-12-25T00:00:00Z,ETHUSDT,6.527e-05,28800000
2025-12-25T08:00:00Z,ETHUSDT,6.688e-05,28800000
2025-12-25T16:00:00Z,ETHUSDT,4.97e-05,28800000
2025-12-26T00:00:00Z,ETHUSDT,5.028e-05,28800000
2025-12-26T08:00:00Z,ETHUSDT,6.473e-05,28800000
2025-12-26T16:00:00Z,ETHUSDT,3.451e-05,28800000
2025-12-27T00:00:00Z,ETHUSDT,4.038e-05,28800000
2025-12-27T08:00:00Z,ETHUSDT,-5.19e-06,28800000
2025-12-27T16:00:00Z,ETHUSDT,8.133e-05,28800000
2025-12-28T00:00:00Z,ETHUSDT,5.105e-05,28800000
2025-12-28T08:00:00Z,ETHUSDT,7.91e-05,28800000
2025-12-28T16:00:00Z,ETHUSDT,4.862e-05,28800000
2025-12-29T00:00:00Z,ETHUSDT,9.172e-05,28800000
2025-12-29T08:00:00Z,ETHUSDT,8.496e-05,28800000
2025-12-29T16:00:00Z,ETHUSDT,1.862e-05,28800000
2025-12-30T00:00:00Z,ETHUSDT,-1.536e-05,28800000
2025-12-30T08:00:00Z,ETHUSDT,3.92e-05,28800000
2025-12-30T16:00:00Z,ETHUSDT,0.0001,28800000
2025-12-31T00:00:00Z,ETHUSDT,5.157e-05,28800000
2025-12-31T08:00:00Z,ETHUSDT,1.205e-05,28800000
2025-12-31T16:00:00Z,ETHUSDT,3.527e-05,28800000
2026-01-01T00:00:00Z,ETHUSDT,0.0001,28800000
2026-01-01T08:00:00Z,ETHUSDT,8.799e-05,28800000
2026-01-01T16:00:00Z,ETHUSDT,-5.6e-06,28800000
2026-01-02T00:00:00Z,ETHUSDT,5.053e-05,28800000
2026-01-02T08:00:00Z,ETHUSDT,3.09e-05,28800000
2026-01-02T16:00:00Z,ETHUSDT,0.0001,28800000
2026-01-03T00:00:00Z,ETHUSDT,5.187e-05,28800000
2026-01-03T08:00:00Z,ETHUSDT,3.421e-05,28800000
2026-01-03T16:00:00Z,ETHUSDT,3.231e-05,28800000
2026-01-04T00:00:00Z,ETHUSDT,7.598e-05,28800000
2026-01-04T08:00:00Z,ETHUSDT,2.12e-06,28800000
2026-01-04T16:00:00Z,ETHUSDT,7.231e-05,28800000
2026-01-05T00:00:00Z,ETHUSDT,7.926e-05,28800000
2026-01-05T08:00:00Z,ETHUSDT,9.66e-06,28800000
2026-01-05T16:00:00Z,ETHUSDT,5.085e-05,28800000
2026-01-06T00:00:00Z,ETHUSDT,8.035e-05,28800000
2026-01-06T08:00:00Z,ETHUSDT,6.876e-05,28800000
2026-01-06T16:00:00Z,ETHUSDT,4.25e-05,28800000
2026-01-07T00:00:00Z,ETHUSDT,7.658e-05,28800000
2026-01-07T08:00:00Z,ETHUSDT,7.268e-05,28800000
2026-01-07T16:00:00Z,ETHUSDT,3.902e-05,28800000
2026-01-08T00:00:00Z,ETHUSDT,7.044e-05,28800000
2026-01-08T08:00:00Z,ETHUSDT,7.658e-05,28800000
2026-01-08T16:00:00Z,ETHUSDT,4.9e-07,28800000
2026-01-09T00:00:00Z,ETHUSDT,6.634e-05,28800000
2026-01-09T08:00:00Z,ETHUSDT,3.789e-05,28800000
2026-01-09T16:00:00Z,ETHUSDT,5.562e-05,28800000
2026-01-10T00:00:00Z,ETHUSDT,8.959e-05,28800000
2026-01-10T08:00:00Z,ETHUSDT,0.0001,28800000
2026-01-10T16:00:00Z,ETHUSDT,5.277e-05,28800000
2026-01-11T00:00:00Z,ETHUSDT,9.824e-05,28800000
2026-01-11T08:00:00Z,ETHUSDT,6.573e-05,28800000
2026-01-11T16:00:00Z,ETHUSDT,5.876e-05,28800000
2026-01-12T00:00:00Z,ETHUSDT,0.0001,28800000
2026-01-12T08:00:00Z,ETHUSDT,3.472e-05,28800000
2026-01-12T16:00:00Z,ETHUSDT,6.663e-05,28800000
2026-01-13T00:00:00Z,ETHUSDT,4.704e-05,28800000
2026-01-13T08:00:00Z,ETHUSDT,9.164e-05,28800000
2026-01-13T16:00:00Z,ETHUSDT,2.672e-05,28800000
2026-01-14T00:00:00Z,ETHUSDT,0.0001,28800000
2026-01-14T08:00:00Z,ETHUSDT,0.0001,28800000
2026-01-14T16:00:00Z,ETHUSDT,8.331e-05,28800000
2026-01-15T00:00:00Z,ETHUSDT,5.358e-05,28800000
2026-01-15T08:00:00Z,ETHUSDT,6.58e-06,28800000
2026-01-15T16:00:00Z,ETHUSDT,9.722e-05,28800000
2026-01-16T00:00:00Z,ETHUSDT,3.284e-05,28800000
2026-01-16T08:00:00Z,ETHUSDT,3.558e-05,28800000
2026-01-16T16:00:00Z,ETHUSDT,2.767e-05,28800000
2026-01-17T00:00:00Z,ETHUSDT,8.371e-05,28800000
2026-01-17T08:00:00Z,ETHUSDT,8.079e-05,28800000
2026-01-17T16:00:00Z,ETHUSDT,6.017e-05,28800000
2026-01-18T00:00:00Z,ETHUSDT,3.761e-05,28800000
2026-01-18T08:00:00Z,ETHUSDT,1.351e-05,28800000
2026-01-18T16:00:00Z,ETHUSDT,2.477e-05,28800000
2026-01-19T00:00:00Z,ETHUSDT,5.221e-05,28800000
2026-01-19T08:00:00Z,ETHUSDT,-1.14e-05,28800000
2026-01-19T16:00:00Z,ETHUSDT,1.428e-05,28800000
2026-01-20T00:00:00Z,ETHUSDT,8.611e-05,28800000
2026-01-20T08:00:00Z,ETHUSDT,6.101e-05,28800000
2026-01-20T16:00:00Z,ETHUSDT,1.232e-05,28800000
2026-01-21T00:00:00Z,ETHUSDT,5.52e-06,28800000
2026-01-21T08:00:00Z,ETHUSDT,5.3e-06,28800000
2026-01-21T16:00:00Z,ETHUSDT,1.113e-05,28800000
2026-01-22T00:00:00Z,ETHUSDT,2.119e-05,28800000
2026-01-22T08:00:00Z,ETHUSDT,7.681e-05,28800000
2026-01-22T16:00:00Z,ETHUSDT,-2.933e-05,28800000
2026-01-23T00:00:00Z,ETHUSDT,1.674e-05,28800000
2026-01-23T08:00:00Z,ETHUSDT,2.868e-05,28800000
2026-01-23T16:00:00Z,ETHUSDT,5.045e-05,28800000
2026-01-24T00:00:00Z,ETHUSDT,3.675e-05,28800000
2026-01-24T08:00:00Z,ETHUSDT,1.171e-05,28800000
2026-01-24T16:00:00Z,ETHUSDT,1.292e-05,28800000
2026-01-25T00:00:00Z,ETHUSDT,4.065e-05,28800000
2026-01-25T08:00:00Z,ETHUSDT,6.759e-05,28800000
2026-01-25T16:00:00Z,ETHUSDT,4.059e-05,28800000
2026-01-26T00:00:00Z,ETHUSDT,-0.00013629,28800000
2026-01-26T08:00:00Z,ETHUSDT,6.54e-05,28800000
2026-01-26T16:00:00Z,ETHUSDT,1.326e-05,28800000
2026-01-27T00:00:00Z,ETHUSDT,7.255e-05,28800000
2026-01-27T08:00:00Z,ETHUSDT,8.694e-05,28800000
2026-01-27T16:00:00Z,ETHUSDT,9.488e-05,28800000
2026-01-28T00:00:00Z,ETHUSDT,8.698e-05,28800000
2026-01-28T08:00:00Z,ETHUSDT,9.559e-05,28800000
2026-01-28T16:00:00Z,ETHUSDT,4.501e-05,28800000
2026-01-29T00:00:00Z,ETHUSDT,4.731e-05,28800000
2026-01-29T08:00:00Z,ETHUSDT,4.078e-05,28800000
2026-01-29T16:00:00Z,ETHUSDT,-1.167e-05,28800000
2026-01-30T00:00:00Z,ETHUSDT,4.73e-06,28800000
2026-01-30T08:00:00Z,ETHUSDT,-3.08e-06,28800000
2026-01-30T16:00:00Z,ETHUSDT,-5.6e-07,28800000
2026-01-31T00:00:00Z,ETHUSDT,-7.003e-05,28800000
2026-01-31T08:00:00Z,ETHUSDT,1.854e-05,28800000
2026-01-31T16:00:00Z,ETHUSDT,-8.908e-05,28800000
2026-02-01T00:00:00Z,ETHUSDT,-0.00016427,28800000
2026-02-01T08:00:00Z,ETHUSDT,1.415e-05,28800000
2026-02-01T16:00:00Z,ETHUSDT,-7.308e-05,28800000
2026-02-02T00:00:00Z,ETHUSDT,-0.00015302,28800000
2026-02-02T08:00:00Z,ETHUSDT,-8.208e-05,28800000
2026-02-02T16:00:00Z,ETHUSDT,-0.00010921,28800000
2026-02-03T00:00:00Z,ETHUSDT,-0.00015482,28800000
2026-02-03T08:00:00Z,ETHUSDT,1.01e-05,28800000
2026-02-03T16:00:00Z,ETHUSDT,-3.903e-05,28800000
2026-02-04T00:00:00Z,ETHUSDT,-2.474e-05,28800000
2026-02-04T08:00:00Z,ETHUSDT,2.076e-05,28800000
2026-02-04T16:00:00Z,ETHUSDT,-6.117e-05,28800000
2026-02-05T00:00:00Z,ETHUSDT,5.503e-05,28800000
2026-02-05T08:00:00Z,ETHUSDT,-5.04e-06,28800000
2026-02-05T16:00:00Z,ETHUSDT,-7.797e-05,28800000
2026-02-06T00:00:00Z,ETHUSDT,-0.00027709,28800000
2026-02-06T08:00:00Z,ETHUSDT,-8.43e-05,28800000
2026-02-06T16:00:00Z,ETHUSDT,1.852e-05,28800000
2026-02-07T00:00:00Z,ETHUSDT,0.0001,28800000
2026-02-07T08:00:00Z,ETHUSDT,-1.83e-06,28800000
2026-02-07T16:00:00Z,ETHUSDT,1.636e-05,28800000
2026-02-08T00:00:00Z,ETHUSDT,2.665e-05,28800000
2026-02-08T08:00:00Z,ETHUSDT,-3.046e-05,28800000
2026-02-08T16:00:00Z,ETHUSDT,-5.398e-05,28800000
2026-02-09T00:00:00Z,ETHUSDT,-4.033e-05,28800000
2026-02-09T08:00:00Z,ETHUSDT,-4.865e-05,28800000
2026-02-09T16:00:00Z,ETHUSDT,-3.34e-06,28800000
2026-02-10T00:00:00Z,ETHUSDT,4.269e-05,28800000
2026-02-10T08:00:00Z,ETHUSDT,-0.0001521,28800000
2026-02-10T16:00:00Z,ETHUSDT,-0.00019437,28800000
2026-02-11T00:00:00Z,ETHUSDT,-8.436e-05,28800000
2026-02-11T08:00:00Z,ETHUSDT,-0.00012968,28800000
2026-02-11T16:00:00Z,ETHUSDT,-0.00012326,28800000
2026-02-12T00:00:00Z,ETHUSDT,-2.549e-05,28800000
2026-02-12T08:00:00Z,ETHUSDT,2.239e-05,28800000
2026-02-12T16:00:00Z,ETHUSDT,-4.103e-05,28800000
2026-02-13T00:00:00Z,ETHUSDT,-0.00010652,28800000
2026-02-13T08:00:00Z,ETHUSDT,-2.874e-05,28800000
2026-02-13T16:00:00Z,ETHUSDT,4.26e-05,28800000
2026-02-14T00:00:00Z,ETHUSDT,-2.68e-06,28800000
2026-02-14T08:00:00Z,ETHUSDT,1.442e-05,28800000
2026-02-14T16:00:00Z,ETHUSDT,-1.921e-05,28800000
2026-02-15T00:00:00Z,ETHUSDT,-6.367e-05,28800000
2026-02-15T08:00:00Z,ETHUSDT,6.204e-05,28800000
2026-02-15T16:00:00Z,ETHUSDT,-7.55e-05,28800000
2026-02-16T00:00:00Z,ETHUSDT,-5.314e-05,28800000
2026-02-16T08:00:00Z,ETHUSDT,-5.925e-05,28800000
2026-02-16T16:00:00Z,ETHUSDT,-3.499e-05,28800000
2026-02-17T00:00:00Z,ETHUSDT,5.298e-05,28800000
2026-02-17T08:00:00Z,ETHUSDT,8.43e-06,28800000
2026-02-17T16:00:00Z,ETHUSDT,-4.733e-05,28800000
2026-02-18T00:00:00Z,ETHUSDT,1.121e-05,28800000
2026-02-18T08:00:00Z,ETHUSDT,-3.783e-05,28800000
2026-02-18T16:00:00Z,ETHUSDT,-8.66e-06,28800000
2026-02-19T00:00:00Z,ETHUSDT,-0.00010561,28800000
2026-02-19T08:00:00Z,ETHUSDT,-3.009e-05,28800000
2026-02-19T16:00:00Z,ETHUSDT,-7.865e-05,28800000
2026-02-20T00:00:00Z,ETHUSDT,-4.637e-05,28800000
2026-02-20T08:00:00Z,ETHUSDT,-3.19e-05,28800000
2026-02-20T16:00:00Z,ETHUSDT,-7.16e-05,28800000
2026-02-21T00:00:00Z,ETHUSDT,3.05e-05,28800000
2026-02-21T08:00:00Z,ETHUSDT,4.592e-05,28800000
2026-02-21T16:00:00Z,ETHUSDT,6.628e-05,28800000
2026-02-22T00:00:00Z,ETHUSDT,3.845e-05,28800000
2026-02-22T08:00:00Z,ETHUSDT,1.584e-05,28800000
2026-02-22T16:00:00Z,ETHUSDT,-4.379e-05,28800000
2026-02-23T00:00:00Z,ETHUSDT,-3.343e-05,28800000
2026-02-23T08:00:00Z,ETHUSDT,-0.00036526,28800000
2026-02-23T16:00:00Z,ETHUSDT,1.654e-05,28800000
2026-02-24T00:00:00Z,ETHUSDT,2.61e-05,28800000
2026-02-24T08:00:00Z,ETHUSDT,-4.446e-05,28800000
2026-02-24T16:00:00Z,ETHUSDT,-2.974e-05,28800000
2026-02-25T00:00:00Z,ETHUSDT,-2.455e-05,28800000
2026-02-25T08:00:00Z,ETHUSDT,4.558e-05,28800000
2026-02-25T16:00:00Z,ETHUSDT,5.753e-05,28800000
2026-02-26T00:00:00Z,ETHUSDT,7.787e-05,28800000
2026-02-26T08:00:00Z,ETHUSDT,-2.591e-05,28800000
2026-02-26T16:00:00Z,ETHUSDT,3.926e-05,28800000
2026-02-27T00:00:00Z,ETHUSDT,1.39e-05,28800000
2026-02-27T08:00:00Z,ETHUSDT,3.34e-06,28800000
2026-02-27T16:00:00Z,ETHUSDT,-0.00011015,28800000
2026-02-28T00:00:00Z,ETHUSDT,-8.821e-05,28800000
2026-02-28T08:00:00Z,ETHUSDT,-9.456e-05,28800000
2026-02-28T16:00:00Z,ETHUSDT,-7.186e-05,28800000
2026-03-01T00:00:00Z,ETHUSDT,-3.406e-05,28800000
2026-03-01T08:00:00Z,ETHUSDT,4.986e-05,28800000
2026-03-01T16:00:00Z,ETHUSDT,5.291e-05,28800000
2026-03-02T00:00:00Z,ETHUSDT,-7.621e-05,28800000
2026-03-02T08:00:00Z,ETHUSDT,-4.31e-05,28800000
2026-03-02T16:00:00Z,ETHUSDT,-6.736e-05,28800000
2026-03-03T00:00:00Z,ETHUSDT,4.93e-05,28800000
2026-03-03T08:00:00Z,ETHUSDT,-2.809e-05,28800000
2026-03-03T16:00:00Z,ETHUSDT,-9.532e-05,28800000
2026-03-04T00:00:00Z,ETHUSDT,-3.92e-06,28800000
2026-03-04T08:00:00Z,ETHUSDT,-7.107e-05,28800000
2026-03-04T16:00:00Z,ETHUSDT,6.615e-05,28800000
2026-03-05T00:00:00Z,ETHUSDT,-1.331e-05,28800000
2026-03-05T08:00:00Z,ETHUSDT,-8.37e-06,28800000
2026-03-05T16:00:00Z,ETHUSDT,-1.463e-05,28800000
2026-03-06T00:00:00Z,ETHUSDT,4.376e-05,28800000
2026-03-06T08:00:00Z,ETHUSDT,-2.383e-05,28800000
2026-03-06T16:00:00Z,ETHUSDT,-9.858e-05,28800000
2026-03-07T00:00:00Z,ETHUSDT,-4.995e-05,28800000
2026-03-07T08:00:00Z,ETHUSDT,-9.16e-06,28800000
2026-03-07T16:00:00Z,ETHUSDT,-2.26e-05,28800000
2026-03-08T00:00:00Z,ETHUSDT,-4.775e-05,28800000
2026-03-08T08:00:00Z,ETHUSDT,-8.766e-05,28800000
2026-03-08T16:00:00Z,ETHUSDT,-7.522e-05,28800000
2026-03-09T00:00:00Z,ETHUSDT,-0.00022545,28800000
2026-03-09T08:00:00Z,ETHUSDT,2.557e-05,28800000
2026-03-09T16:00:00Z,ETHUSDT,5.482e-05,28800000
2026-03-10T00:00:00Z,ETHUSDT,4.253e-05,28800000
2026-03-10T08:00:00Z,ETHUSDT,5.082e-05,28800000
2026-03-10T16:00:00Z,ETHUSDT,2.672e-05,28800000
2026-03-11T00:00:00Z,ETHUSDT,-3.94e-06,28800000
2026-03-11T08:00:00Z,ETHUSDT,-7.4e-07,28800000
2026-03-11T16:00:00Z,ETHUSDT,2.992e-05,28800000
2026-03-12T00:00:00Z,ETHUSDT,9.02e-06,28800000
2026-03-12T08:00:00Z,ETHUSDT,-6.811e-05,28800000
2026-03-12T16:00:00Z,ETHUSDT,-1.513e-05,28800000
2026-03-13T00:00:00Z,ETHUSDT,2.264e-05,28800000
2026-03-13T08:00:00Z,ETHUSDT,-6.3e-07,28800000
2026-03-13T16:00:00Z,ETHUSDT,2.099e-05,28800000
2026-03-14T00:00:00Z,ETHUSDT,2.679e-05,28800000
2026-03-14T08:00:00Z,ETHUSDT,-2.367e-05,28800000
2026-03-14T16:00:00Z,ETHUSDT,-4.1e-05,28800000
2026-03-15T00:00:00Z,ETHUSDT,-4.662e-05,28800000
2026-03-15T08:00:00Z,ETHUSDT,1.371e-05,28800000
2026-03-15T16:00:00Z,ETHUSDT,3.459e-05,28800000
2026-03-16T00:00:00Z,ETHUSDT,7.611e-05,28800000
2026-03-16T08:00:00Z,ETHUSDT,0.0001,28800000
2026-03-16T16:00:00Z,ETHUSDT,7.073e-05,28800000
2026-03-17T00:00:00Z,ETHUSDT,5.155e-05,28800000
2026-03-17T08:00:00Z,ETHUSDT,1.964e-05,28800000
2026-03-17T16:00:00Z,ETHUSDT,-1.057e-05,28800000
2026-03-18T00:00:00Z,ETHUSDT,1.504e-05,28800000
2026-03-18T08:00:00Z,ETHUSDT,1.301e-05,28800000
2026-03-18T16:00:00Z,ETHUSDT,-1.399e-05,28800000
2026-03-19T00:00:00Z,ETHUSDT,-3.8e-06,28800000
2026-03-19T08:00:00Z,ETHUSDT,-8.71e-06,28800000
2026-03-19T16:00:00Z,ETHUSDT,6.6e-07,28800000
2026-03-20T00:00:00Z,ETHUSDT,-6.348e-05,28800000
2026-03-20T08:00:00Z,ETHUSDT,-5.947e-05,28800000
2026-03-20T16:00:00Z,ETHUSDT,-7.2e-07,28800000
2026-03-21T00:00:00Z,ETHUSDT,2.359e-05,28800000
2026-03-21T08:00:00Z,ETHUSDT,1.136e-05,28800000
2026-03-21T16:00:00Z,ETHUSDT,2.063e-05,28800000
2026-03-22T00:00:00Z,ETHUSDT,-1.052e-05,28800000
2026-03-22T08:00:00Z,ETHUSDT,1.14e-05,28800000
2026-03-22T16:00:00Z,ETHUSDT,-7.418e-05,28800000
2026-03-23T00:00:00Z,ETHUSDT,-5.929e-05,28800000
2026-03-23T08:00:00Z,ETHUSDT,-3.16e-06,28800000
2026-03-23T16:00:00Z,ETHUSDT,6.11e-05,28800000
2026-03-24T00:00:00Z,ETHUSDT,2.88e-05,28800000
2026-03-24T08:00:00Z,ETHUSDT,2.122e-05,28800000
2026-03-24T16:00:00Z,ETHUSDT,-2.682e-05,28800000
2026-03-25T00:00:00Z,ETHUSDT,3.54e-05,28800000
2026-03-25T08:00:00Z,ETHUSDT,-4.168e-05,28800000
2026-03-25T16:00:00Z,ETHUSDT,5.27e-06,28800000
2026-03-26T00:00:00Z,ETHUSDT,4.453e-05,28800000
2026-03-26T08:00:00Z,ETHUSDT,7.15e-06,28800000
2026-03-26T16:00:00Z,ETHUSDT,-8.212e-05,28800000
2026-03-27T00:00:00Z,ETHUSDT,-2.08e-06,28800000
2026-03-27T08:00:00Z,ETHUSDT,-5.164e-05,28800000
2026-03-27T16:00:00Z,ETHUSDT,-0.00018104,28800000
2026-03-28T00:00:00Z,ETHUSDT,-4.999e-05,28800000
2026-03-28T08:00:00Z,ETHUSDT,-8.079e-05,28800000
2026-03-28T16:00:00Z,ETHUSDT,4.5e-07,28800000
2026-03-29T00:00:00Z,ETHUSDT,-1.122e-05,28800000
2026-03-29T08:00:00Z,ETHUSDT,-3.677e-05,28800000
2026-03-29T16:00:00Z,ETHUSDT,-3.76e-05,28800000
2026-03-30T00:00:00Z,ETHUSDT,-2.586e-05,28800000
2026-03-30T08:00:00Z,ETHUSDT,1.177e-05,28800000
2026-03-30T16:00:00Z,ETHUSDT,4.113e-05,28800000
2026-03-31T00:00:00Z,ETHUSDT,2.57e-06,28800000
2026-03-31T08:00:00Z,ETHUSDT,1.748e-05,28800000
2026-03-31T16:00:00Z,ETHUSDT,-9.62e-06,28800000
2026-04-01T00:00:00Z,ETHUSDT,-2.57e-06,28800000
2026-04-01T08:00:00Z,ETHUSDT,4.782e-05,28800000
2026-04-01T16:00:00Z,ETHUSDT,4.428e-05,28800000
2026-04-02T00:00:00Z,ETHUSDT,-8.956e-05,28800000
2026-04-02T08:00:00Z,ETHUSDT,-0.00013372,28800000
2026-04-02T16:00:00Z,ETHUSDT,-7.283e-05,28800000
2026-04-03T00:00:00Z,ETHUSDT,-2.988e-05,28800000
2026-04-03T08:00:00Z,ETHUSDT,6.37e-06,28800000
2026-04-03T16:00:00Z,ETHUSDT,-9.58e-06,28800000
2026-04-04T00:00:00Z,ETHUSDT,-3e-07,28800000
2026-04-04T08:00:00Z,ETHUSDT,4.915e-05,28800000
2026-04-04T16:00:00Z,ETHUSDT,7.35e-06,28800000
2026-04-05T00:00:00Z,ETHUSDT,2.442e-05,28800000
2026-04-05T08:00:00Z,ETHUSDT,6.23e-06,28800000
2026-04-05T16:00:00Z,ETHUSDT,-4.34e-05,28800000
2026-04-06T00:00:00Z,ETHUSDT,2.356e-05,28800000
2026-04-06T08:00:00Z,ETHUSDT,6.201e-05,28800000
2026-04-06T16:00:00Z,ETHUSDT,2.033e-05,28800000
2026-04-07T00:00:00Z,ETHUSDT,-3.933e-05,28800000
2026-04-07T08:00:00Z,ETHUSDT,-2.975e-05,28800000
2026-04-07T16:00:00Z,ETHUSDT,1.031e-05,28800000
2026-04-08T00:00:00Z,ETHUSDT,0.0001,28800000
2026-04-08T08:00:00Z,ETHUSDT,5.834e-05,28800000
2026-04-08T16:00:00Z,ETHUSDT,6.711e-05,28800000
2026-04-09T00:00:00Z,ETHUSDT,3.32e-05,28800000
2026-04-09T08:00:00Z,ETHUSDT,-1.493e-05,28800000
2026-04-09T16:00:00Z,ETHUSDT,1.917e-05,28800000
2026-04-10T00:00:00Z,ETHUSDT,1.25e-05,28800000
2026-04-10T08:00:00Z,ETHUSDT,2.83e-06,28800000
2026-04-10T16:00:00Z,ETHUSDT,-4.48e-06,28800000
2026-04-11T00:00:00Z,ETHUSDT,-6.627e-05,28800000
2026-04-11T08:00:00Z,ETHUSDT,-7.635e-05,28800000
2026-04-11T16:00:00Z,ETHUSDT,-3.26e-05,28800000
2026-04-12T00:00:00Z,ETHUSDT,8.271e-05,28800000
2026-04-12T08:00:00Z,ETHUSDT,-3.576e-05,28800000
2026-04-12T16:00:00Z,ETHUSDT,-5.477e-05,28800000
2026-04-13T00:00:00Z,ETHUSDT,-9.86e-06,28800000
2026-04-13T08:00:00Z,ETHUSDT,3.028e-05,28800000
2026-04-13T16:00:00Z,ETHUSDT,3.014e-05,28800000
2026-04-14T00:00:00Z,ETHUSDT,0.0001,28800000
2026-04-14T08:00:00Z,ETHUSDT,0.0001,28800000
2026-04-14T16:00:00Z,ETHUSDT,3.49e-05,28800000
2026-04-15T00:00:00Z,ETHUSDT,1.802e-05,28800000
2026-04-15T08:00:00Z,ETHUSDT,1.648e-05,28800000
2026-04-15T16:00:00Z,ETHUSDT,2.61e-06,28800000
2026-04-16T00:00:00Z,ETHUSDT,-1.717e-05,28800000
2026-04-16T08:00:00Z,ETHUSDT,-5.141e-05,28800000
2026-04-16T16:00:00Z,ETHUSDT,-3.792e-05,28800000
2026-04-17T00:00:00Z,ETHUSDT,8.61e-06,28800000
2026-04-17T08:00:00Z,ETHUSDT,8.22e-06,28800000
2026-04-17T16:00:00Z,ETHUSDT,1.819e-05,28800000
2026-04-18T00:00:00Z,ETHUSDT,-2.327e-05,28800000
2026-04-18T08:00:00Z,ETHUSDT,-1.075e-05,28800000
2026-04-18T16:00:00Z,ETHUSDT,-0.00015064,28800000
2026-04-19T00:00:00Z,ETHUSDT,-0.00010377,28800000
2026-04-19T08:00:00Z,ETHUSDT,-0.00011438,28800000
2026-04-19T16:00:00Z,ETHUSDT,-0.00022976,28800000
2026-04-20T00:00:00Z,ETHUSDT,-9.27e-06,28800000
2026-04-20T08:00:00Z,ETHUSDT,-1.408e-05,28800000
2026-04-20T16:00:00Z,ETHUSDT,8.1e-06,28800000
2026-04-21T00:00:00Z,ETHUSDT,-4.382e-05,28800000
2026-04-21T08:00:00Z,ETHUSDT,-3.72e-05,28800000
2026-04-21T16:00:00Z,ETHUSDT,-3.676e-05,28800000
2026-04-22T00:00:00Z,ETHUSDT,-2.128e-05,28800000
2026-04-22T08:00:00Z,ETHUSDT,0.0001,28800000
2026-04-22T16:00:00Z,ETHUSDT,7.797e-05,28800000
2026-04-23T00:00:00Z,ETHUSDT,0.0001,28800000
2026-04-23T08:00:00Z,ETHUSDT,-1.984e-05,28800000
2026-04-23T16:00:00Z,ETHUSDT,-6.025e-05,28800000
2026-04-24T00:00:00Z,ETHUSDT,-3.645e-05,28800000
2026-04-24T08:00:00Z,ETHUSDT,-6.98e-05,28800000
2026-04-24T16:00:00Z,ETHUSDT,-0.00012145,28800000
2026-04-25T00:00:00Z,ETHUSDT,-4.387e-05,28800000
2026-04-25T08:00:00Z,ETHUSDT,-2.141e-05,28800000
2026-04-25T16:00:00Z,ETHUSDT,-4.431e-05,28800000
2026-04-26T00:00:00Z,ETHUSDT,-1.131e-05,28800000
2026-04-26T08:00:00Z,ETHUSDT,-1.931e-05,28800000
2026-04-26T16:00:00Z,ETHUSDT,-2.842e-05,28800000
2026-04-27T00:00:00Z,ETHUSDT,-6.636e-05,28800000
2026-04-27T08:00:00Z,ETHUSDT,-7.865e-05,28800000
2026-04-27T16:00:00Z,ETHUSDT,-7.593e-05,28800000
2026-04-28T00:00:00Z,ETHUSDT,-0.00016104,28800000
2026-04-28T08:00:00Z,ETHUSDT,-0.00011678,28800000
2026-04-28T16:00:00Z,ETHUSDT,2.5e-07,28800000
2026-04-29T00:00:00Z,ETHUSDT,2.842e-05,28800000
2026-04-29T08:00:00Z,ETHUSDT,4.666e-05,28800000
2026-04-29T16:00:00Z,ETHUSDT,4.782e-05,28800000
2026-04-30T00:00:00Z,ETHUSDT,-6.092e-05,28800000
2026-04-30T08:00:00Z,ETHUSDT,-4.636e-05,28800000
2026-04-30T16:00:00Z,ETHUSDT,-7.717e-05,28800000
